record_id,parent_record_id,composition_group_id,donor,domain,value_unit,source_granularity,value_form,separability,donor_path,donor_sha256,donor_symbol,transformation,mapping_topology,disposition,decision_rationale,target_capability,target_nodes,invariant,negative_invariant,test_node,operator_surface,migration_impact,license_note,risk_tier,dependency_record_ids,evidence_confidence,validation_status
HVC-GEOSITE-001,n/a,HVC-DOMAIN-ROUTING,luminet-baseline-d73453f,domain-routing,dynamic exact/suffix routing overrides,module,executable-behaviour,standalone,server/internal/proxy/geosite_routing_matcher.go,7c8facb577cdb4f61694809def5b9f6a6be9901d5f0c7f008e37a2f55dc64041,GeoSiteMatcher,extraction,one-to-one,reference-only,Dynamic exact/suffix override behavior remains valuable historical evidence but has no product consumer after routing convergence; preserve it outside active source rather than advertise a dormant runtime module.,domain routing overrides,labs/daemon/routing-alternates/domain_dynamic_matcher.go#DynamicMatcher,Blocked rules precede direct rules and exact/suffix matching remains case-insensitive.,The promotion must not replace or weaken the embedded domain-list router used by the live API.,labs/daemon/routing-alternates/domain_dynamic_matcher_test.go#TestDynamicMatcherPreservesHistoricalOverrideSemantics,governed non-product corpus,No persisted state or runtime authority migration; unused API singleton removed.,Repository source provenance retained in Git baseline; no external donor code introduced.,low,n/a,high,reviewed
HVC-GEOSITE-002,HVC-GEOSITE-001,HVC-DOMAIN-ROUTING,luminet-baseline-d73453f,domain-routing,orphan GeoSite API singleton,module,runtime-wiring,standalone,server/internal/api/handlers_warp_geosite.go,f4aa6d936457d754a76c53cb4fe7a2b3724ecfab5f596373c097819e9d9dda8a,globalGeoSiteMatcher,simplification,one-to-one,superseded,The singleton was constructed but never read; unique matcher behavior is owned and tested by networking/routing so retaining an unused process object adds no capability.,API routing state,src/apps/daemon/internal/adapters/api/handlers_warp_geosite.go#globalDomainRouter,The geosite-match endpoint continues to use the canonical embedded domain router exactly as before.,No dormant matcher instance may become an accidental second routing authority.,labs/daemon/routing-alternates/domain_dynamic_matcher_test.go#TestDynamicMatcherBlockedOverridesDirect,POST /api/system/geosite-match,Removes only unused in-memory allocation; no request semantics change.,Repository-native code.,low,HVC-GEOSITE-001,high,statically-validated
HVC-PROVIDER-001,n/a,HVC-PROVIDER-CANONICAL,luminet-baseline-d73453f,provider-classification,mutable CIDR payload extension index,primitive,executable-behaviour,standalone,server/internal/proxy/provider_corpus.go,0eb39eee5170f150c19f8ee6296d8a0d28019d29ab589f184b0e58f6e4a6f853,CorporateNetworkIndex;RadixNode,recomposition,many-to-one,superseded,Final deep-module audit proved the mutable provider radix compatibility surface has no production consumer. Retire it from active source; preserve provenance and retirement evidence rather than maintain a second provider-classification interface.,provider prefix lookup and compatibility extensions,governance/topology/deep-module-prune.json,Historical Insert and longest-prefix payload behavior remains available without creating a second built-in provider corpus authority.,Proxy must not own a second radix implementation or use the mutable index as authoritative provider classification.,governance/topology/deep-module-prune.json,internal provider library,Type aliases preserve source-level compatibility; no persisted state migration.,Repository-native code; source provenance remains in Git baseline.,medium,n/a,high,statically-validated
HVC-PROVIDER-002,HVC-PROVIDER-001,HVC-PROVIDER-CANONICAL,luminet-baseline-d73453f,provider-classification,scanner duplicate CIDR extension index,primitive,executable-behaviour,standalone,server/internal/scanner/network_index.go,c39578516d04578bcdc95671e20ad57692dca86cda4777d3540cae81212013d4,CorporateNetworkIndex;RadixNode,deduplication into canonical owner,many-to-one,superseded,Final deep-module audit proved the mutable provider radix compatibility surface has no production consumer. Retire it from active source; preserve provenance and retirement evidence rather than maintain a second provider-classification interface.,provider prefix lookup and scanner compatibility,governance/topology/deep-module-prune.json,Scanner callers retain the historical mutable extension type and canonical provider classification behavior.,Scanner must not recreate its own built-in provider trie or duplicate radix implementation.,governance/topology/deep-module-prune.json,historical scanner Go API,Type alias only; no persisted state or network behavior change.,Repository-native code.,medium,HVC-PROVIDER-001,high,statically-validated
HVC-PROVIDER-003,n/a,HVC-PROVIDER-CANONICAL,luminet-baseline-d73453f,provider-classification,provider observation payload and mapping,primitive,data-contract plus mapping,standalone,server/internal/proxy/provider_corpus.go,0eb39eee5170f150c19f8ee6296d8a0d28019d29ab589f184b0e58f6e4a6f853,ProviderObservation;ObserveProvider,recomposition,many-to-one,superseded,Proxy and scanner once duplicated an observation payload. Later zero-consumer proof retired that compatibility payload; internal/provider now exposes the live immutable corpus through Service.Lookup and Status only.,canonical provider lookup,src/apps/daemon/internal/analysis/provider/corpus.go#Service.Lookup;src/apps/daemon/internal/analysis/provider/corpus.go#Service.Status,The same active corpus deterministically maps an IP to the same provider Match and reports the same corpus identity/freshness metadata.,Compatibility packages must not recreate provider observation payloads or independent Match-to-observation mapping.,src/apps/daemon/internal/analysis/provider/corpus_test.go#TestServiceActivatesBuiltinAndReportsStaleMetadata,provider corpus lookup/status owner,Historical observation JSON/accessor compatibility retired after zero-consumer proof; live provider corpus routes use status and lookup.,Repository-native code.,medium,n/a,high,verified
HVC-PROVIDER-004,HVC-PROVIDER-003,HVC-PROVIDER-CANONICAL,luminet-baseline-d73453f,provider-classification,scanner provider observation duplicate,primitive,data-contract plus mapping,standalone,server/internal/scanner/network_index.go,c39578516d04578bcdc95671e20ad57692dca86cda4777d3540cae81212013d4,ProviderObservation;ObserveProviderForIP,deduplication into canonical owner,many-to-one,superseded,"Scanner duplicate observation mapping was first unified, then the shared observation compatibility payload itself became zero-consumer and was retired. Scanner/provider code now consumes the canonical corpus lookup directly where needed.",canonical provider lookup,src/apps/daemon/internal/analysis/provider/corpus.go#Service.Lookup,Provider classification comes from the canonical immutable corpus lookup; no scanner-local observation mapper exists.,Scanner must not independently reshape provider Match fields into a second compatibility payload.,src/apps/daemon/internal/analysis/provider/corpus_test.go#TestBuiltinCorpusIsValidAndLookupReady,historical scanner provider compatibility,Historical observation accessor surface retired after zero-consumer proof.,Repository-native code.,low,HVC-PROVIDER-003,high,verified
HVC-LAB-W20-ACME-CERT-MANAGER-68F3B2C1,n/a,HVC-LAB-20-wave20-acme-cert-manager,luminet-baseline-d73453f,daemon-labs,acme cert manager lab capability,standalone source unit,executable-behaviour/reference implementation,standalone,server/internal/proxy/acme_cert_manager.go,68f3b2c14043fc384feca0dd33955ac068918ecfb3f2014439ce7e2c98beb7e0,AcmeCertManager;AcmeCertManager.AcmeTLSConfig;AcmeCertManager.GetCertificate;AcmeCertManager.PreflightValidate;AcmeCertManager.Renew;AcmeCertManager.Stop;AcmeCertManager.WithOnDemand;ChallengeStore;ChallengeStore.GetChallengeCert;ChallengeStore.Install;ChallengeStore.Remove;NewAcmeCertManager;NewChallengeStore;NewStealthHandler;PerDomainTLSConfig;StealthHandler;StealthHandler.IsSecret;StealthHandler.ServeHTTP,promotion to governed lab,one-to-one,reference-only,"The source carries distinct dormant implementation value but has no live production consumer. Preserve it as an intentional, catalogued lab capability without granting runtime authority; later promotion must extract only target-native value behind a canonical owner.",daemon lab capability corpus,labs/daemon/proxy/acme_cert_manager.go,The lab source remains byte-identical to its baseline object and traceable by SHA-256.,Live daemon internal packages must not import lab code directly or treat lab presence as production readiness.,n/a,labs/daemon/CAPABILITIES.csv,Path-only promotion from experiments to labs; no live runtime dependency or persisted state change.,Repository-native baseline source; no new external donor bytes introduced.,medium,n/a,high,statically-validated
HVC-LAB-W20-AD-TIER-PROXY-32AC7C19,n/a,HVC-LAB-20-wave20-ad-tier-proxy,luminet-baseline-d73453f,daemon-labs,ad tier proxy lab capability,standalone source unit,executable-behaviour/reference implementation,standalone,server/internal/proxy/ad_tier_proxy.go,32ac7c190737f2597b462bdc4eb4f4f3f85754307311892985e0d76a47a029c5,AdTierProxy;AdTierProxy.Knock;NewAdTierProxy,promotion to governed lab,one-to-one,reference-only,"The source carries distinct dormant implementation value but has no live production consumer. Preserve it as an intentional, catalogued lab capability without granting runtime authority; later promotion must extract only target-native value behind a canonical owner.",daemon lab capability corpus,labs/daemon/proxy/ad_tier_proxy.go,The lab source remains byte-identical to its baseline object and traceable by SHA-256.,Live daemon internal packages must not import lab code directly or treat lab presence as production readiness.,n/a,labs/daemon/CAPABILITIES.csv,Path-only promotion from experiments to labs; no live runtime dependency or persisted state change.,Repository-native baseline source; no new external donor bytes introduced.,medium,n/a,high,statically-validated
HVC-LAB-W20-AMNEZIA-CONFIG-6BC816C0,n/a,HVC-LAB-20-wave20-amnezia-config,luminet-baseline-d73453f,daemon-labs,amnezia config lab capability,standalone source unit,executable-behaviour/reference implementation,standalone,server/internal/proxy/amnezia_config.go,6bc816c0524a35b93c51ead0c1b14b3e662a2b3005d1abf65d88d3f1a22fa379,AmneziaConfig;AmneziaConfig.Generate;NewAmneziaConfig,promotion to governed lab,one-to-one,reference-only,"The source carries distinct dormant implementation value but has no live production consumer. Preserve it as an intentional, catalogued lab capability without granting runtime authority; later promotion must extract only target-native value behind a canonical owner.",daemon lab capability corpus,labs/daemon/proxy/amnezia_config.go,The lab source remains byte-identical to its baseline object and traceable by SHA-256.,Live daemon internal packages must not import lab code directly or treat lab presence as production readiness.,n/a,labs/daemon/CAPABILITIES.csv,Path-only promotion from experiments to labs; no live runtime dependency or persisted state change.,Repository-native baseline source; no new external donor bytes introduced.,medium,n/a,high,statically-validated
HVC-LAB-W20-ANDROID-PROXY-CLIENT-F709727A,n/a,HVC-LAB-20-wave20-android-proxy-client,luminet-baseline-d73453f,daemon-labs,android proxy client lab capability,standalone source unit,executable-behaviour/reference implementation,standalone,server/internal/proxy/android_proxy_client.go,f709727aed92f64850a88e29e896fb76f9116a7983de6ac726767f36129e7fce,NewV2RayNGPanel;V2RayNGPanel;V2RayNGPanel.GenerateConfig;V2RayNGPanel.OrchestrateFHSInstall;V2RayNGPanel.ProvisionTLS,promotion to governed lab,one-to-one,reference-only,"The source carries distinct dormant implementation value but has no live production consumer. Preserve it as an intentional, catalogued lab capability without granting runtime authority; later promotion must extract only target-native value behind a canonical owner.",daemon lab capability corpus,labs/daemon/proxy/android_proxy_client.go,The lab source remains byte-identical to its baseline object and traceable by SHA-256.,Live daemon internal packages must not import lab code directly or treat lab presence as production readiness.,n/a,labs/daemon/CAPABILITIES.csv,Path-only promotion from experiments to labs; no live runtime dependency or persisted state change.,Repository-native baseline source; no new external donor bytes introduced.,medium,n/a,high,statically-validated
HVC-LAB-W20-AST-6AC2D94A,n/a,HVC-LAB-20-wave20-ast,luminet-baseline-d73453f,daemon-labs,ast lab capability,standalone source unit,executable-behaviour/reference implementation,standalone,server/internal/proxy/ast.go,6ac2d94ab5f7927d3ea474ec598ecb1f10875105150a486a22d63fb5dd3a49e7,Action;Action.String;ActionBlock;ActionDirect;ActionProxy;CIDRMatcher;CIDRMatcher.Match;CIDRMatcher.String;DomainGlobMatcher;DomainGlobMatcher.Match;DomainGlobMatcher.String;Endpoint;Matcher;ParseRuleSet;PortRangeMatcher;PortRangeMatcher.Match;PortRangeMatcher.String;Rule;Rule.Evaluate;RuleSet;RuleSet.Decide;TagMatcher;TagMatcher.Match;TagMatcher.String,promotion to governed lab,one-to-one,reference-only,"The source carries distinct dormant implementation value but has no live production consumer. Preserve it as an intentional, catalogued lab capability without granting runtime authority; later promotion must extract only target-native value behind a canonical owner.",daemon lab capability corpus,labs/daemon/proxy/ast.go,The lab source remains byte-identical to its baseline object and traceable by SHA-256.,Live daemon internal packages must not import lab code directly or treat lab presence as production readiness.,n/a,labs/daemon/CAPABILITIES.csv,Path-only promotion from experiments to labs; no live runtime dependency or persisted state change.,Repository-native baseline source; no new external donor bytes introduced.,medium,n/a,high,statically-validated
HVC-LAB-W20-AUTOWORKER-60A2372B,n/a,HVC-LAB-20-wave20-autoworker,luminet-baseline-d73453f,daemon-labs,autoworker lab capability,standalone source unit,executable-behaviour/reference implementation,standalone,server/internal/proxy/autoworker.go,60a2372bcfaf32103300b4a377d94933899ee6168c6ab1fc585bcc1285cb2907,AutoWorker;AutoWorker.AddBinding;AutoWorker.AddKVNamespace;AutoWorker.AddRoute;AutoWorker.ClearBindings;AutoWorker.ClearKVNamespaces;AutoWorker.ClearRoutes;AutoWorker.DeployRelease;AutoWorker.GetAccountID;AutoWorker.GetAnalyticsEngineBindings;AutoWorker.GetBinding;AutoWorker.GetBindings;AutoWorker.GetBindingsCount;AutoWorker.GetCompatibilityDate;AutoWorker.GetCompatibilityFlags;AutoWorker.GetD1Bindings;AutoWorker.GetDispatchNamespace;AutoWorker.GetDryRun;AutoWorker.GetEnvironment;AutoWorker.GetKVNamespaces;AutoWorker.GetKVNamespacesCount;AutoWorker.GetLogLevel;AutoWorker.GetMaxRetries;AutoWorker.GetOAuthToken;AutoWorker.GetPlacementMode;AutoWorker.GetR2Bindings;AutoWorker.GetRoutes;AutoWorker.GetRoutesCount;AutoWorker.GetScriptPath;AutoWorker.GetSendLogs;AutoWorker.GetServiceBindings;AutoWorker.GetSubdomain;AutoWorker.GetUsageModel;AutoWorker.GetVersion;AutoWorker.GetWorkerName;AutoWorker.GetZoneID;AutoWorker.RemoveBinding;AutoWorker.RemoveKVNamespace;AutoWorker.RemoveRoute;AutoWorker.SetAccountID;AutoWorker.SetAnalyticsEngineBindings;AutoWorker.SetBindings;AutoWorker.SetCompatibilityDate;AutoWorker.SetCompatibilityFlags;AutoWorker.SetD1Bindings;AutoWorker.SetDispatchNamespace;AutoWorker.SetDryRun;AutoWorker.SetEnvironment;AutoWorker.SetKVNamespaces;AutoWorker.SetLogLevel;AutoWorker.SetMaxRetries;AutoWorker.SetOAuthToken;AutoWorker.SetPlacementMode;AutoWorker.SetR2Bindings;AutoWorker.SetRoutes;AutoWorker.SetScriptPath;AutoWorker.SetSendLogs;AutoWorker.SetServiceBindings;AutoWorker.SetSubdomain;AutoWorker.SetUsageModel;AutoWorker.SetVersion;AutoWorker.SetWorkerName;AutoWorker.SetZoneID;NewAutoWorker,promotion to governed lab,one-to-one,reference-only,"The source carries distinct dormant implementation value but has no live production consumer. Preserve it as an intentional, catalogued lab capability without granting runtime authority; later promotion must extract only target-native value behind a canonical owner.",daemon lab capability corpus,labs/daemon/proxy/autoworker.go,The lab source remains byte-identical to its baseline object and traceable by SHA-256.,Live daemon internal packages must not import lab code directly or treat lab presence as production readiness.,n/a,labs/daemon/CAPABILITIES.csv,Path-only promotion from experiments to labs; no live runtime dependency or persisted state change.,Repository-native baseline source; no new external donor bytes introduced.,medium,n/a,high,statically-validated
HVC-LAB-W20-AWESOME-FALLBACK-75702ACB,n/a,HVC-LAB-20-wave20-awesome-fallback,luminet-baseline-d73453f,daemon-labs,awesome fallback lab capability,standalone source unit,executable-behaviour/reference implementation,standalone,server/internal/proxy/awesome_fallback.go,75702acb006febc6a5ab48915ef768e95903ceb35670a432c29e144bf6957eb0,AwesomeFallbackConfig;AwesomeFallbackConfig.GetFallback;DefaultAwesomeFallback,promotion to governed lab,one-to-one,reference-only,"The source carries distinct dormant implementation value but has no live production consumer. Preserve it as an intentional, catalogued lab capability without granting runtime authority; later promotion must extract only target-native value behind a canonical owner.",daemon lab capability corpus,labs/daemon/proxy/awesome_fallback.go,The lab source remains byte-identical to its baseline object and traceable by SHA-256.,Live daemon internal packages must not import lab code directly or treat lab presence as production readiness.,n/a,labs/daemon/CAPABILITIES.csv,Path-only promotion from experiments to labs; no live runtime dependency or persisted state change.,Repository-native baseline source; no new external donor bytes introduced.,medium,n/a,high,statically-validated
HVC-LAB-W20-BILLING-MONITOR-EB58240F,n/a,HVC-LAB-20-wave20-billing-monitor,luminet-baseline-d73453f,daemon-labs,billing monitor lab capability,standalone source unit,executable-behaviour/reference implementation,standalone,server/internal/proxy/billing_monitor.go,eb58240fd1a2e6005b74e6db20ddf9e29b1c408b6200dc97a77f4b8a8ea3b048,BillingMonitor;BillingMonitor.AddDownstream;BillingMonitor.AddUpstream;BillingMonitor.Alert;BillingMonitor.Check;BillingMonitor.Reset;BillingMonitor.Snapshot;NewBillingMonitor,promotion to governed lab,one-to-one,reference-only,"The source carries distinct dormant implementation value but has no live production consumer. Preserve it as an intentional, catalogued lab capability without granting runtime authority; later promotion must extract only target-native value behind a canonical owner.",daemon lab capability corpus,labs/daemon/proxy/billing_monitor.go,The lab source remains byte-identical to its baseline object and traceable by SHA-256.,Live daemon internal packages must not import lab code directly or treat lab presence as production readiness.,n/a,labs/daemon/CAPABILITIES.csv,Path-only promotion from experiments to labs; no live runtime dependency or persisted state change.,Repository-native baseline source; no new external donor bytes introduced.,medium,n/a,high,statically-validated
HVC-LAB-W20-BILLING-PANEL-ADAPTER-BC13E131,n/a,HVC-LAB-20-wave20-billing-panel-adapter,luminet-baseline-d73453f,daemon-labs,billing panel adapter lab capability,standalone source unit,executable-behaviour/reference implementation,standalone,server/internal/proxy/billing_panel_adapter.go,bc13e131e4f34b06930e2e7076f1afc36c568b76bf2c61b2645975347ac2fa48,NewV2Board;V2Board;V2Board.ManageSubscriptions,promotion to governed lab,one-to-one,reference-only,"The source carries distinct dormant implementation value but has no live production consumer. Preserve it as an intentional, catalogued lab capability without granting runtime authority; later promotion must extract only target-native value behind a canonical owner.",daemon lab capability corpus,labs/daemon/proxy/billing_panel_adapter.go,The lab source remains byte-identical to its baseline object and traceable by SHA-256.,Live daemon internal packages must not import lab code directly or treat lab presence as production readiness.,n/a,labs/daemon/CAPABILITIES.csv,Path-only promotion from experiments to labs; no live runtime dependency or persisted state change.,Repository-native baseline source; no new external donor bytes introduced.,medium,n/a,high,statically-validated
HVC-LAB-W20-BPB-PANEL-674A22B9,n/a,HVC-LAB-20-wave20-bpb-panel,luminet-baseline-d73453f,daemon-labs,bpb panel lab capability,standalone source unit,executable-behaviour/reference implementation,standalone,server/internal/proxy/bpb_panel.go,674a22b944b276d48dd170241a15e60b8596dddaebcfeed7def3e433c7772688,BPBPanel;BPBPanel.AddDNSServer;BPBPanel.AddIPAddress;BPBPanel.AddProxyConfig;BPBPanel.AuthenticateJWT;BPBPanel.BuildSubscriptionProfile;BPBPanel.CheckTrafficUsage;BPBPanel.ClearDNSServers;BPBPanel.ClearIPAddresses;BPBPanel.ClearProxyConfigs;BPBPanel.ExportConfigJSON;BPBPanel.GenerateHttpLink;BPBPanel.GenerateHysteriaLink;BPBPanel.GenerateJWTToken;BPBPanel.GenerateSSLink;BPBPanel.GenerateSocksLink;BPBPanel.GenerateSubscriptionHeaders;BPBPanel.GenerateTrojanLink;BPBPanel.GenerateTuicLink;BPBPanel.GenerateVLESSLink;BPBPanel.GenerateWarpLink;BPBPanel.GenerateWireguardLink;BPBPanel.GetActiveIPsCount;BPBPanel.GetAllowLANConnection;BPBPanel.GetAntiSanctionDNS;BPBPanel.GetBestVLTRInterval;BPBPanel.GetBypassChina;BPBPanel.GetBypassIran;BPBPanel.GetBypassRussia;BPBPanel.GetCleanIPs;BPBPanel.GetCustomCdnAddrs;BPBPanel.GetCustomCdnHost;BPBPanel.GetCustomCdnSni;BPBPanel.GetDNSServers;BPBPanel.GetDomain;BPBPanel.GetEchServerName;BPBPanel.GetEnableECH;BPBPanel.GetEnableIPv6;BPBPanel.GetEnableTFO;BPBPanel.GetFakeDNS;BPBPanel.GetFingerprint;BPBPanel.GetFragmentIntervalMax;BPBPanel.GetFragmentIntervalMin;BPBPanel.GetFragmentLengthMax;BPBPanel.GetFragmentLengthMin;BPBPanel.GetFragmentMaxSplitMax;BPBPanel.GetFragmentMaxSplitMin;BPBPanel.GetFragmentMode;BPBPanel.GetFragmentPackets;BPBPanel.GetIPAddresses;BPBPanel.GetLocalDNS;BPBPanel.GetLogLevel;BPBPanel.GetOutProxy;BPBPanel.GetPorts;BPBPanel.GetPrefixes;BPBPanel.GetProxyConfig;BPBPanel.GetProxyConfigKeys;BPBPanel.GetProxyConfigsCount;BPBPanel.GetProxyIPMode;BPBPanel.GetProxyIPs;BPBPanel.GetProxySettings;BPBPanel.GetRemoteDNS;BPBPanel.GetRemoteDnsHost;BPBPanel.GetSubscribersCount;BPBPanel.GetTRConfigs;BPBPanel.GetTrafficLimit;BPBPanel.GetTrojanConfigTemplate;BPBPanel.GetUUID;BPBPanel.GetUpstreamProxy;BPBPanel.GetVLConfigs;BPBPanel.GetVLESSConfigTemplate;BPBPanel.GetVersion;BPBPanel.GetWarpConfigTemplate;BPBPanel.HasProxyConfigKey;BPBPanel.ImportConfigJSON;BPBPanel.IncrementSubscribers;BPBPanel.IsDNSServerRegistered;BPBPanel.IsIPRegistered;BPBPanel.RemoveDNSServer;BPBPanel.RemoveIPAddress;BPBPanel.RemoveProxyConfig;BPBPanel.ResetBPBPanelPreset;BPBPanel.ResetPassword;BPBPanel.ResetSubscribers;BPBPanel.SetAllowLANConnection;BPBPanel.SetAntiSanctionDNS;BPBPanel.SetBestVLTRInterval;BPBPanel.SetBypassChina;BPBPanel.SetBypassIran;BPBPanel.SetBypassRussia;BPBPanel.SetCleanIPs;BPBPanel.SetCustomCdnAddrs;BPBPanel.SetCustomCdnHost;BPBPanel.SetCustomCdnSni;BPBPanel.SetDefaultDNSServers;BPBPanel.SetDomain;BPBPanel.SetEchServerName;BPBPanel.SetEnableECH;BPBPanel.SetEnableIPv6;BPBPanel.SetEnableTFO;BPBPanel.SetFakeDNS;BPBPanel.SetFingerprint;BPBPanel.SetFragmentIntervalMax;BPBPanel.SetFragmentIntervalMin;BPBPanel.SetFragmentLengthMax;BPBPanel.SetFragmentLengthMin;BPBPanel.SetFragmentMaxSplitMax;BPBPanel.SetFragmentMaxSplitMin;BPBPanel.SetFragmentMode;BPBPanel.SetFragmentPackets;BPBPanel.SetLocalDNS;BPBPanel.SetLogLevel;BPBPanel.SetOutProxy;BPBPanel.SetPorts;BPBPanel.SetPrefixes;BPBPanel.SetProxyIPMode;BPBPanel.SetProxyIPs;BPBPanel.SetRemoteDNS;BPBPanel.SetRemoteDnsHost;BPBPanel.SetTRConfigs;BPBPanel.SetTrafficLimit;BPBPanel.SetTrojanConfigTemplate;BPBPanel.SetUUID;BPBPanel.SetUpstreamProxy;BPBPanel.SetVLConfigs;BPBPanel.SetVLESSConfigTemplate;BPBPanel.SetVersion;BPBPanel.SetWarpConfigTemplate;BPBPanel.UpdateProxySettings;BPBPanel.ValidateDomain;BPBPanel.ValidateUUID;BPBPanel.VerifyBPBPanelPreset;BPBProxySettings;NewBPBPanel,promotion to governed lab,one-to-one,reference-only,"The source carries distinct dormant implementation value but has no live production consumer. Preserve it as an intentional, catalogued lab capability without granting runtime authority; later promotion must extract only target-native value behind a canonical owner.",daemon lab capability corpus,labs/daemon/proxy/bpb_panel.go,The lab source remains byte-identical to its baseline object and traceable by SHA-256.,Live daemon internal packages must not import lab code directly or treat lab presence as production readiness.,n/a,labs/daemon/CAPABILITIES.csv,Path-only promotion from experiments to labs; no live runtime dependency or persisted state change.,Repository-native baseline source; no new external donor bytes introduced.,medium,n/a,high,statically-validated
HVC-LAB-W20-BRUTAL-CC-D1BE7406,n/a,HVC-LAB-20-wave20-brutal-cc,luminet-baseline-d73453f,daemon-labs,brutal cc lab capability,standalone source unit,executable-behaviour/reference implementation,standalone,server/internal/proxy/brutal_cc.go,d1be7406b3ae5fc0f24238adb52dbd45eac90fa11ab04da68166059a3ebd5b97,BrutalCC;BrutalCC.CongestionWindow;BrutalCC.EffectiveSendRate;BrutalCC.OnAck;BrutalCC.OnAckLoss;BrutalCC.OnLoss;BrutalCC.SetRTT;BrutalPacer;BrutalPacer.OnPacketSent;BrutalPacer.TimeUntilSend;NewBrutalCC;NewBrutalPacer,promotion to governed lab,one-to-one,reference-only,"The source carries distinct dormant implementation value but has no live production consumer. Preserve it as an intentional, catalogued lab capability without granting runtime authority; later promotion must extract only target-native value behind a canonical owner.",daemon lab capability corpus,labs/daemon/proxy/brutal_cc.go,The lab source remains byte-identical to its baseline object and traceable by SHA-256.,Live daemon internal packages must not import lab code directly or treat lab presence as production readiness.,n/a,labs/daemon/CAPABILITIES.csv,Path-only promotion from experiments to labs; no live runtime dependency or persisted state change.,Repository-native baseline source; no new external donor bytes introduced.,medium,n/a,high,statically-validated
HVC-LAB-W20-CANDY-CONNECT-71150A94,n/a,HVC-LAB-20-wave20-candy-connect,luminet-baseline-d73453f,daemon-labs,candy connect lab capability,standalone source unit,executable-behaviour/reference implementation,standalone,server/internal/proxy/candy_connect.go,71150a9406c11168657427fa09eb1b537e1cdb18d071711abf67ea5e477c8198,CandyConfigBuilder;CandyConfigBuilder.BuildModeTunSocks;CandyConfigBuilder.BuildModeWireguardProxy;CandyConfigBuilder.BuildModeWireguardTunFull;NewCandyConfigBuilder,promotion to governed lab,one-to-one,reference-only,"The source carries distinct dormant implementation value but has no live production consumer. Preserve it as an intentional, catalogued lab capability without granting runtime authority; later promotion must extract only target-native value behind a canonical owner.",daemon lab capability corpus,labs/daemon/proxy/candy_connect.go,The lab source remains byte-identical to its baseline object and traceable by SHA-256.,Live daemon internal packages must not import lab code directly or treat lab presence as production readiness.,n/a,labs/daemon/CAPABILITIES.csv,Path-only promotion from experiments to labs; no live runtime dependency or persisted state change.,Repository-native baseline source; no new external donor bytes introduced.,medium,n/a,high,statically-validated
HVC-LAB-W20-CANDY-SERVER-9FF892FC,n/a,HVC-LAB-20-wave20-candy-server,luminet-baseline-d73453f,daemon-labs,candy server lab capability,standalone source unit,executable-behaviour/reference implementation,standalone,server/internal/proxy/candy_server.go,9ff892fcc7d12cb7cffb33924f24841fd1a2a4932a9d35d6466047631080bc60,CandyServer;CandyServer.Connect;CandyServer.GenerateDNSTTKeys;CandyServer.StartDNSTT;CandyServer.StopDNSTT;NewCandyServer,promotion to governed lab,one-to-one,reference-only,"The source carries distinct dormant implementation value but has no live production consumer. Preserve it as an intentional, catalogued lab capability without granting runtime authority; later promotion must extract only target-native value behind a canonical owner.",daemon lab capability corpus,labs/daemon/proxy/candy_server.go,The lab source remains byte-identical to its baseline object and traceable by SHA-256.,Live daemon internal packages must not import lab code directly or treat lab presence as production readiness.,n/a,labs/daemon/CAPABILITIES.csv,Path-only promotion from experiments to labs; no live runtime dependency or persisted state change.,Repository-native baseline source; no new external donor bytes introduced.,medium,n/a,high,statically-validated
HVC-LAB-W20-CENSORSHIP-API-A251D817,n/a,HVC-LAB-20-wave20-censorship-api,luminet-baseline-d73453f,daemon-labs,censorship api lab capability,standalone source unit,executable-behaviour/reference implementation,standalone,server/internal/proxy/censorship_api.go,a251d8178a51ada0367839348ad66bdbff395ffbefafd82bf0f7e7f3312111ee,CensorshipAPI;CensorshipAPI.GetCensoredDomainsHandler;CensorshipAPI.GetPacFileHandler;CensorshipAPI.ReportBlockHandler;NewCensorshipAPI,promotion to governed lab,one-to-one,reference-only,"The source carries distinct dormant implementation value but has no live production consumer. Preserve it as an intentional, catalogued lab capability without granting runtime authority; later promotion must extract only target-native value behind a canonical owner.",daemon lab capability corpus,labs/daemon/proxy/censorship_api.go,The lab source remains byte-identical to its baseline object and traceable by SHA-256.,Live daemon internal packages must not import lab code directly or treat lab presence as production readiness.,labs/daemon/proxy/censorship_api_test.go,labs/daemon/CAPABILITIES.csv,Path-only promotion from experiments to labs; no live runtime dependency or persisted state change.,Repository-native baseline source; no new external donor bytes introduced.,medium,n/a,high,statically-validated
HVC-LAB-W20-CF-BYPASS-44F0B978,n/a,HVC-LAB-20-wave20-cf-bypass,luminet-baseline-d73453f,daemon-labs,cf bypass lab capability,standalone source unit,executable-behaviour/reference implementation,standalone,server/internal/proxy/cf_bypass.go,44f0b978b89ebeb4e501f7af237cf1192f5606d029230532b7de1b443e3f242d,CFBypass;CFBypass.AddBypassCookie;CFBypass.AddCacheBuster;CFBypass.Bypass;CFBypass.CheckBypassAuth;CFBypass.ConfigureALPN;CFBypass.GenerateRandomUserAgent;CFBypass.GetPresharedKey;CFBypass.GetUserAgent;CFBypass.InjectAJ3Signature;CFBypass.IsCloudflareBlocked;CFBypass.RemoveTrackingHeaders;CFBypass.SetPresharedKey;CFBypass.SetUserAgent;CFBypass.WrapRequest;CFBypass.WrapResponse;NewCFBypass,promotion to governed lab,one-to-one,reference-only,"The source carries distinct dormant implementation value but has no live production consumer. Preserve it as an intentional, catalogued lab capability without granting runtime authority; later promotion must extract only target-native value behind a canonical owner.",daemon lab capability corpus,labs/daemon/proxy/cf_bypass.go,The lab source remains byte-identical to its baseline object and traceable by SHA-256.,Live daemon internal packages must not import lab code directly or treat lab presence as production readiness.,n/a,labs/daemon/CAPABILITIES.csv,Path-only promotion from experiments to labs; no live runtime dependency or persisted state change.,Repository-native baseline source; no new external donor bytes introduced.,medium,n/a,high,statically-validated
HVC-LAB-W20-CF-VLESS-SOCKET-BBD62DDA,n/a,HVC-LAB-20-wave20-cf-vless-socket,luminet-baseline-d73453f,daemon-labs,cf vless socket lab capability,standalone source unit,executable-behaviour/reference implementation,standalone,server/internal/proxy/cf_vless_socket.go,bbd62ddac95ff92ca4a54ec6e181c4ebb0b7b4ad6e7c9405ef079f72875bda15,CFVLESSSocket;CFVLESSSocket.AddScannedResult;CFVLESSSocket.BenchmarkIPAddress;CFVLESSSocket.BridgeSockets;CFVLESSSocket.ClearScannedResults;CFVLESSSocket.CloseSockets;CFVLESSSocket.ExportScannedResultsJSON;CFVLESSSocket.GetScannedResults;CFVLESSSocket.GetTimeout;CFVLESSSocket.ImportScannedResultsJSON;CFVLESSSocket.RemoveFailedResults;CFVLESSSocket.ResolveHostAddress;CFVLESSSocket.ScanCleanIPs;CFVLESSSocket.SetConcurrencyLimit;CFVLESSSocket.SetTimeout;CFVLESSSocket.SortScannedResults;IPTestResult;NewCFVLESSSocket,promotion to governed lab,one-to-one,reference-only,"The source carries distinct dormant implementation value but has no live production consumer. Preserve it as an intentional, catalogued lab capability without granting runtime authority; later promotion must extract only target-native value behind a canonical owner.",daemon lab capability corpus,labs/daemon/proxy/cf_vless_socket.go,The lab source remains byte-identical to its baseline object and traceable by SHA-256.,Live daemon internal packages must not import lab code directly or treat lab presence as production readiness.,n/a,labs/daemon/CAPABILITIES.csv,Path-only promotion from experiments to labs; no live runtime dependency or persisted state change.,Repository-native baseline source; no new external donor bytes introduced.,medium,n/a,high,statically-validated
HVC-LAB-W20-CF-WORKER-DIR-DFA4D604,n/a,HVC-LAB-20-wave20-cf-worker-dir,luminet-baseline-d73453f,daemon-labs,cf worker dir lab capability,standalone source unit,executable-behaviour/reference implementation,standalone,server/internal/proxy/cf_worker_dir.go,dfa4d604ba0bb3f99f7c882a3af2c4162cecd64a7af363f3b78312a54745e8c0,BookmarkItem;BookmarkItem.GetDesc;BookmarkItem.GetName;BookmarkItem.GetURL;BookmarkItem.SetDesc;BookmarkItem.SetName;BookmarkItem.SetURL;CFWorkerDir;CFWorkerDir.AddAllowedDomain;CFWorkerDir.AddBlockedIP;CFWorkerDir.AddBookmark;CFWorkerDir.AddSearchEngine;CFWorkerDir.ClearAllowedDomains;CFWorkerDir.ClearBlockedIPs;CFWorkerDir.ClearBookmarks;CFWorkerDir.ClearSearchEngines;CFWorkerDir.GetAllowedDomains;CFWorkerDir.GetAllowedDomainsCount;CFWorkerDir.GetBlockedIPs;CFWorkerDir.GetBlockedIPsCount;CFWorkerDir.GetBookmarksCount;CFWorkerDir.GetCategories;CFWorkerDir.GetContactEmail;CFWorkerDir.GetHitokotoEnabled;CFWorkerDir.GetLogLevel;CFWorkerDir.GetLogoIcon;CFWorkerDir.GetSearchEnabled;CFWorkerDir.GetSearchEngines;CFWorkerDir.GetSearchEnginesCount;CFWorkerDir.GetSellDomain;CFWorkerDir.GetSellPrice;CFWorkerDir.GetSellingAds;CFWorkerDir.GetSubtitle;CFWorkerDir.GetTitle;CFWorkerDir.GetVersion;CFWorkerDir.RemoveAllowedDomain;CFWorkerDir.RemoveBlockedIP;CFWorkerDir.RemoveBookmark;CFWorkerDir.RemoveSearchEngine;CFWorkerDir.RenderHTML;CFWorkerDir.SetAllowedDomains;CFWorkerDir.SetBlockedIPs;CFWorkerDir.SetCategories;CFWorkerDir.SetContactEmail;CFWorkerDir.SetHitokotoEnabled;CFWorkerDir.SetLogLevel;CFWorkerDir.SetLogoIcon;CFWorkerDir.SetSearchEnabled;CFWorkerDir.SetSearchEngines;CFWorkerDir.SetSellDomain;CFWorkerDir.SetSellPrice;CFWorkerDir.SetSellingAds;CFWorkerDir.SetSubtitle;CFWorkerDir.SetTitle;CFWorkerDir.SetVersion;NewCFWorkerDir;SearchEngine;SearchEngine.GetName;SearchEngine.GetTemplate;SearchEngine.SetName;SearchEngine.SetTemplate,promotion to governed lab,one-to-one,reference-only,"The source carries distinct dormant implementation value but has no live production consumer. Preserve it as an intentional, catalogued lab capability without granting runtime authority; later promotion must extract only target-native value behind a canonical owner.",daemon lab capability corpus,labs/daemon/proxy/cf_worker_dir.go,The lab source remains byte-identical to its baseline object and traceable by SHA-256.,Live daemon internal packages must not import lab code directly or treat lab presence as production readiness.,n/a,labs/daemon/CAPABILITIES.csv,Path-only promotion from experiments to labs; no live runtime dependency or persisted state change.,Repository-native baseline source; no new external donor bytes introduced.,medium,n/a,high,statically-validated
HVC-LAB-W20-CF-WORKER-GATEWAY-B453DB33,n/a,HVC-LAB-20-wave20-cf-worker-gateway,luminet-baseline-d73453f,daemon-labs,cf worker gateway lab capability,standalone source unit,executable-behaviour/reference implementation,standalone,server/internal/proxy/cf_worker_gateway.go,b453db3378dd1c89ac8cd9230a71bed564a0f066918fdd041eaf57f5bae894e4,CFWorkerGateway;CFWorkerGateway.AddAllowedCountry;CFWorkerGateway.AddAllowedIP;CFWorkerGateway.AddBlockedAgent;CFWorkerGateway.AddBlockedIP;CFWorkerGateway.AddBypassDomain;CFWorkerGateway.AddLog;CFWorkerGateway.CheckBlockedIP;CFWorkerGateway.ClearAllowedIPs;CFWorkerGateway.ClearBypassDomains;CFWorkerGateway.ClearCache;CFWorkerGateway.ClearLogs;CFWorkerGateway.DecrementActiveConnections;CFWorkerGateway.ExportConfigJSON;CFWorkerGateway.GetActiveConnections;CFWorkerGateway.GetAllowedCountries;CFWorkerGateway.GetAllowedIPs;CFWorkerGateway.GetBlockedAgents;CFWorkerGateway.GetBlockedIPs;CFWorkerGateway.GetBypassDomains;CFWorkerGateway.GetCacheSize;CFWorkerGateway.GetDebugMode;CFWorkerGateway.GetGatewayVersion;CFWorkerGateway.GetHTTPClientTimeout;CFWorkerGateway.GetLogLevel;CFWorkerGateway.GetLogs;CFWorkerGateway.GetMaxConnections;CFWorkerGateway.GetNginxWelcomePage;CFWorkerGateway.GetOriginHostname;CFWorkerGateway.GetPathRegex;CFWorkerGateway.GetProcessedCount;CFWorkerGateway.GetProxyHostname;CFWorkerGateway.GetRedirectURL;CFWorkerGateway.GetStatsMap;CFWorkerGateway.GetTimeout;CFWorkerGateway.GetUaBlacklist;CFWorkerGateway.GetUaWhitelist;CFWorkerGateway.ImportConfigJSON;CFWorkerGateway.IncrementActiveConnections;CFWorkerGateway.IncrementProcessedCount;CFWorkerGateway.InjectTracingHeaders;CFWorkerGateway.IsCacheEnabled;CFWorkerGateway.IsDomainBypassed;CFWorkerGateway.IsIPAllowed;CFWorkerGateway.RemoveAllowedCountry;CFWorkerGateway.RemoveAllowedIP;CFWorkerGateway.RemoveBlockedAgent;CFWorkerGateway.RemoveBlockedIP;CFWorkerGateway.RemoveBypassDomain;CFWorkerGateway.ReplaceResponseBody;CFWorkerGateway.ResetGatewayPreset;CFWorkerGateway.ResetProcessedCount;CFWorkerGateway.RewriteHeaders;CFWorkerGateway.RewriteResponseHeaders;CFWorkerGateway.SetCacheEnabled;CFWorkerGateway.SetDebugMode;CFWorkerGateway.SetGatewayVersion;CFWorkerGateway.SetHTTPClientTimeout;CFWorkerGateway.SetLogLevel;CFWorkerGateway.SetMaxConnections;CFWorkerGateway.SetOriginHostname;CFWorkerGateway.SetPathRegex;CFWorkerGateway.SetProxyHostname;CFWorkerGateway.SetRedirectURL;CFWorkerGateway.SetTimeout;CFWorkerGateway.SetUaBlacklist;CFWorkerGateway.SetUaWhitelist;CFWorkerGateway.TriggerDiagnosticReport;CFWorkerGateway.ValidateDomain;CFWorkerGateway.ValidateIPAddress;CFWorkerGateway.VerifyGatewayPreset;CFWorkerGateway.VerifyHeaders;NewCFWorkerGateway,promotion to governed lab,one-to-one,reference-only,"The source carries distinct dormant implementation value but has no live production consumer. Preserve it as an intentional, catalogued lab capability without granting runtime authority; later promotion must extract only target-native value behind a canonical owner.",daemon lab capability corpus,labs/daemon/proxy/cf_worker_gateway.go,The lab source remains byte-identical to its baseline object and traceable by SHA-256.,Live daemon internal packages must not import lab code directly or treat lab presence as production readiness.,n/a,labs/daemon/CAPABILITIES.csv,Path-only promotion from experiments to labs; no live runtime dependency or persisted state change.,Repository-native baseline source; no new external donor bytes introduced.,medium,n/a,high,statically-validated
HVC-LAB-W20-CHECKSUM-C2C6B388,n/a,HVC-LAB-20-wave20-checksum,luminet-baseline-d73453f,daemon-labs,checksum lab capability,standalone source unit,executable-behaviour/reference implementation,standalone,server/internal/proxy/checksum.go,c2c6b388f0a77bf5a5a6f428878f9fdc73c39e92979ffb82a1589592e050dfbe,CalculateChecksum;CalculateTCPChecksum,promotion to governed lab,one-to-one,reference-only,"The source carries distinct dormant implementation value but has no live production consumer. Preserve it as an intentional, catalogued lab capability without granting runtime authority; later promotion must extract only target-native value behind a canonical owner.",daemon lab capability corpus,labs/daemon/proxy/checksum.go,The lab source remains byte-identical to its baseline object and traceable by SHA-256.,Live daemon internal packages must not import lab code directly or treat lab presence as production readiness.,n/a,labs/daemon/CAPABILITIES.csv,Path-only promotion from experiments to labs; no live runtime dependency or persisted state change.,Repository-native baseline source; no new external donor bytes introduced.,medium,n/a,high,statically-validated
HVC-LAB-W20-CLASH-DASHBOARD-ADAPTER-199E1818,n/a,HVC-LAB-20-wave20-clash-dashboard-adapter,luminet-baseline-d73453f,daemon-labs,clash dashboard adapter lab capability,standalone source unit,executable-behaviour/reference implementation,standalone,server/internal/proxy/clash_dashboard_adapter.go,199e181879b8345e5812ae3ee3e9dd6de95ef230bd304ac507ccadd0d26214fe,ClashConnectionItem;ClashConnectionMetadata;ClashConnectionsData;ClashDashboardAdapter;ClashDashboardAdapter.AddConnection;ClashDashboardAdapter.ClearConnections;ClashDashboardAdapter.CloseConnectionSockets;ClashDashboardAdapter.ExportConnectionsJSON;ClashDashboardAdapter.GetConnection;ClashDashboardAdapter.GetConnectionCount;ClashDashboardAdapter.GetDownloadTotal;ClashDashboardAdapter.GetUploadTotal;ClashDashboardAdapter.RemoveConnection;ClashDashboardAdapter.ServeHTTP;ClashDashboardAdapter.ServeLogs;ClashDashboardAdapter.ServeRules;ClashDashboardAdapter.SetDownloadTotal;ClashDashboardAdapter.SetUploadTotal;ClashDashboardAdapter.UpdateTraffic;NewClashDashboardAdapter,promotion to governed lab,one-to-one,reference-only,"The source carries distinct dormant implementation value but has no live production consumer. Preserve it as an intentional, catalogued lab capability without granting runtime authority; later promotion must extract only target-native value behind a canonical owner.",daemon lab capability corpus,labs/daemon/proxy/clash_dashboard_adapter.go,The lab source remains byte-identical to its baseline object and traceable by SHA-256.,Live daemon internal packages must not import lab code directly or treat lab presence as production readiness.,n/a,labs/daemon/CAPABILITIES.csv,Path-only promotion from experiments to labs; no live runtime dependency or persisted state change.,Repository-native baseline source; no new external donor bytes introduced.,medium,n/a,high,statically-validated
HVC-LAB-W20-CLASH-WEBUI-ADAPTER-EC02F151,n/a,HVC-LAB-20-wave20-clash-webui-adapter,luminet-baseline-d73453f,daemon-labs,clash webui adapter lab capability,standalone source unit,executable-behaviour/reference implementation,standalone,server/internal/proxy/clash_webui_adapter.go,ec02f151f0eddd3024999d707c6f68d64871491a70c2bfe6290d9ded58ee69c8,ClashConfig;ClashWebUIAdapter;ClashWebUIAdapter.ExportConfigJSON;ClashWebUIAdapter.GetConfig;ClashWebUIAdapter.GetPort;ClashWebUIAdapter.GetSocksPort;ClashWebUIAdapter.ResetConfig;ClashWebUIAdapter.SelectProxy;ClashWebUIAdapter.SetIPv6Enabled;ClashWebUIAdapter.SetLogLevel;ClashWebUIAdapter.SetMode;ClashWebUIAdapter.SetPort;ClashWebUIAdapter.SetRedirPort;ClashWebUIAdapter.SetSocksPort;ClashWebUIAdapter.SetTproxyPort;ClashWebUIAdapter.TestDelay;ClashWebUIAdapter.UpdateConfig;NewClashWebUIAdapter,promotion to governed lab,one-to-one,reference-only,"The source carries distinct dormant implementation value but has no live production consumer. Preserve it as an intentional, catalogued lab capability without granting runtime authority; later promotion must extract only target-native value behind a canonical owner.",daemon lab capability corpus,labs/daemon/proxy/clash_webui_adapter.go,The lab source remains byte-identical to its baseline object and traceable by SHA-256.,Live daemon internal packages must not import lab code directly or treat lab presence as production readiness.,n/a,labs/daemon/CAPABILITIES.csv,Path-only promotion from experiments to labs; no live runtime dependency or persisted state change.,Repository-native baseline source; no new external donor bytes introduced.,medium,n/a,high,statically-validated
HVC-LAB-W20-CLOUDFLARE-BYPASS-PROXY-34F0831B,n/a,HVC-LAB-20-wave20-cloudflare-bypass-proxy,luminet-baseline-d73453f,daemon-labs,cloudflare bypass proxy lab capability,standalone source unit,executable-behaviour/reference implementation,standalone,server/internal/proxy/cloudflare_bypass_proxy.go,34f0831b70b3e9c77e304247f88ddb236467f9e7a083f9938cfeaf571ddef3a7,CloudflareBypassProxy;CloudflareBypassProxy.CleanRequestHeaders;CloudflareBypassProxy.CreateBypassRequest;CloudflareBypassProxy.ExecuteBypassRoundTrip;CloudflareBypassProxy.ExportCurlCommand;CloudflareBypassProxy.GetDebugEnabled;CloudflareBypassProxy.GetFakeIP;CloudflareBypassProxy.GetHostHeader;CloudflareBypassProxy.GetIpHeader;CloudflareBypassProxy.GetIsActive;CloudflareBypassProxy.GetMaxRedirects;CloudflareBypassProxy.GetOriginUrl;CloudflareBypassProxy.GetProxyHost;CloudflareBypassProxy.GetTimeout;CloudflareBypassProxy.GetTokenHeader;CloudflareBypassProxy.GetTokenValue;CloudflareBypassProxy.GetUserAgent;CloudflareBypassProxy.ProcessBypassResponse;CloudflareBypassProxy.SetDebugEnabled;CloudflareBypassProxy.SetFakeIP;CloudflareBypassProxy.SetHostHeader;CloudflareBypassProxy.SetIpHeader;CloudflareBypassProxy.SetIsActive;CloudflareBypassProxy.SetMaxRedirects;CloudflareBypassProxy.SetOriginUrl;CloudflareBypassProxy.SetProxyHost;CloudflareBypassProxy.SetTimeout;CloudflareBypassProxy.SetTokenHeader;CloudflareBypassProxy.SetTokenValue;CloudflareBypassProxy.SetUserAgent;CloudflareBypassProxy.ValidateBypassToken;CloudflareBypassProxy.WithDebugEnabled;CloudflareBypassProxy.WithFakeIP;CloudflareBypassProxy.WithHostHeader;CloudflareBypassProxy.WithIpHeader;CloudflareBypassProxy.WithIsActive;CloudflareBypassProxy.WithMaxRedirects;CloudflareBypassProxy.WithOriginUrl;CloudflareBypassProxy.WithProxyHost;CloudflareBypassProxy.WithTimeout;CloudflareBypassProxy.WithTokenHeader;CloudflareBypassProxy.WithTokenValue;CloudflareBypassProxy.WithUserAgent;CloudflareProxySettings;CloudflareProxySettings.ConfigureTransport;CloudflareProxySettings.GetBypassActive;CloudflareProxySettings.GetHttpProxy;CloudflareProxySettings.GetHttpsProxy;CloudflareProxySettings.GetProxyURL;CloudflareProxySettings.SetBypassActive;CloudflareProxySettings.SetHttpProxy;CloudflareProxySettings.SetHttpsProxy;CloudflareProxySettings.SetProxyURL;CloudflareProxySettings.WithBypassActive;CloudflareProxySettings.WithHttpProxy;CloudflareProxySettings.WithHttpsProxy;CloudflareProxySettings.WithProxyURL;NewCloudflareBypassProxy;NewCloudflareProxySettings,promotion to governed lab,one-to-one,reference-only,"The source carries distinct dormant implementation value but has no live production consumer. Preserve it as an intentional, catalogued lab capability without granting runtime authority; later promotion must extract only target-native value behind a canonical owner.",daemon lab capability corpus,labs/daemon/proxy/cloudflare_bypass_proxy.go,The lab source remains byte-identical to its baseline object and traceable by SHA-256.,Live daemon internal packages must not import lab code directly or treat lab presence as production readiness.,n/a,labs/daemon/CAPABILITIES.csv,Path-only promotion from experiments to labs; no live runtime dependency or persisted state change.,Repository-native baseline source; no new external donor bytes introduced.,medium,n/a,high,statically-validated
HVC-LAB-W20-CLOUDFLARE-WORKER-RELAY-8912904E,n/a,HVC-LAB-20-wave20-cloudflare-worker-relay,luminet-baseline-d73453f,daemon-labs,cloudflare worker relay lab capability,standalone source unit,executable-behaviour/reference implementation,standalone,server/internal/proxy/cloudflare_worker_relay.go,8912904ecaacc083a3ec767aa22a60838c5920de26b7121a36b880130a57635b,CloudflareWorkerRelay;CloudflareWorkerRelay.Relay;NewCloudflareWorkerRelay,promotion to governed lab,one-to-one,reference-only,"The source carries distinct dormant implementation value but has no live production consumer. Preserve it as an intentional, catalogued lab capability without granting runtime authority; later promotion must extract only target-native value behind a canonical owner.",daemon lab capability corpus,labs/daemon/proxy/cloudflare_worker_relay.go,The lab source remains byte-identical to its baseline object and traceable by SHA-256.,Live daemon internal packages must not import lab code directly or treat lab presence as production readiness.,n/a,labs/daemon/CAPABILITIES.csv,Path-only promotion from experiments to labs; no live runtime dependency or persisted state change.,Repository-native baseline source; no new external donor bytes introduced.,medium,n/a,high,statically-validated
HVC-LAB-W20-CLOUDFLARE-WORKERS-PROXY-F285FF29,n/a,HVC-LAB-20-wave20-cloudflare-workers-proxy,luminet-baseline-d73453f,daemon-labs,cloudflare workers proxy lab capability,standalone source unit,executable-behaviour/reference implementation,standalone,server/internal/proxy/cloudflare_workers_proxy.go,f285ff291bb9170d847293295e09552a6a1ae37fc9755ba65ae83d9bba72d296,CloudflareWorkersProxy;CloudflareWorkersProxy.AddAllowedDomain;CloudflareWorkersProxy.AddBlockedUserAgent;CloudflareWorkersProxy.AddCustomHeader;CloudflareWorkersProxy.CleanHeaders;CloudflareWorkersProxy.ClearAllowedDomains;CloudflareWorkersProxy.ClearBlockedUserAgents;CloudflareWorkersProxy.ClearCustomHeaders;CloudflareWorkersProxy.GetAllowedDomains;CloudflareWorkersProxy.GetAllowedDomainsCount;CloudflareWorkersProxy.GetBlockedUserAgents;CloudflareWorkersProxy.GetBlockedUserAgentsCount;CloudflareWorkersProxy.GetConnsCount;CloudflareWorkersProxy.GetCookiesRewriteMap;CloudflareWorkersProxy.GetCorsHeaders;CloudflareWorkersProxy.GetCorsMethods;CloudflareWorkersProxy.GetCustomHeaders;CloudflareWorkersProxy.GetCustomHeadersCount;CloudflareWorkersProxy.GetLogCount;CloudflareWorkersProxy.GetLogLevel;CloudflareWorkersProxy.GetNoCacheVal;CloudflareWorkersProxy.GetRequestTimeout;CloudflareWorkersProxy.GetResponseSizeLimit;CloudflareWorkersProxy.GetVersion;CloudflareWorkersProxy.HandleRedirectLocation;CloudflareWorkersProxy.RemoveAllowedDomain;CloudflareWorkersProxy.RemoveBlockedUserAgent;CloudflareWorkersProxy.RemoveCustomHeader;CloudflareWorkersProxy.RewriteHtmlContent;CloudflareWorkersProxy.SetAllowedDomains;CloudflareWorkersProxy.SetBlockedUserAgents;CloudflareWorkersProxy.SetConnsCount;CloudflareWorkersProxy.SetCookiesRewriteMap;CloudflareWorkersProxy.SetCorsAndCacheHeaders;CloudflareWorkersProxy.SetCorsHeaders;CloudflareWorkersProxy.SetCorsMethods;CloudflareWorkersProxy.SetCustomHeaders;CloudflareWorkersProxy.SetLogCount;CloudflareWorkersProxy.SetLogLevel;CloudflareWorkersProxy.SetNoCacheVal;CloudflareWorkersProxy.SetRequestTimeout;CloudflareWorkersProxy.SetResponseSizeLimit;CloudflareWorkersProxy.SetVersion;NewCloudflareWorkersProxy,promotion to governed lab,one-to-one,reference-only,"The source carries distinct dormant implementation value but has no live production consumer. Preserve it as an intentional, catalogued lab capability without granting runtime authority; later promotion must extract only target-native value behind a canonical owner.",daemon lab capability corpus,labs/daemon/proxy/cloudflare_workers_proxy.go,The lab source remains byte-identical to its baseline object and traceable by SHA-256.,Live daemon internal packages must not import lab code directly or treat lab presence as production readiness.,n/a,labs/daemon/CAPABILITIES.csv,Path-only promotion from experiments to labs; no live runtime dependency or persisted state change.,Repository-native baseline source; no new external donor bytes introduced.,medium,n/a,high,statically-validated
HVC-LAB-W20-CONDUCTOR-8977992B,n/a,HVC-LAB-20-wave20-conductor,luminet-baseline-d73453f,daemon-labs,conductor lab capability,standalone source unit,executable-behaviour/reference implementation,standalone,server/internal/proxy/conductor.go,8977992b7c403214a34068de712538f71512462c560f6479feffeb5719f144d0,Conductor;Conductor.Dial;Conductor.ResetFailures;Conductor.SetOutbounds;ConductorOutbound;NewConductor,promotion to governed lab,one-to-one,reference-only,"The source carries distinct dormant implementation value but has no live production consumer. Preserve it as an intentional, catalogued lab capability without granting runtime authority; later promotion must extract only target-native value behind a canonical owner.",daemon lab capability corpus,labs/daemon/proxy/conductor.go,The lab source remains byte-identical to its baseline object and traceable by SHA-256.,Live daemon internal packages must not import lab code directly or treat lab presence as production readiness.,n/a,labs/daemon/CAPABILITIES.csv,Path-only promotion from experiments to labs; no live runtime dependency or persisted state change.,Repository-native baseline source; no new external donor bytes introduced.,medium,n/a,high,statically-validated
HVC-LAB-W20-CONFIG-MIGRATION-HELPER-79A0B888,n/a,HVC-LAB-20-wave20-config-migration-helper,luminet-baseline-d73453f,daemon-labs,config migration helper lab capability,standalone source unit,executable-behaviour/reference implementation,standalone,server/internal/proxy/config_migration_helper.go,79a0b8885eda203ef8706cf0f77ff13aa67c987e1db5ea9c8f9fb9a3833f7b9f,Exodus;Exodus.Route;NewExodus,promotion to governed lab,one-to-one,reference-only,"The source carries distinct dormant implementation value but has no live production consumer. Preserve it as an intentional, catalogued lab capability without granting runtime authority; later promotion must extract only target-native value behind a canonical owner.",daemon lab capability corpus,labs/daemon/proxy/config_migration_helper.go,The lab source remains byte-identical to its baseline object and traceable by SHA-256.,Live daemon internal packages must not import lab code directly or treat lab presence as production readiness.,n/a,labs/daemon/CAPABILITIES.csv,Path-only promotion from experiments to labs; no live runtime dependency or persisted state change.,Repository-native baseline source; no new external donor bytes introduced.,medium,n/a,high,statically-validated
HVC-LAB-W20-CONNECTIVITY-CHECKER-ECF16E56,n/a,HVC-LAB-20-wave20-connectivity-checker,luminet-baseline-d73453f,daemon-labs,connectivity checker lab capability,standalone source unit,executable-behaviour/reference implementation,standalone,server/internal/proxy/connectivity_checker.go,ecf16e56bb61bbf9c1cb429d5aee7cea52a383a44c8b7e2346ead987940b206c,ConnectivityChecker;ConnectivityChecker.CheckConnectivity;ConnectivityResult;NewConnectivityChecker,promotion to governed lab,one-to-one,reference-only,"The source carries distinct dormant implementation value but has no live production consumer. Preserve it as an intentional, catalogued lab capability without granting runtime authority; later promotion must extract only target-native value behind a canonical owner.",daemon lab capability corpus,labs/daemon/proxy/connectivity_checker.go,The lab source remains byte-identical to its baseline object and traceable by SHA-256.,Live daemon internal packages must not import lab code directly or treat lab presence as production readiness.,labs/daemon/proxy/connectivity_checker_test.go,labs/daemon/CAPABILITIES.csv,Path-only promotion from experiments to labs; no live runtime dependency or persisted state change.,Repository-native baseline source; no new external donor bytes introduced.,medium,n/a,high,statically-validated
HVC-LAB-W20-CUSTOM-ROUTING-RULES-0FB86082,n/a,HVC-LAB-20-wave20-custom-routing-rules,luminet-baseline-d73453f,daemon-labs,custom routing rules lab capability,standalone source unit,executable-behaviour/reference implementation,standalone,server/internal/proxy/custom_routing_rules.go,0fb86082a9dc03b8268e67efe17376e907e2b5b66b7e77e15d33e4952450f4ee,CustomRoutingRules;CustomRoutingRules.AddRule;CustomRoutingRules.GetRules;CustomRoutingRules.Route;NewCustomRoutingRules;V2RayRoutingRule,promotion to governed lab,one-to-one,reference-only,"The source carries distinct dormant implementation value but has no live production consumer. Preserve it as an intentional, catalogued lab capability without granting runtime authority; later promotion must extract only target-native value behind a canonical owner.",daemon lab capability corpus,labs/daemon/proxy/custom_routing_rules.go,The lab source remains byte-identical to its baseline object and traceable by SHA-256.,Live daemon internal packages must not import lab code directly or treat lab presence as production readiness.,n/a,labs/daemon/CAPABILITIES.csv,Path-only promotion from experiments to labs; no live runtime dependency or persisted state change.,Repository-native baseline source; no new external donor bytes introduced.,medium,n/a,high,statically-validated
HVC-LAB-W20-DIRECT-OUTBOUND-SETUP-A5DCB8DA,n/a,HVC-LAB-20-wave20-direct-outbound-setup,luminet-baseline-d73453f,daemon-labs,direct outbound setup lab capability,standalone source unit,executable-behaviour/reference implementation,standalone,server/internal/proxy/direct_outbound_setup.go,a5dcb8dac7732021ffd25ea01c45de8f7c7f511566614e1bc77d7dbe2d46e17e,FreedomSetup;FreedomSetup.SetupNginxRoutes;NewFreedomSetup,promotion to governed lab,one-to-one,reference-only,"The source carries distinct dormant implementation value but has no live production consumer. Preserve it as an intentional, catalogued lab capability without granting runtime authority; later promotion must extract only target-native value behind a canonical owner.",daemon lab capability corpus,labs/daemon/proxy/direct_outbound_setup.go,The lab source remains byte-identical to its baseline object and traceable by SHA-256.,Live daemon internal packages must not import lab code directly or treat lab presence as production readiness.,n/a,labs/daemon/CAPABILITIES.csv,Path-only promotion from experiments to labs; no live runtime dependency or persisted state change.,Repository-native baseline source; no new external donor bytes introduced.,medium,n/a,high,statically-validated
HVC-LAB-W20-DNS-SCALING-CEF22D69,n/a,HVC-LAB-20-wave20-dns-scaling,luminet-baseline-d73453f,daemon-labs,dns scaling lab capability,standalone source unit,executable-behaviour/reference implementation,standalone,server/internal/proxy/dns_scaling.go,cef22d69d8893a647b6a76d589064799da3a4366f1dc63526932c7928e01719b,DNSPacketConn;DNSPacketConn.NotifyTraffic;DNSPacketConn.StartLoop;DNSPacketConn.Stop;NewDNSPacketConn,promotion to governed lab,one-to-one,reference-only,"The source carries distinct dormant implementation value but has no live production consumer. Preserve it as an intentional, catalogued lab capability without granting runtime authority; later promotion must extract only target-native value behind a canonical owner.",daemon lab capability corpus,labs/daemon/proxy/dns_scaling.go,The lab source remains byte-identical to its baseline object and traceable by SHA-256.,Live daemon internal packages must not import lab code directly or treat lab presence as production readiness.,n/a,labs/daemon/CAPABILITIES.csv,Path-only promotion from experiments to labs; no live runtime dependency or persisted state change.,Repository-native baseline source; no new external donor bytes introduced.,medium,n/a,high,statically-validated
HVC-LAB-W20-DNS-SCANNER-43AD6203,n/a,HVC-LAB-20-wave20-dns-scanner,luminet-baseline-d73453f,daemon-labs,dns scanner lab capability,standalone source unit,executable-behaviour/reference implementation,standalone,server/internal/proxy/dns_scanner.go,43ad620314f1d7f53bfa95ad847c4a48f453ca8971d0d7920e9894b6b1dc622f,BuildDnssecRawQuery;DnsScannerResult;DnsScannerTarget;FetchTruth;GenerateIPStream;RunResolverDiagnostic;ScanHttpRelayIP;TruthTable;TruthTable.VerifyAnswer,promotion to governed lab,one-to-one,reference-only,"The source carries distinct dormant implementation value but has no live production consumer. Preserve it as an intentional, catalogued lab capability without granting runtime authority; later promotion must extract only target-native value behind a canonical owner.",daemon lab capability corpus,labs/daemon/proxy/dns_scanner.go,The lab source remains byte-identical to its baseline object and traceable by SHA-256.,Live daemon internal packages must not import lab code directly or treat lab presence as production readiness.,labs/daemon/proxy/dns_scanner_test.go,labs/daemon/CAPABILITIES.csv,Path-only promotion from experiments to labs; no live runtime dependency or persisted state change.,Repository-native baseline source; no new external donor bytes introduced.,medium,n/a,high,statically-validated
HVC-LAB-W20-DNS-SPOOF-BLOCKLIST-RESOLVER-790710EF,n/a,HVC-LAB-20-wave20-dns-spoof-blocklist-resolver,luminet-baseline-d73453f,daemon-labs,dns spoof blocklist resolver lab capability,standalone source unit,executable-behaviour/reference implementation,standalone,server/internal/proxy/dns_spoof_blocklist_resolver.go,790710efb126959b61d339ffc01c1204b71650b2355c3ba57191a555857a985a,DnsBlocklistConfig;DnsBlocklistResolver;DnsBlocklistResolver.ShouldBlock;DnsCacheEntry;DnsProxyHandler;DnsProxyHandler.ServeTCP;DnsSpoofChecker;DnsSpoofChecker.IsSpoofed;DnsSpoofChecker.RegisterUnexpectedSubnet;NewDnsBlocklistResolver,promotion to governed lab,one-to-one,reference-only,"The source carries distinct dormant implementation value but has no live production consumer. Preserve it as an intentional, catalogued lab capability without granting runtime authority; later promotion must extract only target-native value behind a canonical owner.",daemon lab capability corpus,labs/daemon/proxy/dns_spoof_blocklist_resolver.go,The lab source remains byte-identical to its baseline object and traceable by SHA-256.,Live daemon internal packages must not import lab code directly or treat lab presence as production readiness.,n/a,labs/daemon/CAPABILITIES.csv,Path-only promotion from experiments to labs; no live runtime dependency or persisted state change.,Repository-native baseline source; no new external donor bytes introduced.,medium,n/a,high,statically-validated
HVC-LAB-W20-DNSTT-3FB22DC0,n/a,HVC-LAB-20-wave20-dnstt,luminet-baseline-d73453f,daemon-labs,dnstt lab capability,standalone source unit,executable-behaviour/reference implementation,standalone,server/internal/proxy/dnstt.go,3fb22dc06d1e6d2488706ddd59e282c941b56af16eac0649122ae1bd517e5bc8,DNSTT;DNSTT.StartTunnel;NewDNSTT,promotion to governed lab,one-to-one,reference-only,"The source carries distinct dormant implementation value but has no live production consumer. Preserve it as an intentional, catalogued lab capability without granting runtime authority; later promotion must extract only target-native value behind a canonical owner.",daemon lab capability corpus,labs/daemon/proxy/dnstt.go,The lab source remains byte-identical to its baseline object and traceable by SHA-256.,Live daemon internal packages must not import lab code directly or treat lab presence as production readiness.,n/a,labs/daemon/CAPABILITIES.csv,Path-only promotion from experiments to labs; no live runtime dependency or persisted state change.,Repository-native baseline source; no new external donor bytes introduced.,medium,n/a,high,statically-validated
HVC-LAB-W20-DOH-WORKER-8DB85DFE,n/a,HVC-LAB-20-wave20-doh-worker,luminet-baseline-d73453f,daemon-labs,doh worker lab capability,standalone source unit,executable-behaviour/reference implementation,standalone,server/internal/proxy/doh_worker.go,8db85dfea6bb6d4c30a816a5cdeff8ada97708561a52b46ad12e0be59d9a0f1f,DoHWorker;DoHWorker.AddAllowedIP;DoHWorker.AddBlockedDomain;DoHWorker.ClearAllowedIPs;DoHWorker.ClearBlockedDomains;DoHWorker.Forward;DoHWorker.GetAllowedIPs;DoHWorker.GetAllowedIPsCount;DoHWorker.GetBlockedDomains;DoHWorker.GetBlockedDomainsCount;DoHWorker.GetCacheEnabled;DoHWorker.GetFailedQueries;DoHWorker.GetLogLevel;DoHWorker.GetTimeout;DoHWorker.GetTotalQueries;DoHWorker.GetUpstreamResolver;DoHWorker.GetVersion;DoHWorker.RemoveAllowedIP;DoHWorker.RemoveBlockedDomain;DoHWorker.SetAllowedIPs;DoHWorker.SetBlockedDomains;DoHWorker.SetCacheEnabled;DoHWorker.SetFailedQueries;DoHWorker.SetLogLevel;DoHWorker.SetTimeout;DoHWorker.SetTotalQueries;DoHWorker.SetUpstreamResolver;DoHWorker.SetVersion;NewDoHWorker,promotion to governed lab,one-to-one,reference-only,"The source carries distinct dormant implementation value but has no live production consumer. Preserve it as an intentional, catalogued lab capability without granting runtime authority; later promotion must extract only target-native value behind a canonical owner.",daemon lab capability corpus,labs/daemon/proxy/doh_worker.go,The lab source remains byte-identical to its baseline object and traceable by SHA-256.,Live daemon internal packages must not import lab code directly or treat lab presence as production readiness.,n/a,labs/daemon/CAPABILITIES.csv,Path-only promotion from experiments to labs; no live runtime dependency or persisted state change.,Repository-native baseline source; no new external donor bytes introduced.,medium,n/a,high,statically-validated
HVC-LAB-W20-DOMAINFRONT-GAS-C5E49B3B,n/a,HVC-LAB-20-wave20-domainfront-gas,luminet-baseline-d73453f,daemon-labs,domainfront gas lab capability,standalone source unit,executable-behaviour/reference implementation,standalone,server/internal/proxy/domainfront_gas.go,c5e49b3b278dcbac775ea2179ad8205ca2664224737bed93ddd3d9e7f0ef5427,DomainFrontGAS;DomainFrontGAS.RedirectStreams;NewDomainFrontGAS,promotion to governed lab,one-to-one,reference-only,"The source carries distinct dormant implementation value but has no live production consumer. Preserve it as an intentional, catalogued lab capability without granting runtime authority; later promotion must extract only target-native value behind a canonical owner.",daemon lab capability corpus,labs/daemon/proxy/domainfront_gas.go,The lab source remains byte-identical to its baseline object and traceable by SHA-256.,Live daemon internal packages must not import lab code directly or treat lab presence as production readiness.,n/a,labs/daemon/CAPABILITIES.csv,Path-only promotion from experiments to labs; no live runtime dependency or persisted state change.,Repository-native baseline source; no new external donor bytes introduced.,medium,n/a,high,statically-validated
HVC-LAB-W20-DUAL-PROXY-SERVER-645B0B74,n/a,HVC-LAB-20-wave20-dual-proxy-server,luminet-baseline-d73453f,daemon-labs,dual proxy server lab capability,standalone source unit,executable-behaviour/reference implementation,standalone,server/internal/proxy/dual_proxy_server.go,645b0b7494e7aa44d412e03290e2388246ed95b41ddf48a93a7df563176ddd3b,DualProxyServer;DualProxyServer.Start;DualProxyServer.Stop;NewDualProxyServer,promotion to governed lab,one-to-one,reference-only,"The source carries distinct dormant implementation value but has no live production consumer. Preserve it as an intentional, catalogued lab capability without granting runtime authority; later promotion must extract only target-native value behind a canonical owner.",daemon lab capability corpus,labs/daemon/proxy/dual_proxy_server.go,The lab source remains byte-identical to its baseline object and traceable by SHA-256.,Live daemon internal packages must not import lab code directly or treat lab presence as production readiness.,labs/daemon/proxy/dual_proxy_server_test.go,labs/daemon/CAPABILITIES.csv,Path-only promotion from experiments to labs; no live runtime dependency or persisted state change.,Repository-native baseline source; no new external donor bytes introduced.,medium,n/a,high,statically-validated
HVC-LAB-W20-ECH-TUNNEL-DCFC8B6A,n/a,HVC-LAB-20-wave20-ech-tunnel,luminet-baseline-d73453f,daemon-labs,ech tunnel lab capability,standalone source unit,executable-behaviour/reference implementation,standalone,server/internal/proxy/ech_tunnel.go,dcfc8b6a1ee166c5e5e111bfaed840ea79bfe7ac5a3b5cc49dd203c5b05892ba,ECHTunnel;ECHTunnel.StartECH;NewECHTunnel,promotion to governed lab,one-to-one,reference-only,"The source carries distinct dormant implementation value but has no live production consumer. Preserve it as an intentional, catalogued lab capability without granting runtime authority; later promotion must extract only target-native value behind a canonical owner.",daemon lab capability corpus,labs/daemon/proxy/ech_tunnel.go,The lab source remains byte-identical to its baseline object and traceable by SHA-256.,Live daemon internal packages must not import lab code directly or treat lab presence as production readiness.,n/a,labs/daemon/CAPABILITIES.csv,Path-only promotion from experiments to labs; no live runtime dependency or persisted state change.,Repository-native baseline source; no new external donor bytes introduced.,medium,n/a,high,statically-validated
HVC-LAB-W20-EDGE-AUTH-FE7DEEED,n/a,HVC-LAB-20-wave20-edge-auth,luminet-baseline-d73453f,daemon-labs,edge auth lab capability,standalone source unit,executable-behaviour/reference implementation,standalone,server/internal/proxy/edge_auth.go,fe7deeed0fc3c5051dd8dc3adcd63b6476fdd917b495255cbe7e49912d4b7c00,AutoTLSManager;AutoTLSManager.GetTLSConfig;NewAutoTLSManager;OIDCAuthHandler;OIDCAuthMiddleware;OIDCClaims;SanitizeRedirectURL;SignPayload;ValidateOIDCToken;VerifyPayloadSignature,promotion to governed lab,one-to-one,reference-only,"The source carries distinct dormant implementation value but has no live production consumer. Preserve it as an intentional, catalogued lab capability without granting runtime authority; later promotion must extract only target-native value behind a canonical owner.",daemon lab capability corpus,labs/daemon/proxy/edge_auth.go,The lab source remains byte-identical to its baseline object and traceable by SHA-256.,Live daemon internal packages must not import lab code directly or treat lab presence as production readiness.,labs/daemon/proxy/edge_auth_test.go,labs/daemon/CAPABILITIES.csv,Path-only promotion from experiments to labs; no live runtime dependency or persisted state change.,Repository-native baseline source; no new external donor bytes introduced.,medium,n/a,high,statically-validated
HVC-LAB-W20-EDGE-CONTROL-PANEL-D29AA594,n/a,HVC-LAB-20-wave20-edge-control-panel,luminet-baseline-d73453f,daemon-labs,edge control panel lab capability,standalone source unit,executable-behaviour/reference implementation,standalone,server/internal/proxy/edge_control_panel.go,d29aa59453a7ba90a548ef89b3e9bada8bdb7e78d7f8feccb40fd168d9e895a7,ConfigProcessor;ConfigProcessor.AddRawNode;ConfigProcessor.AddSource;ConfigProcessor.ClearRawNodes;ConfigProcessor.GenerateClashMeta;ConfigProcessor.GetRawNodes;ConfigProcessor.GetRawNodesCount;ConfigProcessor.HasRawNode;ConfigProcessor.RemoveRawNode;ConfigProcessor.SetRawNodes;ConfigProcessor.ShuffleAndMerge;NewConfigProcessor,promotion to governed lab,one-to-one,reference-only,"The source carries distinct dormant implementation value but has no live production consumer. Preserve it as an intentional, catalogued lab capability without granting runtime authority; later promotion must extract only target-native value behind a canonical owner.",daemon lab capability corpus,labs/daemon/proxy/edge_control_panel.go,The lab source remains byte-identical to its baseline object and traceable by SHA-256.,Live daemon internal packages must not import lab code directly or treat lab presence as production readiness.,n/a,labs/daemon/CAPABILITIES.csv,Path-only promotion from experiments to labs; no live runtime dependency or persisted state change.,Repository-native baseline source; no new external donor bytes introduced.,medium,n/a,high,statically-validated
HVC-LAB-W20-EDGE-TROJAN-GATEWAY-D0BD2663,n/a,HVC-LAB-20-wave20-edge-trojan-gateway,luminet-baseline-d73453f,daemon-labs,edge trojan gateway lab capability,standalone source unit,executable-behaviour/reference implementation,standalone,server/internal/proxy/edge_trojan_gateway.go,d0bd2663227d7a50d99cf33973f35b914e663784d2be427d09b930560be43b43,NahanGateway;NahanGateway.Deploy;NewNahanGateway,promotion to governed lab,one-to-one,reference-only,"The source carries distinct dormant implementation value but has no live production consumer. Preserve it as an intentional, catalogued lab capability without granting runtime authority; later promotion must extract only target-native value behind a canonical owner.",daemon lab capability corpus,labs/daemon/proxy/edge_trojan_gateway.go,The lab source remains byte-identical to its baseline object and traceable by SHA-256.,Live daemon internal packages must not import lab code directly or treat lab presence as production readiness.,n/a,labs/daemon/CAPABILITIES.csv,Path-only promotion from experiments to labs; no live runtime dependency or persisted state change.,Repository-native baseline source; no new external donor bytes introduced.,medium,n/a,high,statically-validated
HVC-LAB-W20-EDGETUNNEL-B2333BEF,n/a,HVC-LAB-20-wave20-edgetunnel,luminet-baseline-d73453f,daemon-labs,edgetunnel lab capability,standalone source unit,executable-behaviour/reference implementation,standalone,server/internal/proxy/edgetunnel.go,b2333bef412311df5f39b94a5965f7cf0bb9ae60781ada16dca6bee5e7792ad8,EdgeTunnel;EdgeTunnel.AddAllowedDomain;EdgeTunnel.AddBlockedIP;EdgeTunnel.ClearAllowedDomains;EdgeTunnel.ClearBlockedIPs;EdgeTunnel.GenerateConfig;EdgeTunnel.GetAllowedDomains;EdgeTunnel.GetAllowedDomainsCount;EdgeTunnel.GetBlockedIPs;EdgeTunnel.GetBlockedIPsCount;EdgeTunnel.GetConnsCount;EdgeTunnel.GetFakeWeb;EdgeTunnel.GetLogLevel;EdgeTunnel.GetNetwork;EdgeTunnel.GetPort;EdgeTunnel.GetProxyIP;EdgeTunnel.GetSubPath;EdgeTunnel.GetTLS;EdgeTunnel.GetUDP;EdgeTunnel.GetUUID;EdgeTunnel.GetVersion;EdgeTunnel.RemoveAllowedDomain;EdgeTunnel.RemoveBlockedIP;EdgeTunnel.SetAllowedDomains;EdgeTunnel.SetBlockedIPs;EdgeTunnel.SetConnsCount;EdgeTunnel.SetFakeWeb;EdgeTunnel.SetLogLevel;EdgeTunnel.SetNetwork;EdgeTunnel.SetPort;EdgeTunnel.SetProxyIP;EdgeTunnel.SetSubPath;EdgeTunnel.SetTLS;EdgeTunnel.SetUDP;EdgeTunnel.SetUUID;EdgeTunnel.SetVersion;EdgeTunnel.ShouldIntercept;NewEdgeTunnel,promotion to governed lab,one-to-one,reference-only,"The source carries distinct dormant implementation value but has no live production consumer. Preserve it as an intentional, catalogued lab capability without granting runtime authority; later promotion must extract only target-native value behind a canonical owner.",daemon lab capability corpus,labs/daemon/proxy/edgetunnel.go,The lab source remains byte-identical to its baseline object and traceable by SHA-256.,Live daemon internal packages must not import lab code directly or treat lab presence as production readiness.,n/a,labs/daemon/CAPABILITIES.csv,Path-only promotion from experiments to labs; no live runtime dependency or persisted state change.,Repository-native baseline source; no new external donor bytes introduced.,medium,n/a,high,statically-validated
HVC-LAB-W20-ENS-RESOLVER-534CDAED,n/a,HVC-LAB-20-wave20-ens-resolver,luminet-baseline-d73453f,daemon-labs,ens resolver lab capability,standalone source unit,executable-behaviour/reference implementation,standalone,server/internal/proxy/ens_resolver.go,534cdaedb2f29d72e87f7f5c39fa762469bdc76f7dd0f0424e8f337881d97b6b,ResolveENS,promotion to governed lab,one-to-one,reference-only,"The source carries distinct dormant implementation value but has no live production consumer. Preserve it as an intentional, catalogued lab capability without granting runtime authority; later promotion must extract only target-native value behind a canonical owner.",daemon lab capability corpus,labs/daemon/proxy/ens_resolver.go,The lab source remains byte-identical to its baseline object and traceable by SHA-256.,Live daemon internal packages must not import lab code directly or treat lab presence as production readiness.,labs/daemon/proxy/ens_resolver_test.go,labs/daemon/CAPABILITIES.csv,Path-only promotion from experiments to labs; no live runtime dependency or persisted state change.,Repository-native baseline source; no new external donor bytes introduced.,medium,n/a,high,statically-validated
HVC-LAB-W20-ENV-DRIFT-286644A2,n/a,HVC-LAB-20-wave20-env-drift,luminet-baseline-d73453f,daemon-labs,env drift lab capability,standalone source unit,executable-behaviour/reference implementation,standalone,server/internal/proxy/env_drift.go,286644a204775c18f6be1b236d8ba249dad385b7856d5900c2ed51921c2d0817,EnvDrift;EnvDrift.CaptureBaseline;EnvDrift.Detect;EnvDrift.Digest;EnvDrift.DriftCount;NewEnvDrift,promotion to governed lab,one-to-one,reference-only,"The source carries distinct dormant implementation value but has no live production consumer. Preserve it as an intentional, catalogued lab capability without granting runtime authority; later promotion must extract only target-native value behind a canonical owner.",daemon lab capability corpus,labs/daemon/proxy/env_drift.go,The lab source remains byte-identical to its baseline object and traceable by SHA-256.,Live daemon internal packages must not import lab code directly or treat lab presence as production readiness.,n/a,labs/daemon/CAPABILITIES.csv,Path-only promotion from experiments to labs; no live runtime dependency or persisted state change.,Repository-native baseline source; no new external donor bytes introduced.,medium,n/a,high,statically-validated
HVC-LAB-W20-ENVOY-PROXY-558ECA5D,n/a,HVC-LAB-20-wave20-envoy-proxy,luminet-baseline-d73453f,daemon-labs,envoy proxy lab capability,standalone source unit,executable-behaviour/reference implementation,standalone,server/internal/proxy/envoy_proxy.go,558eca5df003b9c86ed63ceba050fc9013aee3217306708edeefe7e02f6bf74f,EnvoyProxy;EnvoyProxy.Configure;EnvoyProxy.GenerateConfig;EnvoyProxy.StartEnvoy;EnvoyProxy.StopEnvoy;NewEnvoyProxy,promotion to governed lab,one-to-one,reference-only,"The source carries distinct dormant implementation value but has no live production consumer. Preserve it as an intentional, catalogued lab capability without granting runtime authority; later promotion must extract only target-native value behind a canonical owner.",daemon lab capability corpus,labs/daemon/proxy/envoy_proxy.go,The lab source remains byte-identical to its baseline object and traceable by SHA-256.,Live daemon internal packages must not import lab code directly or treat lab presence as production readiness.,n/a,labs/daemon/CAPABILITIES.csv,Path-only promotion from experiments to labs; no live runtime dependency or persisted state change.,Repository-native baseline source; no new external donor bytes introduced.,medium,n/a,high,statically-validated
HVC-LAB-W20-FALLBACK-DNS-POOL-68A86E80,n/a,HVC-LAB-20-wave20-fallback-dns-pool,luminet-baseline-d73453f,daemon-labs,fallback dns pool lab capability,standalone source unit,executable-behaviour/reference implementation,standalone,server/internal/proxy/fallback_dns_pool.go,68a86e80d49e943c91b5e20cbe3ab8f889403abb7495d28709ee7fc505aca199,FallbackDNSPool;FallbackDNSPool.GetResolvers;NewFallbackDNSPool,promotion to governed lab,one-to-one,reference-only,"The source carries distinct dormant implementation value but has no live production consumer. Preserve it as an intentional, catalogued lab capability without granting runtime authority; later promotion must extract only target-native value behind a canonical owner.",daemon lab capability corpus,labs/daemon/proxy/fallback_dns_pool.go,The lab source remains byte-identical to its baseline object and traceable by SHA-256.,Live daemon internal packages must not import lab code directly or treat lab presence as production readiness.,n/a,labs/daemon/CAPABILITIES.csv,Path-only promotion from experiments to labs; no live runtime dependency or persisted state change.,Repository-native baseline source; no new external donor bytes introduced.,medium,n/a,high,statically-validated
HVC-LAB-W20-FEC-CODEC-08557C25,n/a,HVC-LAB-20-wave20-fec-codec,luminet-baseline-d73453f,daemon-labs,fec codec lab capability,standalone source unit,executable-behaviour/reference implementation,standalone,server/internal/proxy/fec_codec.go,08557c257d441b7d3a0abdf0907998374274aa1edb9e4bd26c950ec7cd3c0653,FECCodec;FECCodec.Decode;FECCodec.Encode;NewFECCodec,promotion to governed lab,one-to-one,reference-only,"The source carries distinct dormant implementation value but has no live production consumer. Preserve it as an intentional, catalogued lab capability without granting runtime authority; later promotion must extract only target-native value behind a canonical owner.",daemon lab capability corpus,labs/daemon/proxy/fec_codec.go,The lab source remains byte-identical to its baseline object and traceable by SHA-256.,Live daemon internal packages must not import lab code directly or treat lab presence as production readiness.,labs/daemon/proxy/fec_codec_test.go,labs/daemon/CAPABILITIES.csv,Path-only promotion from experiments to labs; no live runtime dependency or persisted state change.,Repository-native baseline source; no new external donor bytes introduced.,medium,n/a,high,statically-validated
HVC-LAB-W20-FIREWALLA-D0CA055E,n/a,HVC-LAB-20-wave20-firewalla,luminet-baseline-d73453f,daemon-labs,firewalla lab capability,standalone source unit,executable-behaviour/reference implementation,standalone,server/internal/proxy/firewalla.go,d0ca055e73b01e992576531fc6dd19fad8d6a8cf763f9fd8a67c761e4b863e47,Firewalla;Firewalla.ControlLifecycle;NewFirewalla,promotion to governed lab,one-to-one,reference-only,"The source carries distinct dormant implementation value but has no live production consumer. Preserve it as an intentional, catalogued lab capability without granting runtime authority; later promotion must extract only target-native value behind a canonical owner.",daemon lab capability corpus,labs/daemon/proxy/firewalla.go,The lab source remains byte-identical to its baseline object and traceable by SHA-256.,Live daemon internal packages must not import lab code directly or treat lab presence as production readiness.,n/a,labs/daemon/CAPABILITIES.csv,Path-only promotion from experiments to labs; no live runtime dependency or persisted state change.,Repository-native baseline source; no new external donor bytes introduced.,medium,n/a,high,statically-validated
HVC-LAB-W20-FORCERUN-7179B3B2,n/a,HVC-LAB-20-wave20-forcerun,luminet-baseline-d73453f,daemon-labs,forcerun lab capability,standalone source unit,executable-behaviour/reference implementation,standalone,server/internal/proxy/forcerun.go,7179b3b2fe9f1eecc5fce3e729340d61b4ea5041a2a61e1ca1d8a239d5ec1b23,ForcerunPipeline;ForcerunPipeline.GetActiveConns;ForcerunPipeline.GetAllowedIPs;ForcerunPipeline.GetBypassDomains;ForcerunPipeline.GetCacheEnabled;ForcerunPipeline.GetLogLevel;ForcerunPipeline.GetMaxConnsLimit;ForcerunPipeline.GetPipelineLogs;ForcerunPipeline.GetSources;ForcerunPipeline.GetTimeout;ForcerunPipeline.GetVersion;ForcerunPipeline.PublishHandler;ForcerunPipeline.ScrapeAndEncode;ForcerunPipeline.SetActiveConns;ForcerunPipeline.SetAllowedIPs;ForcerunPipeline.SetBypassDomains;ForcerunPipeline.SetCacheEnabled;ForcerunPipeline.SetLogLevel;ForcerunPipeline.SetMaxConnsLimit;ForcerunPipeline.SetPipelineLogs;ForcerunPipeline.SetSources;ForcerunPipeline.SetTimeout;ForcerunPipeline.SetVersion;NewForcerunPipeline,promotion to governed lab,one-to-one,reference-only,"The source carries distinct dormant implementation value but has no live production consumer. Preserve it as an intentional, catalogued lab capability without granting runtime authority; later promotion must extract only target-native value behind a canonical owner.",daemon lab capability corpus,labs/daemon/proxy/forcerun.go,The lab source remains byte-identical to its baseline object and traceable by SHA-256.,Live daemon internal packages must not import lab code directly or treat lab presence as production readiness.,n/a,labs/daemon/CAPABILITIES.csv,Path-only promotion from experiments to labs; no live runtime dependency or persisted state change.,Repository-native baseline source; no new external donor bytes introduced.,medium,n/a,high,statically-validated
HVC-LAB-W20-FORMAT-TRANSFORM-PROXY-7D74F602,n/a,HVC-LAB-20-wave20-format-transform-proxy,luminet-baseline-d73453f,daemon-labs,format transform proxy lab capability,standalone source unit,executable-behaviour/reference implementation,standalone,server/internal/proxy/format_transform_proxy.go,7d74f6023a14bc95c735cbd9d5c249d7e1ca2b0779d959a8972a7071e9dcc8ef,FTEProxy;FTEProxy.Transform;NewFTEProxy,promotion to governed lab,one-to-one,reference-only,"The source carries distinct dormant implementation value but has no live production consumer. Preserve it as an intentional, catalogued lab capability without granting runtime authority; later promotion must extract only target-native value behind a canonical owner.",daemon lab capability corpus,labs/daemon/proxy/format_transform_proxy.go,The lab source remains byte-identical to its baseline object and traceable by SHA-256.,Live daemon internal packages must not import lab code directly or treat lab presence as production readiness.,n/a,labs/daemon/CAPABILITIES.csv,Path-only promotion from experiments to labs; no live runtime dependency or persisted state change.,Repository-native baseline source; no new external donor bytes introduced.,medium,n/a,high,statically-validated
HVC-LAB-W20-FORMAT-TRANSFORMER-1F66B9AC,n/a,HVC-LAB-20-wave20-format-transformer,luminet-baseline-d73453f,daemon-labs,format transformer lab capability,standalone source unit,executable-behaviour/reference implementation,standalone,server/internal/proxy/format_transformer.go,1f66b9ac21b3fe4d5c7c4f14a61a6a091a3267de743f845c7f1525c0230bfb28,DFAState;FormatTransformer;FormatTransformer.AddState;FormatTransformer.Decode;FormatTransformer.Encode;NewAlphanumericTransformer;NewFormatTransformer;NewHttpGetRequestTransformer;Transition,promotion to governed lab,one-to-one,reference-only,"The source carries distinct dormant implementation value but has no live production consumer. Preserve it as an intentional, catalogued lab capability without granting runtime authority; later promotion must extract only target-native value behind a canonical owner.",daemon lab capability corpus,labs/daemon/proxy/format_transformer.go,The lab source remains byte-identical to its baseline object and traceable by SHA-256.,Live daemon internal packages must not import lab code directly or treat lab presence as production readiness.,labs/daemon/proxy/format_transformer_test.go,labs/daemon/CAPABILITIES.csv,Path-only promotion from experiments to labs; no live runtime dependency or persisted state change.,Repository-native baseline source; no new external donor bytes introduced.,medium,n/a,high,statically-validated
HVC-LAB-W20-FPTN-CODEC-C4398F07,n/a,HVC-LAB-20-wave20-fptn-codec,luminet-baseline-d73453f,daemon-labs,fptn codec lab capability,standalone source unit,executable-behaviour/reference implementation,standalone,server/internal/proxy/fptn_codec.go,c4398f07333bc9a99276a3ced0366e11d4dc6a6fe9238aa33858f4c2b8914052,FPTNMessage;FPTNMessageType;FPTNMsgBatchPacket;FPTNMsgError;FPTNMsgIPAssignment;FPTNMsgIPPacket;FPTNPacketCodec;FPTNPacketCodec.Decode;FPTNPacketCodec.Encode;NewFPTNPacketCodec,promotion to governed lab,one-to-one,reference-only,"The source carries distinct dormant implementation value but has no live production consumer. Preserve it as an intentional, catalogued lab capability without granting runtime authority; later promotion must extract only target-native value behind a canonical owner.",daemon lab capability corpus,labs/daemon/proxy/fptn_codec.go,The lab source remains byte-identical to its baseline object and traceable by SHA-256.,Live daemon internal packages must not import lab code directly or treat lab presence as production readiness.,labs/daemon/proxy/fptn_codec_test.go,labs/daemon/CAPABILITIES.csv,Path-only promotion from experiments to labs; no live runtime dependency or persisted state change.,Repository-native baseline source; no new external donor bytes introduced.,medium,n/a,high,statically-validated
HVC-LAB-W20-FREENET-FB203404,n/a,HVC-LAB-20-wave20-freenet,luminet-baseline-d73453f,daemon-labs,freenet lab capability,standalone source unit,executable-behaviour/reference implementation,standalone,server/internal/proxy/freenet.go,fb203404557c1b529a8b23e3f244c5857a92e0c0a3668854b9bb602dbeea9ffa,DHTNode;DHTRouter;DHTRouter.AddNode;DHTRouter.CalculateAverageDistance;DHTRouter.CalculateJitterOffset;DHTRouter.ClearDHTRouter;DHTRouter.ClearNodes;DHTRouter.DeleteNode;DHTRouter.ExportRingJSON;DHTRouter.FindClosestNode;DHTRouter.GetNode;DHTRouter.GetNodeCount;DHTRouter.GetNodeLocation;DHTRouter.GetNodes;DHTRouter.GetRingMap;DHTRouter.ImportRingJSON;DHTRouter.LocateSector;DHTRouter.NodeCount;DHTRouter.RemoveNode;DHTRouter.RouteKey;DHTRouter.SetNodeLocation;DHTRouter.VerifyNodeLocation;Freenet;Freenet.FetchKey;Freenet.GetGatewayURL;Freenet.GetTimeout;Freenet.InitCore;Freenet.InsertKey;Freenet.SetGatewayURL;Freenet.SetTimeout;NewDHTRouter;NewFreenet,promotion to governed lab,one-to-one,reference-only,"The source carries distinct dormant implementation value but has no live production consumer. Preserve it as an intentional, catalogued lab capability without granting runtime authority; later promotion must extract only target-native value behind a canonical owner.",daemon lab capability corpus,labs/daemon/proxy/freenet.go,The lab source remains byte-identical to its baseline object and traceable by SHA-256.,Live daemon internal packages must not import lab code directly or treat lab presence as production readiness.,n/a,labs/daemon/CAPABILITIES.csv,Path-only promotion from experiments to labs; no live runtime dependency or persisted state change.,Repository-native baseline source; no new external donor bytes introduced.,medium,n/a,high,statically-validated
HVC-LAB-W20-FREENET-AGENT-RUNNER-78CC5DAF,n/a,HVC-LAB-20-wave20-freenet-agent-runner,luminet-baseline-d73453f,daemon-labs,freenet agent runner lab capability,standalone source unit,executable-behaviour/reference implementation,standalone,server/internal/proxy/freenet_agent_runner.go,78cc5daff5c891ed0ff1f14d8fc437973e4235b7acca1a38e74d3027714855f0,FreenetAgentRunner;FreenetAgentRunner.Run;NewFreenetAgentRunner,promotion to governed lab,one-to-one,reference-only,"The source carries distinct dormant implementation value but has no live production consumer. Preserve it as an intentional, catalogued lab capability without granting runtime authority; later promotion must extract only target-native value behind a canonical owner.",daemon lab capability corpus,labs/daemon/proxy/freenet_agent_runner.go,The lab source remains byte-identical to its baseline object and traceable by SHA-256.,Live daemon internal packages must not import lab code directly or treat lab presence as production readiness.,n/a,labs/daemon/CAPABILITIES.csv,Path-only promotion from experiments to labs; no live runtime dependency or persisted state change.,Repository-native baseline source; no new external donor bytes introduced.,medium,n/a,high,statically-validated
HVC-LAB-W20-FREENET-MAIL-E9880C47,n/a,HVC-LAB-20-wave20-freenet-mail,luminet-baseline-d73453f,daemon-labs,freenet mail lab capability,standalone source unit,executable-behaviour/reference implementation,standalone,server/internal/proxy/freenet_mail.go,e9880c47eb1d86f90b5ad6bf52cfa88959c3158dfc60fb239a52e0fde5f6e6d4,FreenetMail;FreenetMail.DecapsulateKey;FreenetMail.EncapsulateKey;FreenetMail.EncryptAndSignMessage;FreenetMail.GenerateLocalMailKeyPair;FreenetMail.GetActive;FreenetMail.LoadMailKeys;FreenetMail.Mail;FreenetMail.SetActive;FreenetMail.SolveAntiFloodToken;FreenetMail.ValidateMessageMetadata;FreenetMail.VerifyAndDecryptMessage;FreenetMail.VerifyAntiFloodToken;FreenetMailMessage;FreenetMailMessage.GetBody;FreenetMailMessage.GetNonce;FreenetMailMessage.GetRecipient;FreenetMailMessage.GetSender;FreenetMailMessage.GetSignature;FreenetMailMessage.GetSubject;FreenetMailMessage.SetBody;FreenetMailMessage.SetNonce;FreenetMailMessage.SetRecipient;FreenetMailMessage.SetSender;FreenetMailMessage.SetSignature;FreenetMailMessage.SetSubject;NewFreenetMail,promotion to governed lab,one-to-one,reference-only,"The source carries distinct dormant implementation value but has no live production consumer. Preserve it as an intentional, catalogued lab capability without granting runtime authority; later promotion must extract only target-native value behind a canonical owner.",daemon lab capability corpus,labs/daemon/proxy/freenet_mail.go,The lab source remains byte-identical to its baseline object and traceable by SHA-256.,Live daemon internal packages must not import lab code directly or treat lab presence as production readiness.,n/a,labs/daemon/CAPABILITIES.csv,Path-only promotion from experiments to labs; no live runtime dependency or persisted state change.,Repository-native baseline source; no new external donor bytes introduced.,medium,n/a,high,statically-validated
HVC-LAB-W20-FRP-06CC5C9C,n/a,HVC-LAB-20-wave20-frp,luminet-baseline-d73453f,daemon-labs,frp lab capability,standalone source unit,executable-behaviour/reference implementation,standalone,server/internal/proxy/frp.go,06cc5c9c82dc49e6951081358a364e426c62bf2bfd6b490dc63d3f0f7a1ecfb4,FRP;FRP.Proxy;NewFRP,promotion to governed lab,one-to-one,reference-only,"The source carries distinct dormant implementation value but has no live production consumer. Preserve it as an intentional, catalogued lab capability without granting runtime authority; later promotion must extract only target-native value behind a canonical owner.",daemon lab capability corpus,labs/daemon/proxy/frp.go,The lab source remains byte-identical to its baseline object and traceable by SHA-256.,Live daemon internal packages must not import lab code directly or treat lab presence as production readiness.,n/a,labs/daemon/CAPABILITIES.csv,Path-only promotion from experiments to labs; no live runtime dependency or persisted state change.,Repository-native baseline source; no new external donor bytes introduced.,medium,n/a,high,statically-validated
HVC-LAB-W20-FRP-TUNNEL-3BACC85B,n/a,HVC-LAB-20-wave20-frp-tunnel,luminet-baseline-d73453f,daemon-labs,frp tunnel lab capability,standalone source unit,executable-behaviour/reference implementation,standalone,server/internal/proxy/frp_tunnel.go,3bacc85b7278a0d52472415e0d9b73e65a60858c49b28e3a8a18e44e7fddb917,FRPTunnel;FRPTunnel.AddProxyMapping;FRPTunnel.ClearProxyMappings;FRPTunnel.GetAuthToken;FRPTunnel.GetMappingBandwidthLimit;FRPTunnel.GetMappingCustomDomains;FRPTunnel.GetMappingHeaderMap;FRPTunnel.GetMappingHostHeaderRewrite;FRPTunnel.GetMappingLocalIP;FRPTunnel.GetMappingLocalPort;FRPTunnel.GetMappingLocations;FRPTunnel.GetMappingProxyProtocolVersion;FRPTunnel.GetMappingRemotePort;FRPTunnel.GetMappingSubDomain;FRPTunnel.GetMappingType;FRPTunnel.GetMappingUseCompression;FRPTunnel.GetMappingUseEncryption;FRPTunnel.GetProxyMapping;FRPTunnel.GetProxyMappingCount;FRPTunnel.GetProxyMappings;FRPTunnel.GetRunning;FRPTunnel.GetServerAddr;FRPTunnel.GetServerPort;FRPTunnel.Multiplex;FRPTunnel.RemoveProxyMapping;FRPTunnel.SetAuthToken;FRPTunnel.SetMappingBandwidthLimit;FRPTunnel.SetMappingCustomDomains;FRPTunnel.SetMappingHeaderMap;FRPTunnel.SetMappingHostHeaderRewrite;FRPTunnel.SetMappingLocalIP;FRPTunnel.SetMappingLocalPort;FRPTunnel.SetMappingLocations;FRPTunnel.SetMappingProxyProtocolVersion;FRPTunnel.SetMappingRemotePort;FRPTunnel.SetMappingSubDomain;FRPTunnel.SetMappingType;FRPTunnel.SetMappingUseCompression;FRPTunnel.SetMappingUseEncryption;FRPTunnel.SetRunning;FRPTunnel.SetServerAddr;FRPTunnel.SetServerPort;FRPTunnel.StartTunnel;FRPTunnel.StopTunnel;NewFRPTunnel;ProxyMapping,promotion to governed lab,one-to-one,reference-only,"The source carries distinct dormant implementation value but has no live production consumer. Preserve it as an intentional, catalogued lab capability without granting runtime authority; later promotion must extract only target-native value behind a canonical owner.",daemon lab capability corpus,labs/daemon/proxy/frp_tunnel.go,The lab source remains byte-identical to its baseline object and traceable by SHA-256.,Live daemon internal packages must not import lab code directly or treat lab presence as production readiness.,n/a,labs/daemon/CAPABILITIES.csv,Path-only promotion from experiments to labs; no live runtime dependency or persisted state change.,Repository-native baseline source; no new external donor bytes introduced.,medium,n/a,high,statically-validated
HVC-LAB-W20-GAS-RELAY-ASSETS-FEF3CEC1,n/a,HVC-LAB-20-wave20-gas-relay-assets,luminet-baseline-d73453f,daemon-labs,gas relay assets lab capability,standalone source unit,executable-behaviour/reference implementation,standalone,server/internal/proxy/gas_relay_assets.go,fef3cec1d5943f17957307224dc4cdc8e684376e0845e9954783b232387a1afc,GASRelayAssets;GASRelayAssets.Build;NewGASRelayAssets,promotion to governed lab,one-to-one,reference-only,"The source carries distinct dormant implementation value but has no live production consumer. Preserve it as an intentional, catalogued lab capability without granting runtime authority; later promotion must extract only target-native value behind a canonical owner.",daemon lab capability corpus,labs/daemon/proxy/gas_relay_assets.go,The lab source remains byte-identical to its baseline object and traceable by SHA-256.,Live daemon internal packages must not import lab code directly or treat lab presence as production readiness.,n/a,labs/daemon/CAPABILITIES.csv,Path-only promotion from experiments to labs; no live runtime dependency or persisted state change.,Repository-native baseline source; no new external donor bytes introduced.,medium,n/a,high,statically-validated
HVC-LAB-W20-GENERIC-PROXY-TUNNEL-9A30362E,n/a,HVC-LAB-20-wave20-generic-proxy-tunnel,luminet-baseline-d73453f,daemon-labs,generic proxy tunnel lab capability,standalone source unit,executable-behaviour/reference implementation,standalone,server/internal/proxy/generic_proxy_tunnel.go,9a30362e72041f1a18eff96c926a49bcacc60e0934a666e52e90e2805d57b165,GostEngine;GostEngine.CreateTunnel;GostEngine.StartForwarding;GostEngine.StopForwarding;GostNode;NewGostEngine,promotion to governed lab,one-to-one,reference-only,"The source carries distinct dormant implementation value but has no live production consumer. Preserve it as an intentional, catalogued lab capability without granting runtime authority; later promotion must extract only target-native value behind a canonical owner.",daemon lab capability corpus,labs/daemon/proxy/generic_proxy_tunnel.go,The lab source remains byte-identical to its baseline object and traceable by SHA-256.,Live daemon internal packages must not import lab code directly or treat lab presence as production readiness.,n/a,labs/daemon/CAPABILITIES.csv,Path-only promotion from experiments to labs; no live runtime dependency or persisted state change.,Repository-native baseline source; no new external donor bytes introduced.,medium,n/a,high,statically-validated
HVC-LAB-W20-GFW-RESIST-HTTPS-75420071,n/a,HVC-LAB-20-wave20-gfw-resist-https,luminet-baseline-d73453f,daemon-labs,gfw resist https lab capability,standalone source unit,executable-behaviour/reference implementation,standalone,server/internal/proxy/gfw_resist_https.go,75420071d5a23f8c6b40438764bbb9d37bb5251c154dd7c9484497b0410d623f,GFWResistHTTPS;GFWResistHTTPS.AddStaticDNSEntry;GFWResistHTTPS.BenchmarkDoH;GFWResistHTTPS.Connect;GFWResistHTTPS.DialTCPWithBypass;GFWResistHTTPS.GetDNSMap;GFWResistHTTPS.IsIPBlocked;GFWResistHTTPS.RemoveStaticDNSEntry;GFWResistHTTPS.ResolveDNS;GFWResistHTTPS.SetDoHResolver;GFWResistHTTPS.SetFragmentSleep;GFWResistHTTPS.SetNumFragments;GFWResistHTTPS.SetReadTimeout;GFWResistHTTPS.SetWriteTimeout;GFWResistHTTPS.SplitPayload;GFWResistHTTPS.TunnelConnection;NewGFWResistHTTPS,promotion to governed lab,one-to-one,reference-only,"The source carries distinct dormant implementation value but has no live production consumer. Preserve it as an intentional, catalogued lab capability without granting runtime authority; later promotion must extract only target-native value behind a canonical owner.",daemon lab capability corpus,labs/daemon/proxy/gfw_resist_https.go,The lab source remains byte-identical to its baseline object and traceable by SHA-256.,Live daemon internal packages must not import lab code directly or treat lab presence as production readiness.,n/a,labs/daemon/CAPABILITIES.csv,Path-only promotion from experiments to labs; no live runtime dependency or persisted state change.,Repository-native baseline source; no new external donor bytes introduced.,medium,n/a,high,statically-validated
HVC-LAB-W20-GFW-RESIST-TCP-6CB59C40,n/a,HVC-LAB-20-wave20-gfw-resist-tcp,luminet-baseline-d73453f,daemon-labs,gfw resist tcp lab capability,standalone source unit,executable-behaviour/reference implementation,standalone,server/internal/proxy/gfw_resist_tcp.go,6cb59c4000599cc6409107a7906651b66b51052761eb06349dd8157fb1de941a,GFWResistTCP;GFWResistTCP.ConfigureTCPSocket;GFWResistTCP.Proxy;GFWResistTCP.ProxyTCP;NewGFWResistTCP,promotion to governed lab,one-to-one,reference-only,"The source carries distinct dormant implementation value but has no live production consumer. Preserve it as an intentional, catalogued lab capability without granting runtime authority; later promotion must extract only target-native value behind a canonical owner.",daemon lab capability corpus,labs/daemon/proxy/gfw_resist_tcp.go,The lab source remains byte-identical to its baseline object and traceable by SHA-256.,Live daemon internal packages must not import lab code directly or treat lab presence as production readiness.,n/a,labs/daemon/CAPABILITIES.csv,Path-only promotion from experiments to labs; no live runtime dependency or persisted state change.,Repository-native baseline source; no new external donor bytes introduced.,medium,n/a,high,statically-validated
HVC-LAB-W20-GFW-RESIST-TLS-68D7B3FD,n/a,HVC-LAB-20-wave20-gfw-resist-tls,luminet-baseline-d73453f,daemon-labs,gfw resist tls lab capability,standalone source unit,executable-behaviour/reference implementation,standalone,server/internal/proxy/gfw_resist_tls.go,68d7b3fd24b1128d8a3e27996dbf9fa23478a93cbe7f977401155f48456a8844,GFWResistTLS;GFWResistTLS.ChunkClientHello;NewGFWResistTLS,promotion to governed lab,one-to-one,reference-only,"The source carries distinct dormant implementation value but has no live production consumer. Preserve it as an intentional, catalogued lab capability without granting runtime authority; later promotion must extract only target-native value behind a canonical owner.",daemon lab capability corpus,labs/daemon/proxy/gfw_resist_tls.go,The lab source remains byte-identical to its baseline object and traceable by SHA-256.,Live daemon internal packages must not import lab code directly or treat lab presence as production readiness.,n/a,labs/daemon/CAPABILITIES.csv,Path-only promotion from experiments to labs; no live runtime dependency or persisted state change.,Repository-native baseline source; no new external donor bytes introduced.,medium,n/a,high,statically-validated
HVC-LAB-W20-GFW-WHITELIST-C8BDE0DE,n/a,HVC-LAB-20-wave20-gfw-whitelist,luminet-baseline-d73453f,daemon-labs,gfw whitelist lab capability,standalone source unit,executable-behaviour/reference implementation,standalone,server/internal/proxy/gfw_whitelist.go,c8bde0de415d6055973ef106d4acd5323c10ac4cee33dfdb2e91ca6bfda5b637,GFWWhitelist;GFWWhitelist.Whitelist;NewGFWWhitelist,promotion to governed lab,one-to-one,reference-only,"The source carries distinct dormant implementation value but has no live production consumer. Preserve it as an intentional, catalogued lab capability without granting runtime authority; later promotion must extract only target-native value behind a canonical owner.",daemon lab capability corpus,labs/daemon/proxy/gfw_whitelist.go,The lab source remains byte-identical to its baseline object and traceable by SHA-256.,Live daemon internal packages must not import lab code directly or treat lab presence as production readiness.,n/a,labs/daemon/CAPABILITIES.csv,Path-only promotion from experiments to labs; no live runtime dependency or persisted state change.,Repository-native baseline source; no new external donor bytes introduced.,medium,n/a,high,statically-validated
HVC-LAB-W20-GFWLIST-PARSER-95541A68,n/a,HVC-LAB-20-wave20-gfwlist-parser,luminet-baseline-d73453f,daemon-labs,gfwlist parser lab capability,standalone source unit,executable-behaviour/reference implementation,standalone,server/internal/proxy/gfwlist_parser.go,95541a686304ee897bdd7ffc883ea2d3b2c319da54ea75f5c23302516a08221d,GFWListParser;GFWListParser.AddBlockedDomain;GFWListParser.AddSuffixRule;GFWListParser.AddWhitelistedDomain;GFWListParser.ClearBlocklist;GFWListParser.ExportRulesJSON;GFWListParser.GetBlockedDomains;GFWListParser.GetBlockedDomainsCount;GFWListParser.GetSuffixRules;GFWListParser.ImportRulesJSON;GFWListParser.IsDomainInWhitelist;GFWListParser.LoadGFWList;GFWListParser.Match;GFWListParser.Parse;GFWListParser.RemoveBlockedDomain;GFWListParser.RemoveSuffixRule;NewGFWListParser,promotion to governed lab,one-to-one,reference-only,"The source carries distinct dormant implementation value but has no live production consumer. Preserve it as an intentional, catalogued lab capability without granting runtime authority; later promotion must extract only target-native value behind a canonical owner.",daemon lab capability corpus,labs/daemon/proxy/gfwlist_parser.go,The lab source remains byte-identical to its baseline object and traceable by SHA-256.,Live daemon internal packages must not import lab code directly or treat lab presence as production readiness.,n/a,labs/daemon/CAPABILITIES.csv,Path-only promotion from experiments to labs; no live runtime dependency or persisted state change.,Repository-native baseline source; no new external donor bytes introduced.,medium,n/a,high,statically-validated
HVC-LAB-W20-GO-CIDR-BD0D876A,n/a,HVC-LAB-20-wave20-go-cidr,luminet-baseline-d73453f,daemon-labs,go cidr lab capability,standalone source unit,executable-behaviour/reference implementation,standalone,server/internal/proxy/go_cidr.go,bd0d876a60571feba0a42cedded28125b34a7e6502304b61d7b6cca0af5397d5,AddressCount;AddressRange;Dec;Host;HostBig;Inc;NextSubnet;PreviousSubnet;Subnet;SubnetBig;VerifyNoOverlap,promotion to governed lab,one-to-one,reference-only,"The source carries distinct dormant implementation value but has no live production consumer. Preserve it as an intentional, catalogued lab capability without granting runtime authority; later promotion must extract only target-native value behind a canonical owner.",daemon lab capability corpus,labs/daemon/proxy/go_cidr.go,The lab source remains byte-identical to its baseline object and traceable by SHA-256.,Live daemon internal packages must not import lab code directly or treat lab presence as production readiness.,labs/daemon/proxy/go_cidr_test.go,labs/daemon/CAPABILITIES.csv,Path-only promotion from experiments to labs; no live runtime dependency or persisted state change.,Repository-native baseline source; no new external donor bytes introduced.,medium,n/a,high,statically-validated
HVC-LAB-W20-GO-MITM-TLS-E648EEEB,n/a,HVC-LAB-20-wave20-go-mitm-tls,luminet-baseline-d73453f,daemon-labs,go mitm tls lab capability,standalone source unit,executable-behaviour/reference implementation,standalone,server/internal/proxy/go_mitm_tls.go,e648eeeb289083b834f3e6192dd74a70402102e83dfe348902dc9dbaf59cf48b,GoMitmTLS;GoMitmTLS.Intercept;NewGoMitmTLS,promotion to governed lab,one-to-one,reference-only,"The source carries distinct dormant implementation value but has no live production consumer. Preserve it as an intentional, catalogued lab capability without granting runtime authority; later promotion must extract only target-native value behind a canonical owner.",daemon lab capability corpus,labs/daemon/proxy/go_mitm_tls.go,The lab source remains byte-identical to its baseline object and traceable by SHA-256.,Live daemon internal packages must not import lab code directly or treat lab presence as production readiness.,n/a,labs/daemon/CAPABILITIES.csv,Path-only promotion from experiments to labs; no live runtime dependency or persisted state change.,Repository-native baseline source; no new external donor bytes introduced.,medium,n/a,high,statically-validated
HVC-LAB-W20-GO-MITMPROXY-C42BCAC7,n/a,HVC-LAB-20-wave20-go-mitmproxy,luminet-baseline-d73453f,daemon-labs,go mitmproxy lab capability,standalone source unit,executable-behaviour/reference implementation,standalone,server/internal/proxy/go_mitmproxy.go,c42bcac7080a1548779304069b5619dadb5512b7a6c74802041efca342b163e8,GoMitmProxy;GoMitmProxy.StartInterceptor;NewGoMitmProxy,promotion to governed lab,one-to-one,reference-only,"The source carries distinct dormant implementation value but has no live production consumer. Preserve it as an intentional, catalogued lab capability without granting runtime authority; later promotion must extract only target-native value behind a canonical owner.",daemon lab capability corpus,labs/daemon/proxy/go_mitmproxy.go,The lab source remains byte-identical to its baseline object and traceable by SHA-256.,Live daemon internal packages must not import lab code directly or treat lab presence as production readiness.,n/a,labs/daemon/CAPABILITIES.csv,Path-only promotion from experiments to labs; no live runtime dependency or persisted state change.,Repository-native baseline source; no new external donor bytes introduced.,medium,n/a,high,statically-validated
HVC-LAB-W20-GO-SS2-7D9D1A79,n/a,HVC-LAB-20-wave20-go-ss2,luminet-baseline-d73453f,daemon-labs,go ss2 lab capability,standalone source unit,executable-behaviour/reference implementation,standalone,server/internal/proxy/go_ss2.go,7d9d1a79473ea7dc0cfe0a91dd80b09ed72b500b7510a56d9c2b1b00d244ecff,GoSS2;GoSS2.SpeedDial;NewGoSS2,promotion to governed lab,one-to-one,reference-only,"The source carries distinct dormant implementation value but has no live production consumer. Preserve it as an intentional, catalogued lab capability without granting runtime authority; later promotion must extract only target-native value behind a canonical owner.",daemon lab capability corpus,labs/daemon/proxy/go_ss2.go,The lab source remains byte-identical to its baseline object and traceable by SHA-256.,Live daemon internal packages must not import lab code directly or treat lab presence as production readiness.,n/a,labs/daemon/CAPABILITIES.csv,Path-only promotion from experiments to labs; no live runtime dependency or persisted state change.,Repository-native baseline source; no new external donor bytes introduced.,medium,n/a,high,statically-validated
HVC-LAB-W20-GO-TUN2SOCKS-A02956D8,n/a,HVC-LAB-20-wave20-go-tun2socks,luminet-baseline-d73453f,daemon-labs,go tun2socks lab capability,standalone source unit,executable-behaviour/reference implementation,standalone,server/internal/proxy/go_tun2socks.go,a02956d83faf0e6eb32bd53e73a5801a3c68eaff52e3d847925fb9692f06271d,GoTun2Socks;GoTun2Socks.Redirect;NewGoTun2Socks,promotion to governed lab,one-to-one,reference-only,"The source carries distinct dormant implementation value but has no live production consumer. Preserve it as an intentional, catalogued lab capability without granting runtime authority; later promotion must extract only target-native value behind a canonical owner.",daemon lab capability corpus,labs/daemon/proxy/go_tun2socks.go,The lab source remains byte-identical to its baseline object and traceable by SHA-256.,Live daemon internal packages must not import lab code directly or treat lab presence as production readiness.,n/a,labs/daemon/CAPABILITIES.csv,Path-only promotion from experiments to labs; no live runtime dependency or persisted state change.,Repository-native baseline source; no new external donor bytes introduced.,medium,n/a,high,statically-validated
HVC-LAB-W20-GOHOP-092BF3CE,n/a,HVC-LAB-20-wave20-gohop,luminet-baseline-d73453f,daemon-labs,gohop lab capability,standalone source unit,executable-behaviour/reference implementation,standalone,server/internal/proxy/gohop.go,092bf3ce47d2923f13756d27a17a41fd027cdf0cc95f511799b7c31b83bdacd6,GoHop;GoHop.HopPorts;NewGoHop,promotion to governed lab,one-to-one,reference-only,"The source carries distinct dormant implementation value but has no live production consumer. Preserve it as an intentional, catalogued lab capability without granting runtime authority; later promotion must extract only target-native value behind a canonical owner.",daemon lab capability corpus,labs/daemon/proxy/gohop.go,The lab source remains byte-identical to its baseline object and traceable by SHA-256.,Live daemon internal packages must not import lab code directly or treat lab presence as production readiness.,n/a,labs/daemon/CAPABILITIES.csv,Path-only promotion from experiments to labs; no live runtime dependency or persisted state change.,Repository-native baseline source; no new external donor bytes introduced.,medium,n/a,high,statically-validated
HVC-LAB-W20-GOOGLE-DRIVE-TUNNEL-E9A29F81,n/a,HVC-LAB-20-wave20-google-drive-tunnel,luminet-baseline-d73453f,daemon-labs,google drive tunnel lab capability,standalone source unit,executable-behaviour/reference implementation,standalone,server/internal/proxy/google_drive_tunnel.go,e9a29f8191af9a9190b092782a41d8b6c4e33f1257b6cb4a9aecac527bc6cb3a,GDriveTransport;GDriveTransport.SendPacket,promotion to governed lab,one-to-one,reference-only,"The source carries distinct dormant implementation value but has no live production consumer. Preserve it as an intentional, catalogued lab capability without granting runtime authority; later promotion must extract only target-native value behind a canonical owner.",daemon lab capability corpus,labs/daemon/proxy/google_drive_tunnel.go,The lab source remains byte-identical to its baseline object and traceable by SHA-256.,Live daemon internal packages must not import lab code directly or treat lab presence as production readiness.,n/a,labs/daemon/CAPABILITIES.csv,Path-only promotion from experiments to labs; no live runtime dependency or persisted state change.,Repository-native baseline source; no new external donor bytes introduced.,medium,n/a,high,statically-validated
HVC-LAB-W20-GOOGLE-RELAY-35879351,n/a,HVC-LAB-20-wave20-google-relay,luminet-baseline-d73453f,daemon-labs,google relay lab capability,standalone source unit,executable-behaviour/reference implementation,standalone,server/internal/proxy/google_relay.go,35879351a69cc0c35a6c6ef6acd802aef18c9a9fd1d60de0b2c72a78ce870098,GoogleRelay;GoogleRelay.Relay;NewGoogleRelay,promotion to governed lab,one-to-one,reference-only,"The source carries distinct dormant implementation value but has no live production consumer. Preserve it as an intentional, catalogued lab capability without granting runtime authority; later promotion must extract only target-native value behind a canonical owner.",daemon lab capability corpus,labs/daemon/proxy/google_relay.go,The lab source remains byte-identical to its baseline object and traceable by SHA-256.,Live daemon internal packages must not import lab code directly or treat lab presence as production readiness.,n/a,labs/daemon/CAPABILITIES.csv,Path-only promotion from experiments to labs; no live runtime dependency or persisted state change.,Repository-native baseline source; no new external donor bytes introduced.,medium,n/a,high,statically-validated
HVC-LAB-W20-GOPACKET-5E030C23,n/a,HVC-LAB-20-wave20-gopacket,luminet-baseline-d73453f,daemon-labs,gopacket lab capability,standalone source unit,executable-behaviour/reference implementation,standalone,server/internal/proxy/gopacket.go,5e030c23876f3645e105268484fc21ee4e594c9f706cf694e474829f2d99bdbf,GoPacket;GoPacket.ProcessPacket;NewGoPacket,promotion to governed lab,one-to-one,reference-only,"The source carries distinct dormant implementation value but has no live production consumer. Preserve it as an intentional, catalogued lab capability without granting runtime authority; later promotion must extract only target-native value behind a canonical owner.",daemon lab capability corpus,labs/daemon/proxy/gopacket.go,The lab source remains byte-identical to its baseline object and traceable by SHA-256.,Live daemon internal packages must not import lab code directly or treat lab presence as production readiness.,n/a,labs/daemon/CAPABILITIES.csv,Path-only promotion from experiments to labs; no live runtime dependency or persisted state change.,Repository-native baseline source; no new external donor bytes introduced.,medium,n/a,high,statically-validated
HVC-LAB-W20-GOST-CHAIN-F49D016F,n/a,HVC-LAB-20-wave20-gost-chain,luminet-baseline-d73453f,daemon-labs,gost chain lab capability,standalone source unit,executable-behaviour/reference implementation,standalone,server/internal/proxy/gost_chain.go,f49d016f6466fc8408fc46ae8cc88fb9d2f03b1cd464676ff317df2c98e6e99a,NewProxyChain;ProxyChain;ProxyChain.Dial;ProxyNode,promotion to governed lab,one-to-one,reference-only,"The source carries distinct dormant implementation value but has no live production consumer. Preserve it as an intentional, catalogued lab capability without granting runtime authority; later promotion must extract only target-native value behind a canonical owner.",daemon lab capability corpus,labs/daemon/proxy/gost_chain.go,The lab source remains byte-identical to its baseline object and traceable by SHA-256.,Live daemon internal packages must not import lab code directly or treat lab presence as production readiness.,n/a,labs/daemon/CAPABILITIES.csv,Path-only promotion from experiments to labs; no live runtime dependency or persisted state change.,Repository-native baseline source; no new external donor bytes introduced.,medium,n/a,high,statically-validated
HVC-LAB-W20-GRACEFUL-LISTENER-1985E28D,n/a,HVC-LAB-20-wave20-graceful-listener,luminet-baseline-d73453f,daemon-labs,graceful listener lab capability,standalone source unit,executable-behaviour/reference implementation,standalone,server/internal/proxy/graceful_listener.go,1985e28daa2a5679719323efe322dfa7b9cb51ee48071c319c9b470051bbc46a,GracefulListener;GracefulListener.Accept;GracefulListener.CloseGracefully;NewGracefulListener;gracefulConn.Close,promotion to governed lab,one-to-one,reference-only,"The source carries distinct dormant implementation value but has no live production consumer. Preserve it as an intentional, catalogued lab capability without granting runtime authority; later promotion must extract only target-native value behind a canonical owner.",daemon lab capability corpus,labs/daemon/proxy/graceful_listener.go,The lab source remains byte-identical to its baseline object and traceable by SHA-256.,Live daemon internal packages must not import lab code directly or treat lab presence as production readiness.,n/a,labs/daemon/CAPABILITIES.csv,Path-only promotion from experiments to labs; no live runtime dependency or persisted state change.,Repository-native baseline source; no new external donor bytes introduced.,medium,n/a,high,statically-validated
HVC-LAB-W20-GVISOR-LWIP-0B9671FF,n/a,HVC-LAB-20-wave20-gvisor-lwip,luminet-baseline-d73453f,daemon-labs,gvisor lwip lab capability,standalone source unit,executable-behaviour/reference implementation,standalone,server/internal/proxy/gvisor_lwip.go,0b9671ff6fd67cf5d81226113b0145a2ecea0c2adce0d1dd6583a3b9dd4e1a63,NetstackGvisor;NetstackLwip;NetstackSystem;NetstackType;NewGvisorStack;NewLwipStack;UserspaceNetstack;gvisorNetstack.AcceptTCP;gvisorNetstack.AcceptUDP;gvisorNetstack.Close;gvisorNetstack.Start;lwipNetstack.AcceptTCP;lwipNetstack.AcceptUDP;lwipNetstack.Close;lwipNetstack.Start;virtualConn.Close;virtualConn.LocalAddr;virtualConn.Read;virtualConn.RemoteAddr;virtualConn.SetDeadline;virtualConn.SetReadDeadline;virtualConn.SetWriteDeadline;virtualConn.Write;virtualPacketConn.Close;virtualPacketConn.LocalAddr;virtualPacketConn.ReadFrom;virtualPacketConn.SetDeadline;virtualPacketConn.SetReadDeadline;virtualPacketConn.SetWriteDeadline;virtualPacketConn.WriteTo,promotion to governed lab,one-to-one,reference-only,"The source carries distinct dormant implementation value but has no live production consumer. Preserve it as an intentional, catalogued lab capability without granting runtime authority; later promotion must extract only target-native value behind a canonical owner.",daemon lab capability corpus,labs/daemon/proxy/gvisor_lwip.go,The lab source remains byte-identical to its baseline object and traceable by SHA-256.,Live daemon internal packages must not import lab code directly or treat lab presence as production readiness.,labs/daemon/proxy/gvisor_lwip_test.go,labs/daemon/CAPABILITIES.csv,Path-only promotion from experiments to labs; no live runtime dependency or persisted state change.,Repository-native baseline source; no new external donor bytes introduced.,medium,n/a,high,statically-validated
HVC-LAB-W20-GVISOR-STACK-56D6A0A7,n/a,HVC-LAB-20-wave20-gvisor-stack,luminet-baseline-d73453f,daemon-labs,gvisor stack lab capability,standalone source unit,executable-behaviour/reference implementation,standalone,server/internal/proxy/gvisor_stack.go,56d6a0a771892ab9b6da97191e946c173fc5e5b310c32bfa38cdfc7a92ec2b79,NewUserspaceStack;UserspaceStack;UserspaceStack.DeliverIPPacket,promotion to governed lab,one-to-one,reference-only,"The source carries distinct dormant implementation value but has no live production consumer. Preserve it as an intentional, catalogued lab capability without granting runtime authority; later promotion must extract only target-native value behind a canonical owner.",daemon lab capability corpus,labs/daemon/proxy/gvisor_stack.go,The lab source remains byte-identical to its baseline object and traceable by SHA-256.,Live daemon internal packages must not import lab code directly or treat lab presence as production readiness.,labs/daemon/proxy/gvisor_stack_test.go,labs/daemon/CAPABILITIES.csv,Path-only promotion from experiments to labs; no live runtime dependency or persisted state change.,Repository-native baseline source; no new external donor bytes introduced.,medium,n/a,high,statically-validated
HVC-LAB-W20-HANDSHAKE-FINGERPRINT-15285A74,n/a,HVC-LAB-20-wave20-handshake-fingerprint,luminet-baseline-d73453f,daemon-labs,handshake fingerprint lab capability,standalone source unit,executable-behaviour/reference implementation,standalone,server/internal/proxy/handshake_fingerprint.go,15285a7446d2da44fc8aa7d137ef714e897ca1eb69dffb2f8efef1b7df4acd8e,ClientHello;ClientHello.ParseClientHello;ClientHello.Raw;FingerprintID;FingerprintID.AsHex;NewQUICClientHelloReconstructor;NewTLSFingerprinter;ParseQUICTransportParameters;QUICClientHelloReconstructor;QUICClientHelloReconstructor.AddFragment;QUICClientHelloReconstructor.Reconstruct;QUICTransportParameters;ReadClientHello;RewindConn;TLSFingerprinter;TLSFingerprinter.GetClientHello;TLSFingerprinter.HandleTCPConn;Uint8Arr;Uint8Arr.MarshalJSON;UnmarshalClientHello;rewindConn.CloseWrite;rewindConn.Read,promotion to governed lab,one-to-one,reference-only,"The source carries distinct dormant implementation value but has no live production consumer. Preserve it as an intentional, catalogued lab capability without granting runtime authority; later promotion must extract only target-native value behind a canonical owner.",daemon lab capability corpus,labs/daemon/proxy/handshake_fingerprint.go,The lab source remains byte-identical to its baseline object and traceable by SHA-256.,Live daemon internal packages must not import lab code directly or treat lab presence as production readiness.,labs/daemon/proxy/handshake_fingerprint_test.go,labs/daemon/CAPABILITIES.csv,Path-only promotion from experiments to labs; no live runtime dependency or persisted state change.,Repository-native baseline source; no new external donor bytes introduced.,medium,n/a,high,statically-validated
HVC-LAB-W20-HARNESS-METRICS-REPORTERS-CE8B93BD,n/a,HVC-LAB-20-wave20-harness-metrics-reporters,luminet-baseline-d73453f,daemon-labs,harness metrics reporters lab capability,standalone source unit,executable-behaviour/reference implementation,standalone,server/internal/proxy/harness_metrics_reporters.go,ce8b93bd32936fe7f4bb32f8c57743a469445bbee7a7feb355ec31fef057b3b4,BlackRockMetricsCollector;BlackRockMetricsCollector.ClearAll;BlackRockMetricsCollector.GetM1;BlackRockMetricsCollector.GetM10;BlackRockMetricsCollector.GetM11;BlackRockMetricsCollector.GetM12;BlackRockMetricsCollector.GetM13;BlackRockMetricsCollector.GetM14;BlackRockMetricsCollector.GetM15;BlackRockMetricsCollector.GetM16;BlackRockMetricsCollector.GetM17;BlackRockMetricsCollector.GetM18;BlackRockMetricsCollector.GetM19;BlackRockMetricsCollector.GetM2;BlackRockMetricsCollector.GetM20;BlackRockMetricsCollector.GetM21;BlackRockMetricsCollector.GetM22;BlackRockMetricsCollector.GetM23;BlackRockMetricsCollector.GetM24;BlackRockMetricsCollector.GetM25;BlackRockMetricsCollector.GetM26;BlackRockMetricsCollector.GetM27;BlackRockMetricsCollector.GetM28;BlackRockMetricsCollector.GetM29;BlackRockMetricsCollector.GetM3;BlackRockMetricsCollector.GetM30;BlackRockMetricsCollector.GetM31;BlackRockMetricsCollector.GetM32;BlackRockMetricsCollector.GetM33;BlackRockMetricsCollector.GetM34;BlackRockMetricsCollector.GetM35;BlackRockMetricsCollector.GetM36;BlackRockMetricsCollector.GetM37;BlackRockMetricsCollector.GetM38;BlackRockMetricsCollector.GetM39;BlackRockMetricsCollector.GetM4;BlackRockMetricsCollector.GetM40;BlackRockMetricsCollector.GetM41;BlackRockMetricsCollector.GetM42;BlackRockMetricsCollector.GetM43;BlackRockMetricsCollector.GetM44;BlackRockMetricsCollector.GetM45;BlackRockMetricsCollector.GetM46;BlackRockMetricsCollector.GetM47;BlackRockMetricsCollector.GetM48;BlackRockMetricsCollector.GetM49;BlackRockMetricsCollector.GetM5;BlackRockMetricsCollector.GetM50;BlackRockMetricsCollector.GetM6;BlackRockMetricsCollector.GetM7;BlackRockMetricsCollector.GetM8;BlackRockMetricsCollector.GetM9;BlackRockMetricsCollector.SetM1;BlackRockMetricsCollector.SetM10;BlackRockMetricsCollector.SetM11;BlackRockMetricsCollector.SetM12;BlackRockMetricsCollector.SetM13;BlackRockMetricsCollector.SetM14;BlackRockMetricsCollector.SetM15;BlackRockMetricsCollector.SetM16;BlackRockMetricsCollector.SetM17;BlackRockMetricsCollector.SetM18;BlackRockMetricsCollector.SetM19;BlackRockMetricsCollector.SetM2;BlackRockMetricsCollector.SetM20;BlackRockMetricsCollector.SetM21;BlackRockMetricsCollector.SetM22;BlackRockMetricsCollector.SetM23;BlackRockMetricsCollector.SetM24;BlackRockMetricsCollector.SetM25;BlackRockMetricsCollector.SetM26;BlackRockMetricsCollector.SetM27;BlackRockMetricsCollector.SetM28;BlackRockMetricsCollector.SetM29;BlackRockMetricsCollector.SetM3;BlackRockMetricsCollector.SetM30;BlackRockMetricsCollector.SetM31;BlackRockMetricsCollector.SetM32;BlackRockMetricsCollector.SetM33;BlackRockMetricsCollector.SetM34;BlackRockMetricsCollector.SetM35;BlackRockMetricsCollector.SetM36;BlackRockMetricsCollector.SetM37;BlackRockMetricsCollector.SetM38;BlackRockMetricsCollector.SetM39;BlackRockMetricsCollector.SetM4;BlackRockMetricsCollector.SetM40;BlackRockMetricsCollector.SetM41;BlackRockMetricsCollector.SetM42;BlackRockMetricsCollector.SetM43;BlackRockMetricsCollector.SetM44;BlackRockMetricsCollector.SetM45;BlackRockMetricsCollector.SetM46;BlackRockMetricsCollector.SetM47;BlackRockMetricsCollector.SetM48;BlackRockMetricsCollector.SetM49;BlackRockMetricsCollector.SetM5;BlackRockMetricsCollector.SetM50;BlackRockMetricsCollector.SetM6;BlackRockMetricsCollector.SetM7;BlackRockMetricsCollector.SetM8;BlackRockMetricsCollector.SetM9;BypassMetricsCollector;BypassMetricsCollector.ClearAll;BypassMetricsCollector.GetM1;BypassMetricsCollector.GetM10;BypassMetricsCollector.GetM11;BypassMetricsCollector.GetM12;BypassMetricsCollector.GetM13;BypassMetricsCollector.GetM14;BypassMetricsCollector.GetM15;BypassMetricsCollector.GetM16;BypassMetricsCollector.GetM17;BypassMetricsCollector.GetM18;BypassMetricsCollector.GetM19;BypassMetricsCollector.GetM2;BypassMetricsCollector.GetM20;BypassMetricsCollector.GetM21;BypassMetricsCollector.GetM22;BypassMetricsCollector.GetM23;BypassMetricsCollector.GetM24;BypassMetricsCollector.GetM25;BypassMetricsCollector.GetM26;BypassMetricsCollector.GetM27;BypassMetricsCollector.GetM28;BypassMetricsCollector.GetM29;BypassMetricsCollector.GetM3;BypassMetricsCollector.GetM30;BypassMetricsCollector.GetM31;BypassMetricsCollector.GetM32;BypassMetricsCollector.GetM33;BypassMetricsCollector.GetM34;BypassMetricsCollector.GetM35;BypassMetricsCollector.GetM36;BypassMetricsCollector.GetM37;BypassMetricsCollector.GetM38;BypassMetricsCollector.GetM39;BypassMetricsCollector.GetM4;BypassMetricsCollector.GetM40;BypassMetricsCollector.GetM41;BypassMetricsCollector.GetM42;BypassMetricsCollector.GetM43;BypassMetricsCollector.GetM44;BypassMetricsCollector.GetM45;BypassMetricsCollector.GetM46;BypassMetricsCollector.GetM47;BypassMetricsCollector.GetM48;BypassMetricsCollector.GetM49;BypassMetricsCollector.GetM5;BypassMetricsCollector.GetM50;BypassMetricsCollector.GetM6;BypassMetricsCollector.GetM7;BypassMetricsCollector.GetM8;BypassMetricsCollector.GetM9;BypassMetricsCollector.SetM1;BypassMetricsCollector.SetM10;BypassMetricsCollector.SetM11;BypassMetricsCollector.SetM12;BypassMetricsCollector.SetM13;BypassMetricsCollector.SetM14;BypassMetricsCollector.SetM15;BypassMetricsCollector.SetM16;BypassMetricsCollector.SetM17;BypassMetricsCollector.SetM18;BypassMetricsCollector.SetM19;BypassMetricsCollector.SetM2;BypassMetricsCollector.SetM20;BypassMetricsCollector.SetM21;BypassMetricsCollector.SetM22;BypassMetricsCollector.SetM23;BypassMetricsCollector.SetM24;BypassMetricsCollector.SetM25;BypassMetricsCollector.SetM26;BypassMetricsCollector.SetM27;BypassMetricsCollector.SetM28;BypassMetricsCollector.SetM29;BypassMetricsCollector.SetM3;BypassMetricsCollector.SetM30;BypassMetricsCollector.SetM31;BypassMetricsCollector.SetM32;BypassMetricsCollector.SetM33;BypassMetricsCollector.SetM34;BypassMetricsCollector.SetM35;BypassMetricsCollector.SetM36;BypassMetricsCollector.SetM37;BypassMetricsCollector.SetM38;BypassMetricsCollector.SetM39;BypassMetricsCollector.SetM4;BypassMetricsCollector.SetM40;BypassMetricsCollector.SetM41;BypassMetricsCollector.SetM42;BypassMetricsCollector.SetM43;BypassMetricsCollector.SetM44;BypassMetricsCollector.SetM45;BypassMetricsCollector.SetM46;BypassMetricsCollector.SetM47;BypassMetricsCollector.SetM48;BypassMetricsCollector.SetM49;BypassMetricsCollector.SetM5;BypassMetricsCollector.SetM50;BypassMetricsCollector.SetM6;BypassMetricsCollector.SetM7;BypassMetricsCollector.SetM8;BypassMetricsCollector.SetM9;DesyncMetricsCollector;DesyncMetricsCollector.ClearAll;DesyncMetricsCollector.GetM1;DesyncMetricsCollector.GetM10;DesyncMetricsCollector.GetM11;DesyncMetricsCollector.GetM12;DesyncMetricsCollector.GetM13;DesyncMetricsCollector.GetM14;DesyncMetricsCollector.GetM15;DesyncMetricsCollector.GetM16;DesyncMetricsCollector.GetM17;DesyncMetricsCollector.GetM18;DesyncMetricsCollector.GetM19;DesyncMetricsCollector.GetM2;DesyncMetricsCollector.GetM20;DesyncMetricsCollector.GetM21;DesyncMetricsCollector.GetM22;DesyncMetricsCollector.GetM23;DesyncMetricsCollector.GetM24;DesyncMetricsCollector.GetM25;DesyncMetricsCollector.GetM26;DesyncMetricsCollector.GetM27;DesyncMetricsCollector.GetM28;DesyncMetricsCollector.GetM29;DesyncMetricsCollector.GetM3;DesyncMetricsCollector.GetM30;DesyncMetricsCollector.GetM31;DesyncMetricsCollector.GetM32;DesyncMetricsCollector.GetM33;DesyncMetricsCollector.GetM34;DesyncMetricsCollector.GetM35;DesyncMetricsCollector.GetM36;DesyncMetricsCollector.GetM37;DesyncMetricsCollector.GetM38;DesyncMetricsCollector.GetM39;DesyncMetricsCollector.GetM4;DesyncMetricsCollector.GetM40;DesyncMetricsCollector.GetM41;DesyncMetricsCollector.GetM42;DesyncMetricsCollector.GetM43;DesyncMetricsCollector.GetM44;DesyncMetricsCollector.GetM45;DesyncMetricsCollector.GetM46;DesyncMetricsCollector.GetM47;DesyncMetricsCollector.GetM48;DesyncMetricsCollector.GetM49;DesyncMetricsCollector.GetM5;DesyncMetricsCollector.GetM50;DesyncMetricsCollector.GetM6;DesyncMetricsCollector.GetM7;DesyncMetricsCollector.GetM8;DesyncMetricsCollector.GetM9;DesyncMetricsCollector.SetM1;DesyncMetricsCollector.SetM10;DesyncMetricsCollector.SetM11;DesyncMetricsCollector.SetM12;DesyncMetricsCollector.SetM13;DesyncMetricsCollector.SetM14;DesyncMetricsCollector.SetM15;DesyncMetricsCollector.SetM16;DesyncMetricsCollector.SetM17;DesyncMetricsCollector.SetM18;DesyncMetricsCollector.SetM19;DesyncMetricsCollector.SetM2;DesyncMetricsCollector.SetM20;DesyncMetricsCollector.SetM21;DesyncMetricsCollector.SetM22;DesyncMetricsCollector.SetM23;DesyncMetricsCollector.SetM24;DesyncMetricsCollector.SetM25;DesyncMetricsCollector.SetM26;DesyncMetricsCollector.SetM27;DesyncMetricsCollector.SetM28;DesyncMetricsCollector.SetM29;DesyncMetricsCollector.SetM3;DesyncMetricsCollector.SetM30;DesyncMetricsCollector.SetM31;DesyncMetricsCollector.SetM32;DesyncMetricsCollector.SetM33;DesyncMetricsCollector.SetM34;DesyncMetricsCollector.SetM35;DesyncMetricsCollector.SetM36;DesyncMetricsCollector.SetM37;DesyncMetricsCollector.SetM38;DesyncMetricsCollector.SetM39;DesyncMetricsCollector.SetM4;DesyncMetricsCollector.SetM40;DesyncMetricsCollector.SetM41;DesyncMetricsCollector.SetM42;DesyncMetricsCollector.SetM43;DesyncMetricsCollector.SetM44;DesyncMetricsCollector.SetM45;DesyncMetricsCollector.SetM46;DesyncMetricsCollector.SetM47;DesyncMetricsCollector.SetM48;DesyncMetricsCollector.SetM49;DesyncMetricsCollector.SetM5;DesyncMetricsCollector.SetM50;DesyncMetricsCollector.SetM6;DesyncMetricsCollector.SetM7;DesyncMetricsCollector.SetM8;DesyncMetricsCollector.SetM9;DnsManagerMetricsCollector;DnsManagerMetricsCollector.ClearAll;DnsManagerMetricsCollector.GetM1;DnsManagerMetricsCollector.GetM10;DnsManagerMetricsCollector.GetM11;DnsManagerMetricsCollector.GetM12;DnsManagerMetricsCollector.GetM13;DnsManagerMetricsCollector.GetM14;DnsManagerMetricsCollector.GetM15;DnsManagerMetricsCollector.GetM16;DnsManagerMetricsCollector.GetM17;DnsManagerMetricsCollector.GetM18;DnsManagerMetricsCollector.GetM19;DnsManagerMetricsCollector.GetM2;DnsManagerMetricsCollector.GetM20;DnsManagerMetricsCollector.GetM21;DnsManagerMetricsCollector.GetM22;DnsManagerMetricsCollector.GetM23;DnsManagerMetricsCollector.GetM24;DnsManagerMetricsCollector.GetM25;DnsManagerMetricsCollector.GetM26;DnsManagerMetricsCollector.GetM27;DnsManagerMetricsCollector.GetM28;DnsManagerMetricsCollector.GetM29;DnsManagerMetricsCollector.GetM3;DnsManagerMetricsCollector.GetM30;DnsManagerMetricsCollector.GetM31;DnsManagerMetricsCollector.GetM32;DnsManagerMetricsCollector.GetM33;DnsManagerMetricsCollector.GetM34;DnsManagerMetricsCollector.GetM35;DnsManagerMetricsCollector.GetM36;DnsManagerMetricsCollector.GetM37;DnsManagerMetricsCollector.GetM38;DnsManagerMetricsCollector.GetM39;DnsManagerMetricsCollector.GetM4;DnsManagerMetricsCollector.GetM40;DnsManagerMetricsCollector.GetM41;DnsManagerMetricsCollector.GetM42;DnsManagerMetricsCollector.GetM43;DnsManagerMetricsCollector.GetM44;DnsManagerMetricsCollector.GetM45;DnsManagerMetricsCollector.GetM46;DnsManagerMetricsCollector.GetM47;DnsManagerMetricsCollector.GetM48;DnsManagerMetricsCollector.GetM49;DnsManagerMetricsCollector.GetM5;DnsManagerMetricsCollector.GetM50;DnsManagerMetricsCollector.GetM6;DnsManagerMetricsCollector.GetM7;DnsManagerMetricsCollector.GetM8;DnsManagerMetricsCollector.GetM9;DnsManagerMetricsCollector.SetM1;DnsManagerMetricsCollector.SetM10;DnsManagerMetricsCollector.SetM11;DnsManagerMetricsCollector.SetM12;DnsManagerMetricsCollector.SetM13;DnsManagerMetricsCollector.SetM14;DnsManagerMetricsCollector.SetM15;DnsManagerMetricsCollector.SetM16;DnsManagerMetricsCollector.SetM17;DnsManagerMetricsCollector.SetM18;DnsManagerMetricsCollector.SetM19;DnsManagerMetricsCollector.SetM2;DnsManagerMetricsCollector.SetM20;DnsManagerMetricsCollector.SetM21;DnsManagerMetricsCollector.SetM22;DnsManagerMetricsCollector.SetM23;DnsManagerMetricsCollector.SetM24;DnsManagerMetricsCollector.SetM25;DnsManagerMetricsCollector.SetM26;DnsManagerMetricsCollector.SetM27;DnsManagerMetricsCollector.SetM28;DnsManagerMetricsCollector.SetM29;DnsManagerMetricsCollector.SetM3;DnsManagerMetricsCollector.SetM30;DnsManagerMetricsCollector.SetM31;DnsManagerMetricsCollector.SetM32;DnsManagerMetricsCollector.SetM33;DnsManagerMetricsCollector.SetM34;DnsManagerMetricsCollector.SetM35;DnsManagerMetricsCollector.SetM36;DnsManagerMetricsCollector.SetM37;DnsManagerMetricsCollector.SetM38;DnsManagerMetricsCollector.SetM39;DnsManagerMetricsCollector.SetM4;DnsManagerMetricsCollector.SetM40;DnsManagerMetricsCollector.SetM41;DnsManagerMetricsCollector.SetM42;DnsManagerMetricsCollector.SetM43;DnsManagerMetricsCollector.SetM44;DnsManagerMetricsCollector.SetM45;DnsManagerMetricsCollector.SetM46;DnsManagerMetricsCollector.SetM47;DnsManagerMetricsCollector.SetM48;DnsManagerMetricsCollector.SetM49;DnsManagerMetricsCollector.SetM5;DnsManagerMetricsCollector.SetM50;DnsManagerMetricsCollector.SetM6;DnsManagerMetricsCollector.SetM7;DnsManagerMetricsCollector.SetM8;DnsManagerMetricsCollector.SetM9;NewBlackRockMetricsCollector;NewBypassMetricsCollector;NewDesyncMetricsCollector;NewDnsManagerMetricsCollector;NewPreflightMetricsCollector;NewS3SignerMetricsCollector;NewSocketTagMetricsCollector;NewTruthTableMetricsCollector;NewTxtModeMetricsCollector;NewVlessMetricsCollector;NewZoneClientMetricsCollector;PreflightMetricsCollector;PreflightMetricsCollector.ClearAll;PreflightMetricsCollector.GetM1;PreflightMetricsCollector.GetM10;PreflightMetricsCollector.GetM11;PreflightMetricsCollector.GetM12;PreflightMetricsCollector.GetM13;PreflightMetricsCollector.GetM14;PreflightMetricsCollector.GetM15;PreflightMetricsCollector.GetM16;PreflightMetricsCollector.GetM17;PreflightMetricsCollector.GetM18;PreflightMetricsCollector.GetM19;PreflightMetricsCollector.GetM2;PreflightMetricsCollector.GetM20;PreflightMetricsCollector.GetM21;PreflightMetricsCollector.GetM22;PreflightMetricsCollector.GetM23;PreflightMetricsCollector.GetM24;PreflightMetricsCollector.GetM25;PreflightMetricsCollector.GetM26;PreflightMetricsCollector.GetM27;PreflightMetricsCollector.GetM28;PreflightMetricsCollector.GetM29;PreflightMetricsCollector.GetM3;PreflightMetricsCollector.GetM30;PreflightMetricsCollector.GetM31;PreflightMetricsCollector.GetM32;PreflightMetricsCollector.GetM33;PreflightMetricsCollector.GetM34;PreflightMetricsCollector.GetM35;PreflightMetricsCollector.GetM36;PreflightMetricsCollector.GetM37;PreflightMetricsCollector.GetM38;PreflightMetricsCollector.GetM39;PreflightMetricsCollector.GetM4;PreflightMetricsCollector.GetM40;PreflightMetricsCollector.GetM41;PreflightMetricsCollector.GetM42;PreflightMetricsCollector.GetM43;PreflightMetricsCollector.GetM44;PreflightMetricsCollector.GetM45;PreflightMetricsCollector.GetM46;PreflightMetricsCollector.GetM47;PreflightMetricsCollector.GetM48;PreflightMetricsCollector.GetM49;PreflightMetricsCollector.GetM5;PreflightMetricsCollector.GetM50;PreflightMetricsCollector.GetM6;PreflightMetricsCollector.GetM7;PreflightMetricsCollector.GetM8;PreflightMetricsCollector.GetM9;PreflightMetricsCollector.SetM1;PreflightMetricsCollector.SetM10;PreflightMetricsCollector.SetM11;PreflightMetricsCollector.SetM12;PreflightMetricsCollector.SetM13;PreflightMetricsCollector.SetM14;PreflightMetricsCollector.SetM15;PreflightMetricsCollector.SetM16;PreflightMetricsCollector.SetM17;PreflightMetricsCollector.SetM18;PreflightMetricsCollector.SetM19;PreflightMetricsCollector.SetM2;PreflightMetricsCollector.SetM20;PreflightMetricsCollector.SetM21;PreflightMetricsCollector.SetM22;PreflightMetricsCollector.SetM23;PreflightMetricsCollector.SetM24;PreflightMetricsCollector.SetM25;PreflightMetricsCollector.SetM26;PreflightMetricsCollector.SetM27;PreflightMetricsCollector.SetM28;PreflightMetricsCollector.SetM29;PreflightMetricsCollector.SetM3;PreflightMetricsCollector.SetM30;PreflightMetricsCollector.SetM31;PreflightMetricsCollector.SetM32;PreflightMetricsCollector.SetM33;PreflightMetricsCollector.SetM34;PreflightMetricsCollector.SetM35;PreflightMetricsCollector.SetM36;PreflightMetricsCollector.SetM37;PreflightMetricsCollector.SetM38;PreflightMetricsCollector.SetM39;PreflightMetricsCollector.SetM4;PreflightMetricsCollector.SetM40;PreflightMetricsCollector.SetM41;PreflightMetricsCollector.SetM42;PreflightMetricsCollector.SetM43;PreflightMetricsCollector.SetM44;PreflightMetricsCollector.SetM45;PreflightMetricsCollector.SetM46;PreflightMetricsCollector.SetM47;PreflightMetricsCollector.SetM48;PreflightMetricsCollector.SetM49;PreflightMetricsCollector.SetM5;PreflightMetricsCollector.SetM50;PreflightMetricsCollector.SetM6;PreflightMetricsCollector.SetM7;PreflightMetricsCollector.SetM8;PreflightMetricsCollector.SetM9;S3SignerMetricsCollector;S3SignerMetricsCollector.ClearAll;S3SignerMetricsCollector.GetM1;S3SignerMetricsCollector.GetM10;S3SignerMetricsCollector.GetM11;S3SignerMetricsCollector.GetM12;S3SignerMetricsCollector.GetM13;S3SignerMetricsCollector.GetM14;S3SignerMetricsCollector.GetM15;S3SignerMetricsCollector.GetM16;S3SignerMetricsCollector.GetM17;S3SignerMetricsCollector.GetM18;S3SignerMetricsCollector.GetM19;S3SignerMetricsCollector.GetM2;S3SignerMetricsCollector.GetM20;S3SignerMetricsCollector.GetM21;S3SignerMetricsCollector.GetM22;S3SignerMetricsCollector.GetM23;S3SignerMetricsCollector.GetM24;S3SignerMetricsCollector.GetM25;S3SignerMetricsCollector.GetM26;S3SignerMetricsCollector.GetM27;S3SignerMetricsCollector.GetM28;S3SignerMetricsCollector.GetM29;S3SignerMetricsCollector.GetM3;S3SignerMetricsCollector.GetM30;S3SignerMetricsCollector.GetM31;S3SignerMetricsCollector.GetM32;S3SignerMetricsCollector.GetM33;S3SignerMetricsCollector.GetM34;S3SignerMetricsCollector.GetM35;S3SignerMetricsCollector.GetM36;S3SignerMetricsCollector.GetM37;S3SignerMetricsCollector.GetM38;S3SignerMetricsCollector.GetM39;S3SignerMetricsCollector.GetM4;S3SignerMetricsCollector.GetM40;S3SignerMetricsCollector.GetM41;S3SignerMetricsCollector.GetM42;S3SignerMetricsCollector.GetM43;S3SignerMetricsCollector.GetM44;S3SignerMetricsCollector.GetM45;S3SignerMetricsCollector.GetM46;S3SignerMetricsCollector.GetM47;S3SignerMetricsCollector.GetM48;S3SignerMetricsCollector.GetM49;S3SignerMetricsCollector.GetM5;S3SignerMetricsCollector.GetM50;S3SignerMetricsCollector.GetM6;S3SignerMetricsCollector.GetM7;S3SignerMetricsCollector.GetM8;S3SignerMetricsCollector.GetM9;S3SignerMetricsCollector.SetM1;S3SignerMetricsCollector.SetM10;S3SignerMetricsCollector.SetM11;S3SignerMetricsCollector.SetM12;S3SignerMetricsCollector.SetM13;S3SignerMetricsCollector.SetM14;S3SignerMetricsCollector.SetM15;S3SignerMetricsCollector.SetM16;S3SignerMetricsCollector.SetM17;S3SignerMetricsCollector.SetM18;S3SignerMetricsCollector.SetM19;S3SignerMetricsCollector.SetM2;S3SignerMetricsCollector.SetM20;S3SignerMetricsCollector.SetM21;S3SignerMetricsCollector.SetM22;S3SignerMetricsCollector.SetM23;S3SignerMetricsCollector.SetM24;S3SignerMetricsCollector.SetM25;S3SignerMetricsCollector.SetM26;S3SignerMetricsCollector.SetM27;S3SignerMetricsCollector.SetM28;S3SignerMetricsCollector.SetM29;S3SignerMetricsCollector.SetM3;S3SignerMetricsCollector.SetM30;S3SignerMetricsCollector.SetM31;S3SignerMetricsCollector.SetM32;S3SignerMetricsCollector.SetM33;S3SignerMetricsCollector.SetM34;S3SignerMetricsCollector.SetM35;S3SignerMetricsCollector.SetM36;S3SignerMetricsCollector.SetM37;S3SignerMetricsCollector.SetM38;S3SignerMetricsCollector.SetM39;S3SignerMetricsCollector.SetM4;S3SignerMetricsCollector.SetM40;S3SignerMetricsCollector.SetM41;S3SignerMetricsCollector.SetM42;S3SignerMetricsCollector.SetM43;S3SignerMetricsCollector.SetM44;S3SignerMetricsCollector.SetM45;S3SignerMetricsCollector.SetM46;S3SignerMetricsCollector.SetM47;S3SignerMetricsCollector.SetM48;S3SignerMetricsCollector.SetM49;S3SignerMetricsCollector.SetM5;S3SignerMetricsCollector.SetM50;S3SignerMetricsCollector.SetM6;S3SignerMetricsCollector.SetM7;S3SignerMetricsCollector.SetM8;S3SignerMetricsCollector.SetM9;SocketTagMetricsCollector;SocketTagMetricsCollector.ClearAll;SocketTagMetricsCollector.GetM1;SocketTagMetricsCollector.GetM10;SocketTagMetricsCollector.GetM11;SocketTagMetricsCollector.GetM12;SocketTagMetricsCollector.GetM13;SocketTagMetricsCollector.GetM14;SocketTagMetricsCollector.GetM15;SocketTagMetricsCollector.GetM16;SocketTagMetricsCollector.GetM17;SocketTagMetricsCollector.GetM18;SocketTagMetricsCollector.GetM19;SocketTagMetricsCollector.GetM2;SocketTagMetricsCollector.GetM20;SocketTagMetricsCollector.GetM21;SocketTagMetricsCollector.GetM22;SocketTagMetricsCollector.GetM23;SocketTagMetricsCollector.GetM24;SocketTagMetricsCollector.GetM25;SocketTagMetricsCollector.GetM26;SocketTagMetricsCollector.GetM27;SocketTagMetricsCollector.GetM28;SocketTagMetricsCollector.GetM29;SocketTagMetricsCollector.GetM3;SocketTagMetricsCollector.GetM30;SocketTagMetricsCollector.GetM31;SocketTagMetricsCollector.GetM32;SocketTagMetricsCollector.GetM33;SocketTagMetricsCollector.GetM34;SocketTagMetricsCollector.GetM35;SocketTagMetricsCollector.GetM36;SocketTagMetricsCollector.GetM37;SocketTagMetricsCollector.GetM38;SocketTagMetricsCollector.GetM39;SocketTagMetricsCollector.GetM4;SocketTagMetricsCollector.GetM40;SocketTagMetricsCollector.GetM41;SocketTagMetricsCollector.GetM42;SocketTagMetricsCollector.GetM43;SocketTagMetricsCollector.GetM44;SocketTagMetricsCollector.GetM45;SocketTagMetricsCollector.GetM46;SocketTagMetricsCollector.GetM47;SocketTagMetricsCollector.GetM48;SocketTagMetricsCollector.GetM49;SocketTagMetricsCollector.GetM5;SocketTagMetricsCollector.GetM50;SocketTagMetricsCollector.GetM6;SocketTagMetricsCollector.GetM7;SocketTagMetricsCollector.GetM8;SocketTagMetricsCollector.GetM9;SocketTagMetricsCollector.SetM1;SocketTagMetricsCollector.SetM10;SocketTagMetricsCollector.SetM11;SocketTagMetricsCollector.SetM12;SocketTagMetricsCollector.SetM13;SocketTagMetricsCollector.SetM14;SocketTagMetricsCollector.SetM15;SocketTagMetricsCollector.SetM16;SocketTagMetricsCollector.SetM17;SocketTagMetricsCollector.SetM18;SocketTagMetricsCollector.SetM19;SocketTagMetricsCollector.SetM2;SocketTagMetricsCollector.SetM20;SocketTagMetricsCollector.SetM21;SocketTagMetricsCollector.SetM22;SocketTagMetricsCollector.SetM23;SocketTagMetricsCollector.SetM24;SocketTagMetricsCollector.SetM25;SocketTagMetricsCollector.SetM26;SocketTagMetricsCollector.SetM27;SocketTagMetricsCollector.SetM28;SocketTagMetricsCollector.SetM29;SocketTagMetricsCollector.SetM3;SocketTagMetricsCollector.SetM30;SocketTagMetricsCollector.SetM31;SocketTagMetricsCollector.SetM32;SocketTagMetricsCollector.SetM33;SocketTagMetricsCollector.SetM34;SocketTagMetricsCollector.SetM35;SocketTagMetricsCollector.SetM36;SocketTagMetricsCollector.SetM37;SocketTagMetricsCollector.SetM38;SocketTagMetricsCollector.SetM39;SocketTagMetricsCollector.SetM4;SocketTagMetricsCollector.SetM40;SocketTagMetricsCollector.SetM41;SocketTagMetricsCollector.SetM42;SocketTagMetricsCollector.SetM43;SocketTagMetricsCollector.SetM44;SocketTagMetricsCollector.SetM45;SocketTagMetricsCollector.SetM46;SocketTagMetricsCollector.SetM47;SocketTagMetricsCollector.SetM48;SocketTagMetricsCollector.SetM49;SocketTagMetricsCollector.SetM5;SocketTagMetricsCollector.SetM50;SocketTagMetricsCollector.SetM6;SocketTagMetricsCollector.SetM7;SocketTagMetricsCollector.SetM8;SocketTagMetricsCollector.SetM9;TruthTableMetricsCollector;TruthTableMetricsCollector.ClearAll;TruthTableMetricsCollector.GetM1;TruthTableMetricsCollector.GetM10;TruthTableMetricsCollector.GetM11;TruthTableMetricsCollector.GetM12;TruthTableMetricsCollector.GetM13;TruthTableMetricsCollector.GetM14;TruthTableMetricsCollector.GetM15;TruthTableMetricsCollector.GetM16;TruthTableMetricsCollector.GetM17;TruthTableMetricsCollector.GetM18;TruthTableMetricsCollector.GetM19;TruthTableMetricsCollector.GetM2;TruthTableMetricsCollector.GetM20;TruthTableMetricsCollector.GetM21;TruthTableMetricsCollector.GetM22;TruthTableMetricsCollector.GetM23;TruthTableMetricsCollector.GetM24;TruthTableMetricsCollector.GetM25;TruthTableMetricsCollector.GetM26;TruthTableMetricsCollector.GetM27;TruthTableMetricsCollector.GetM28;TruthTableMetricsCollector.GetM29;TruthTableMetricsCollector.GetM3;TruthTableMetricsCollector.GetM30;TruthTableMetricsCollector.GetM31;TruthTableMetricsCollector.GetM32;TruthTableMetricsCollector.GetM33;TruthTableMetricsCollector.GetM34;TruthTableMetricsCollector.GetM35;TruthTableMetricsCollector.GetM36;TruthTableMetricsCollector.GetM37;TruthTableMetricsCollector.GetM38;TruthTableMetricsCollector.GetM39;TruthTableMetricsCollector.GetM4;TruthTableMetricsCollector.GetM40;TruthTableMetricsCollector.GetM41;TruthTableMetricsCollector.GetM42;TruthTableMetricsCollector.GetM43;TruthTableMetricsCollector.GetM44;TruthTableMetricsCollector.GetM45;TruthTableMetricsCollector.GetM46;TruthTableMetricsCollector.GetM47;TruthTableMetricsCollector.GetM48;TruthTableMetricsCollector.GetM49;TruthTableMetricsCollector.GetM5;TruthTableMetricsCollector.GetM50;TruthTableMetricsCollector.GetM6;TruthTableMetricsCollector.GetM7;TruthTableMetricsCollector.GetM8;TruthTableMetricsCollector.GetM9;TruthTableMetricsCollector.SetM1;TruthTableMetricsCollector.SetM10;TruthTableMetricsCollector.SetM11;TruthTableMetricsCollector.SetM12;TruthTableMetricsCollector.SetM13;TruthTableMetricsCollector.SetM14;TruthTableMetricsCollector.SetM15;TruthTableMetricsCollector.SetM16;TruthTableMetricsCollector.SetM17;TruthTableMetricsCollector.SetM18;TruthTableMetricsCollector.SetM19;TruthTableMetricsCollector.SetM2;TruthTableMetricsCollector.SetM20;TruthTableMetricsCollector.SetM21;TruthTableMetricsCollector.SetM22;TruthTableMetricsCollector.SetM23;TruthTableMetricsCollector.SetM24;TruthTableMetricsCollector.SetM25;TruthTableMetricsCollector.SetM26;TruthTableMetricsCollector.SetM27;TruthTableMetricsCollector.SetM28;TruthTableMetricsCollector.SetM29;TruthTableMetricsCollector.SetM3;TruthTableMetricsCollector.SetM30;TruthTableMetricsCollector.SetM31;TruthTableMetricsCollector.SetM32;TruthTableMetricsCollector.SetM33;TruthTableMetricsCollector.SetM34;TruthTableMetricsCollector.SetM35;TruthTableMetricsCollector.SetM36;TruthTableMetricsCollector.SetM37;TruthTableMetricsCollector.SetM38;TruthTableMetricsCollector.SetM39;TruthTableMetricsCollector.SetM4;TruthTableMetricsCollector.SetM40;TruthTableMetricsCollector.SetM41;TruthTableMetricsCollector.SetM42;TruthTableMetricsCollector.SetM43;TruthTableMetricsCollector.SetM44;TruthTableMetricsCollector.SetM45;TruthTableMetricsCollector.SetM46;TruthTableMetricsCollector.SetM47;TruthTableMetricsCollector.SetM48;TruthTableMetricsCollector.SetM49;TruthTableMetricsCollector.SetM5;TruthTableMetricsCollector.SetM50;TruthTableMetricsCollector.SetM6;TruthTableMetricsCollector.SetM7;TruthTableMetricsCollector.SetM8;TruthTableMetricsCollector.SetM9;TxtModeMetricsCollector;TxtModeMetricsCollector.ClearAll;TxtModeMetricsCollector.GetM1;TxtModeMetricsCollector.GetM10;TxtModeMetricsCollector.GetM11;TxtModeMetricsCollector.GetM12;TxtModeMetricsCollector.GetM13;TxtModeMetricsCollector.GetM14;TxtModeMetricsCollector.GetM15;TxtModeMetricsCollector.GetM16;TxtModeMetricsCollector.GetM17;TxtModeMetricsCollector.GetM18;TxtModeMetricsCollector.GetM19;TxtModeMetricsCollector.GetM2;TxtModeMetricsCollector.GetM20;TxtModeMetricsCollector.GetM21;TxtModeMetricsCollector.GetM22;TxtModeMetricsCollector.GetM23;TxtModeMetricsCollector.GetM24;TxtModeMetricsCollector.GetM25;TxtModeMetricsCollector.GetM26;TxtModeMetricsCollector.GetM27;TxtModeMetricsCollector.GetM28;TxtModeMetricsCollector.GetM29;TxtModeMetricsCollector.GetM3;TxtModeMetricsCollector.GetM30;TxtModeMetricsCollector.GetM31;TxtModeMetricsCollector.GetM32;TxtModeMetricsCollector.GetM33;TxtModeMetricsCollector.GetM34;TxtModeMetricsCollector.GetM35;TxtModeMetricsCollector.GetM36;TxtModeMetricsCollector.GetM37;TxtModeMetricsCollector.GetM38;TxtModeMetricsCollector.GetM39;TxtModeMetricsCollector.GetM4;TxtModeMetricsCollector.GetM40;TxtModeMetricsCollector.GetM41;TxtModeMetricsCollector.GetM42;TxtModeMetricsCollector.GetM43;TxtModeMetricsCollector.GetM44;TxtModeMetricsCollector.GetM45;TxtModeMetricsCollector.GetM46;TxtModeMetricsCollector.GetM47;TxtModeMetricsCollector.GetM48;TxtModeMetricsCollector.GetM49;TxtModeMetricsCollector.GetM5;TxtModeMetricsCollector.GetM50;TxtModeMetricsCollector.GetM6;TxtModeMetricsCollector.GetM7;TxtModeMetricsCollector.GetM8;TxtModeMetricsCollector.GetM9;TxtModeMetricsCollector.SetM1;TxtModeMetricsCollector.SetM10;TxtModeMetricsCollector.SetM11;TxtModeMetricsCollector.SetM12;TxtModeMetricsCollector.SetM13;TxtModeMetricsCollector.SetM14;TxtModeMetricsCollector.SetM15;TxtModeMetricsCollector.SetM16;TxtModeMetricsCollector.SetM17;TxtModeMetricsCollector.SetM18;TxtModeMetricsCollector.SetM19;TxtModeMetricsCollector.SetM2;TxtModeMetricsCollector.SetM20;TxtModeMetricsCollector.SetM21;TxtModeMetricsCollector.SetM22;TxtModeMetricsCollector.SetM23;TxtModeMetricsCollector.SetM24;TxtModeMetricsCollector.SetM25;TxtModeMetricsCollector.SetM26;TxtModeMetricsCollector.SetM27;TxtModeMetricsCollector.SetM28;TxtModeMetricsCollector.SetM29;TxtModeMetricsCollector.SetM3;TxtModeMetricsCollector.SetM30;TxtModeMetricsCollector.SetM31;TxtModeMetricsCollector.SetM32;TxtModeMetricsCollector.SetM33;TxtModeMetricsCollector.SetM34;TxtModeMetricsCollector.SetM35;TxtModeMetricsCollector.SetM36;TxtModeMetricsCollector.SetM37;TxtModeMetricsCollector.SetM38;TxtModeMetricsCollector.SetM39;TxtModeMetricsCollector.SetM4;TxtModeMetricsCollector.SetM40;TxtModeMetricsCollector.SetM41;TxtModeMetricsCollector.SetM42;TxtModeMetricsCollector.SetM43;TxtModeMetricsCollector.SetM44;TxtModeMetricsCollector.SetM45;TxtModeMetricsCollector.SetM46;TxtModeMetricsCollector.SetM47;TxtModeMetricsCollector.SetM48;TxtModeMetricsCollector.SetM49;TxtModeMetricsCollector.SetM5;TxtModeMetricsCollector.SetM50;TxtModeMetricsCollector.SetM6;TxtModeMetricsCollector.SetM7;TxtModeMetricsCollector.SetM8;TxtModeMetricsCollector.SetM9;VlessMetricsCollector;VlessMetricsCollector.ClearAll;VlessMetricsCollector.GetM1;VlessMetricsCollector.GetM10;VlessMetricsCollector.GetM11;VlessMetricsCollector.GetM12;VlessMetricsCollector.GetM13;VlessMetricsCollector.GetM14;VlessMetricsCollector.GetM15;VlessMetricsCollector.GetM16;VlessMetricsCollector.GetM17;VlessMetricsCollector.GetM18;VlessMetricsCollector.GetM19;VlessMetricsCollector.GetM2;VlessMetricsCollector.GetM20;VlessMetricsCollector.GetM21;VlessMetricsCollector.GetM22;VlessMetricsCollector.GetM23;VlessMetricsCollector.GetM24;VlessMetricsCollector.GetM25;VlessMetricsCollector.GetM26;VlessMetricsCollector.GetM27;VlessMetricsCollector.GetM28;VlessMetricsCollector.GetM29;VlessMetricsCollector.GetM3;VlessMetricsCollector.GetM30;VlessMetricsCollector.GetM31;VlessMetricsCollector.GetM32;VlessMetricsCollector.GetM33;VlessMetricsCollector.GetM34;VlessMetricsCollector.GetM35;VlessMetricsCollector.GetM36;VlessMetricsCollector.GetM37;VlessMetricsCollector.GetM38;VlessMetricsCollector.GetM39;VlessMetricsCollector.GetM4;VlessMetricsCollector.GetM40;VlessMetricsCollector.GetM41;VlessMetricsCollector.GetM42;VlessMetricsCollector.GetM43;VlessMetricsCollector.GetM44;VlessMetricsCollector.GetM45;VlessMetricsCollector.GetM46;VlessMetricsCollector.GetM47;VlessMetricsCollector.GetM48;VlessMetricsCollector.GetM49;VlessMetricsCollector.GetM5;VlessMetricsCollector.GetM50;VlessMetricsCollector.GetM6;VlessMetricsCollector.GetM7;VlessMetricsCollector.GetM8;VlessMetricsCollector.GetM9;VlessMetricsCollector.SetM1;VlessMetricsCollector.SetM10;VlessMetricsCollector.SetM11;VlessMetricsCollector.SetM12;VlessMetricsCollector.SetM13;VlessMetricsCollector.SetM14;VlessMetricsCollector.SetM15;VlessMetricsCollector.SetM16;VlessMetricsCollector.SetM17;VlessMetricsCollector.SetM18;VlessMetricsCollector.SetM19;VlessMetricsCollector.SetM2;VlessMetricsCollector.SetM20;VlessMetricsCollector.SetM21;VlessMetricsCollector.SetM22;VlessMetricsCollector.SetM23;VlessMetricsCollector.SetM24;VlessMetricsCollector.SetM25;VlessMetricsCollector.SetM26;VlessMetricsCollector.SetM27;VlessMetricsCollector.SetM28;VlessMetricsCollector.SetM29;VlessMetricsCollector.SetM3;VlessMetricsCollector.SetM30;VlessMetricsCollector.SetM31;VlessMetricsCollector.SetM32;VlessMetricsCollector.SetM33;VlessMetricsCollector.SetM34;VlessMetricsCollector.SetM35;VlessMetricsCollector.SetM36;VlessMetricsCollector.SetM37;VlessMetricsCollector.SetM38;VlessMetricsCollector.SetM39;VlessMetricsCollector.SetM4;VlessMetricsCollector.SetM40;VlessMetricsCollector.SetM41;VlessMetricsCollector.SetM42;VlessMetricsCollector.SetM43;VlessMetricsCollector.SetM44;VlessMetricsCollector.SetM45;VlessMetricsCollector.SetM46;VlessMetricsCollector.SetM47;VlessMetricsCollector.SetM48;VlessMetricsCollector.SetM49;VlessMetricsCollector.SetM5;VlessMetricsCollector.SetM50;VlessMetricsCollector.SetM6;VlessMetricsCollector.SetM7;VlessMetricsCollector.SetM8;VlessMetricsCollector.SetM9;ZoneClientMetricsCollector;ZoneClientMetricsCollector.ClearAll;ZoneClientMetricsCollector.GetM1;ZoneClientMetricsCollector.GetM10;ZoneClientMetricsCollector.GetM11;ZoneClientMetricsCollector.GetM12;ZoneClientMetricsCollector.GetM13;ZoneClientMetricsCollector.GetM14;ZoneClientMetricsCollector.GetM15;ZoneClientMetricsCollector.GetM16;ZoneClientMetricsCollector.GetM17;ZoneClientMetricsCollector.GetM18;ZoneClientMetricsCollector.GetM19;ZoneClientMetricsCollector.GetM2;ZoneClientMetricsCollector.GetM20;ZoneClientMetricsCollector.GetM21;ZoneClientMetricsCollector.GetM22;ZoneClientMetricsCollector.GetM23;ZoneClientMetricsCollector.GetM24;ZoneClientMetricsCollector.GetM25;ZoneClientMetricsCollector.GetM26;ZoneClientMetricsCollector.GetM27;ZoneClientMetricsCollector.GetM28;ZoneClientMetricsCollector.GetM29;ZoneClientMetricsCollector.GetM3;ZoneClientMetricsCollector.GetM30;ZoneClientMetricsCollector.GetM31;ZoneClientMetricsCollector.GetM32;ZoneClientMetricsCollector.GetM33;ZoneClientMetricsCollector.GetM34;ZoneClientMetricsCollector.GetM35;ZoneClientMetricsCollector.GetM36;ZoneClientMetricsCollector.GetM37;ZoneClientMetricsCollector.GetM38;ZoneClientMetricsCollector.GetM39;ZoneClientMetricsCollector.GetM4;ZoneClientMetricsCollector.GetM40;ZoneClientMetricsCollector.GetM41;ZoneClientMetricsCollector.GetM42;ZoneClientMetricsCollector.GetM43;ZoneClientMetricsCollector.GetM44;ZoneClientMetricsCollector.GetM45;ZoneClientMetricsCollector.GetM46;ZoneClientMetricsCollector.GetM47;ZoneClientMetricsCollector.GetM48;ZoneClientMetricsCollector.GetM49;ZoneClientMetricsCollector.GetM5;ZoneClientMetricsCollector.GetM50;ZoneClientMetricsCollector.GetM6;ZoneClientMetricsCollector.GetM7;ZoneClientMetricsCollector.GetM8;ZoneClientMetricsCollector.GetM9;ZoneClientMetricsCollector.SetM1;ZoneClientMetricsCollector.SetM10;ZoneClientMetricsCollector.SetM11;ZoneClientMetricsCollector.SetM12;ZoneClientMetricsCollector.SetM13;ZoneClientMetricsCollector.SetM14;ZoneClientMetricsCollector.SetM15;ZoneClientMetricsCollector.SetM16;ZoneClientMetricsCollector.SetM17;ZoneClientMetricsCollector.SetM18;ZoneClientMetricsCollector.SetM19;ZoneClientMetricsCollector.SetM2;ZoneClientMetricsCollector.SetM20;ZoneClientMetricsCollector.SetM21;ZoneClientMetricsCollector.SetM22;ZoneClientMetricsCollector.SetM23;ZoneClientMetricsCollector.SetM24;ZoneClientMetricsCollector.SetM25;ZoneClientMetricsCollector.SetM26;ZoneClientMetricsCollector.SetM27;ZoneClientMetricsCollector.SetM28;ZoneClientMetricsCollector.SetM29;ZoneClientMetricsCollector.SetM3;ZoneClientMetricsCollector.SetM30;ZoneClientMetricsCollector.SetM31;ZoneClientMetricsCollector.SetM32;ZoneClientMetricsCollector.SetM33;ZoneClientMetricsCollector.SetM34;ZoneClientMetricsCollector.SetM35;ZoneClientMetricsCollector.SetM36;ZoneClientMetricsCollector.SetM37;ZoneClientMetricsCollector.SetM38;ZoneClientMetricsCollector.SetM39;ZoneClientMetricsCollector.SetM4;ZoneClientMetricsCollector.SetM40;ZoneClientMetricsCollector.SetM41;ZoneClientMetricsCollector.SetM42;ZoneClientMetricsCollector.SetM43;ZoneClientMetricsCollector.SetM44;ZoneClientMetricsCollector.SetM45;ZoneClientMetricsCollector.SetM46;ZoneClientMetricsCollector.SetM47;ZoneClientMetricsCollector.SetM48;ZoneClientMetricsCollector.SetM49;ZoneClientMetricsCollector.SetM5;ZoneClientMetricsCollector.SetM50;ZoneClientMetricsCollector.SetM6;ZoneClientMetricsCollector.SetM7;ZoneClientMetricsCollector.SetM8;ZoneClientMetricsCollector.SetM9,promotion to governed lab,one-to-one,reference-only,"The source carries distinct dormant implementation value but has no live production consumer. Preserve it as an intentional, catalogued lab capability without granting runtime authority; later promotion must extract only target-native value behind a canonical owner.",daemon lab capability corpus,labs/daemon/proxy/harness_metrics_reporters.go,The lab source remains byte-identical to its baseline object and traceable by SHA-256.,Live daemon internal packages must not import lab code directly or treat lab presence as production readiness.,n/a,labs/daemon/CAPABILITIES.csv,Path-only promotion from experiments to labs; no live runtime dependency or persisted state change.,Repository-native baseline source; no new external donor bytes introduced.,medium,n/a,high,statically-validated
HVC-LAB-W20-HIDDIFY-MANAGER-36E6B1D6,n/a,HVC-LAB-20-wave20-hiddify-manager,luminet-baseline-d73453f,daemon-labs,hiddify manager lab capability,standalone source unit,executable-behaviour/reference implementation,standalone,server/internal/proxy/hiddify_manager.go,36e6b1d605610fde6ad08a4a7e072d086530b9995a512c7feea832d7636bd077,HiddifyManager;HiddifyManager.CheckServicesStatus;HiddifyManager.Coordinate;HiddifyManager.GetPrettyServiceStatus;HiddifyManager.SetCoreType;HiddifyManager.SetWarpMode;NewHiddifyManager,promotion to governed lab,one-to-one,reference-only,"The source carries distinct dormant implementation value but has no live production consumer. Preserve it as an intentional, catalogued lab capability without granting runtime authority; later promotion must extract only target-native value behind a canonical owner.",daemon lab capability corpus,labs/daemon/proxy/hiddify_manager.go,The lab source remains byte-identical to its baseline object and traceable by SHA-256.,Live daemon internal packages must not import lab code directly or treat lab presence as production readiness.,n/a,labs/daemon/CAPABILITIES.csv,Path-only promotion from experiments to labs; no live runtime dependency or persisted state change.,Repository-native baseline source; no new external donor bytes introduced.,medium,n/a,high,statically-validated
HVC-LAB-W20-HOSTS-OVERRIDE-5BEA401C,n/a,HVC-LAB-20-wave20-hosts-override,luminet-baseline-d73453f,daemon-labs,hosts override lab capability,standalone source unit,executable-behaviour/reference implementation,standalone,server/internal/proxy/hosts_override.go,5bea401cf759cb753fab7e5f88aa6852749bacfc644bddb569e904ca7e41bfd4,HostsEntry;HostsOverride;HostsOverride.Load;HostsOverride.Lookup;HostsOverride.StartRefresher;HostsOverrideConfig;NewHostsOverride,promotion to governed lab,one-to-one,reference-only,"The source carries distinct dormant implementation value but has no live production consumer. Preserve it as an intentional, catalogued lab capability without granting runtime authority; later promotion must extract only target-native value behind a canonical owner.",daemon lab capability corpus,labs/daemon/proxy/hosts_override.go,The lab source remains byte-identical to its baseline object and traceable by SHA-256.,Live daemon internal packages must not import lab code directly or treat lab presence as production readiness.,n/a,labs/daemon/CAPABILITIES.csv,Path-only promotion from experiments to labs; no live runtime dependency or persisted state change.,Repository-native baseline source; no new external donor bytes introduced.,medium,n/a,high,statically-validated
HVC-LAB-W20-HPING-2675AA19,n/a,HVC-LAB-20-wave20-hping,luminet-baseline-d73453f,daemon-labs,hping lab capability,standalone source unit,executable-behaviour/reference implementation,standalone,server/internal/proxy/hping.go,2675aa19af50fa7f896315e434bce976f5ecca7bbfe40c6222d0046233756a8b,HPing;HPing.CraftPacket;NewHPing,promotion to governed lab,one-to-one,reference-only,"The source carries distinct dormant implementation value but has no live production consumer. Preserve it as an intentional, catalogued lab capability without granting runtime authority; later promotion must extract only target-native value behind a canonical owner.",daemon lab capability corpus,labs/daemon/proxy/hping.go,The lab source remains byte-identical to its baseline object and traceable by SHA-256.,Live daemon internal packages must not import lab code directly or treat lab presence as production readiness.,n/a,labs/daemon/CAPABILITIES.csv,Path-only promotion from experiments to labs; no live runtime dependency or persisted state change.,Repository-native baseline source; no new external donor bytes introduced.,medium,n/a,high,statically-validated
HVC-LAB-W20-HTTP-LOAD-BALANCER-020F8096,n/a,HVC-LAB-20-wave20-http-load-balancer,luminet-baseline-d73453f,daemon-labs,http load balancer lab capability,standalone source unit,executable-behaviour/reference implementation,standalone,server/internal/proxy/http_load_balancer.go,020f809674c481cd62578107b1114b389927969120c9b9f06a1984135bb1fb1b,BackendServer;BackendServer.IsAlive;BackendServer.SetAlive;HTTPLoadBalancer;HTTPLoadBalancer.AddBackend;HTTPLoadBalancer.Balance;HTTPLoadBalancer.NextBackend;HTTPLoadBalancer.ServeHTTP;HTTPLoadBalancer.StartHealthChecker;NewHTTPLoadBalancer,promotion to governed lab,one-to-one,reference-only,"The source carries distinct dormant implementation value but has no live production consumer. Preserve it as an intentional, catalogued lab capability without granting runtime authority; later promotion must extract only target-native value behind a canonical owner.",daemon lab capability corpus,labs/daemon/proxy/http_load_balancer.go,The lab source remains byte-identical to its baseline object and traceable by SHA-256.,Live daemon internal packages must not import lab code directly or treat lab presence as production readiness.,n/a,labs/daemon/CAPABILITIES.csv,Path-only promotion from experiments to labs; no live runtime dependency or persisted state change.,Repository-native baseline source; no new external donor bytes introduced.,medium,n/a,high,statically-validated
HVC-LAB-W20-HTTP-PROXY-LISTENER-3A8A416D,n/a,HVC-LAB-20-wave20-http-proxy-listener,luminet-baseline-d73453f,daemon-labs,http proxy listener lab capability,standalone source unit,executable-behaviour/reference implementation,standalone,server/internal/proxy/http_proxy_listener.go,3a8a416d74874641f4700215d15387ccff6a9f874fcb7b87cba3337678feb085,HTTPProxyServer;HTTPProxyServer.Start;HTTPProxyServer.Stop;NewHTTPProxyServer,promotion to governed lab,one-to-one,reference-only,"The source carries distinct dormant implementation value but has no live production consumer. Preserve it as an intentional, catalogued lab capability without granting runtime authority; later promotion must extract only target-native value behind a canonical owner.",daemon lab capability corpus,labs/daemon/proxy/http_proxy_listener.go,The lab source remains byte-identical to its baseline object and traceable by SHA-256.,Live daemon internal packages must not import lab code directly or treat lab presence as production readiness.,n/a,labs/daemon/CAPABILITIES.csv,Path-only promotion from experiments to labs; no live runtime dependency or persisted state change.,Repository-native baseline source; no new external donor bytes introduced.,medium,n/a,high,statically-validated
HVC-LAB-W20-HTTUN-3A674292,n/a,HVC-LAB-20-wave20-httun,luminet-baseline-d73453f,daemon-labs,httun lab capability,standalone source unit,executable-behaviour/reference implementation,standalone,server/internal/proxy/httun.go,3a674292b589844a012c2d3046d0843c76293797637a151039d94b50f593eb20,HtTun;HtTun.Route;NewHtTun,promotion to governed lab,one-to-one,reference-only,"The source carries distinct dormant implementation value but has no live production consumer. Preserve it as an intentional, catalogued lab capability without granting runtime authority; later promotion must extract only target-native value behind a canonical owner.",daemon lab capability corpus,labs/daemon/proxy/httun.go,The lab source remains byte-identical to its baseline object and traceable by SHA-256.,Live daemon internal packages must not import lab code directly or treat lab presence as production readiness.,n/a,labs/daemon/CAPABILITIES.csv,Path-only promotion from experiments to labs; no live runtime dependency or persisted state change.,Repository-native baseline source; no new external donor bytes introduced.,medium,n/a,high,statically-validated
HVC-LAB-W20-HTTUN-TRANSPORT-67EBF3FB,n/a,HVC-LAB-20-wave20-httun-transport,luminet-baseline-d73453f,daemon-labs,httun transport lab capability,standalone source unit,executable-behaviour/reference implementation,standalone,server/internal/proxy/httun_transport.go,67ebf3fbab8235e62d99c522cd3b3571c8a3c2ab3224a661b039ff125bed60de,HttunConn;HttunConn.Close;HttunConn.LocalAddr;HttunConn.Read;HttunConn.RemoteAddr;HttunConn.SetDeadline;HttunConn.SetReadDeadline;HttunConn.SetWriteDeadline;HttunConn.Write;HttunDialer;HttunFrame;HttunKeyDerive;HttunPingLoop;HttunTransport;HttunTransport.PollFrame;HttunTransport.SendFrame;NewHttunConn;NewHttunTransport,promotion to governed lab,one-to-one,reference-only,"The source carries distinct dormant implementation value but has no live production consumer. Preserve it as an intentional, catalogued lab capability without granting runtime authority; later promotion must extract only target-native value behind a canonical owner.",daemon lab capability corpus,labs/daemon/proxy/httun_transport.go,The lab source remains byte-identical to its baseline object and traceable by SHA-256.,Live daemon internal packages must not import lab code directly or treat lab presence as production readiness.,n/a,labs/daemon/CAPABILITIES.csv,Path-only promotion from experiments to labs; no live runtime dependency or persisted state change.,Repository-native baseline source; no new external donor bytes introduced.,medium,n/a,high,statically-validated
HVC-LAB-W20-I2P-CLIENT-13B2037E,n/a,HVC-LAB-20-wave20-i2p-client,luminet-baseline-d73453f,daemon-labs,i2p client lab capability,standalone source unit,executable-behaviour/reference implementation,standalone,server/internal/proxy/i2p_client.go,13b2037ecc03390da7bba49997e12a3b7e7545f705853937b3a87cfaea7d43d9,I2PClient;I2PClient.Connect;I2PClient.DialSAM;I2PClient.GenerateDestination;NewI2PClient,promotion to governed lab,one-to-one,reference-only,"The source carries distinct dormant implementation value but has no live production consumer. Preserve it as an intentional, catalogued lab capability without granting runtime authority; later promotion must extract only target-native value behind a canonical owner.",daemon lab capability corpus,labs/daemon/proxy/i2p_client.go,The lab source remains byte-identical to its baseline object and traceable by SHA-256.,Live daemon internal packages must not import lab code directly or treat lab presence as production readiness.,n/a,labs/daemon/CAPABILITIES.csv,Path-only promotion from experiments to labs; no live runtime dependency or persisted state change.,Repository-native baseline source; no new external donor bytes introduced.,medium,n/a,high,statically-validated
HVC-LAB-W20-I2P-CORE-1651A139,n/a,HVC-LAB-20-wave20-i2p-core,luminet-baseline-d73453f,daemon-labs,i2p core lab capability,standalone source unit,executable-behaviour/reference implementation,standalone,server/internal/proxy/i2p_core.go,1651a1395d694b8e8a6c7690a725e413a48a49dddebc4905c1814443b51bf100,I2PCore;I2PCore.Connect;NewI2PCore,promotion to governed lab,one-to-one,reference-only,"The source carries distinct dormant implementation value but has no live production consumer. Preserve it as an intentional, catalogued lab capability without granting runtime authority; later promotion must extract only target-native value behind a canonical owner.",daemon lab capability corpus,labs/daemon/proxy/i2p_core.go,The lab source remains byte-identical to its baseline object and traceable by SHA-256.,Live daemon internal packages must not import lab code directly or treat lab presence as production readiness.,n/a,labs/daemon/CAPABILITIES.csv,Path-only promotion from experiments to labs; no live runtime dependency or persisted state change.,Repository-native baseline source; no new external donor bytes introduced.,medium,n/a,high,statically-validated
HVC-LAB-W20-ICMP-TUNNEL-54D1C629,n/a,HVC-LAB-20-wave20-icmp-tunnel,luminet-baseline-d73453f,daemon-labs,icmp tunnel lab capability,standalone source unit,executable-behaviour/reference implementation,standalone,server/internal/proxy/icmp_tunnel.go,54d1c62979b3ee1e15b916dc42e237092ae05d3386991066c0367b643dd29a63,NewRawICMPTunnel;RawICMPTunnel;RawICMPTunnel.CheckReplay;RawICMPTunnel.DecryptPacket;RawICMPTunnel.EncryptPacket,promotion to governed lab,one-to-one,reference-only,"The source carries distinct dormant implementation value but has no live production consumer. Preserve it as an intentional, catalogued lab capability without granting runtime authority; later promotion must extract only target-native value behind a canonical owner.",daemon lab capability corpus,labs/daemon/proxy/icmp_tunnel.go,The lab source remains byte-identical to its baseline object and traceable by SHA-256.,Live daemon internal packages must not import lab code directly or treat lab presence as production readiness.,n/a,labs/daemon/CAPABILITIES.csv,Path-only promotion from experiments to labs; no live runtime dependency or persisted state change.,Repository-native baseline source; no new external donor bytes introduced.,medium,n/a,high,statically-validated
HVC-LAB-W20-INBOUND-PANEL-ADAPTER-FDD477A9,n/a,HVC-LAB-20-wave20-inbound-panel-adapter,luminet-baseline-d73453f,daemon-labs,inbound panel adapter lab capability,standalone source unit,executable-behaviour/reference implementation,standalone,server/internal/proxy/inbound_panel_adapter.go,fdd477a97e8c7fdb244735eb3f0db4fee88c65bd282dcb524cfb659b8baec153,InboundClient;InboundDetails;InboundPanelAdapter;InboundPanelAdapter.AddClientToInbound;InboundPanelAdapter.AddInbound;InboundPanelAdapter.ClearInbounds;InboundPanelAdapter.ExportInboundsJSON;InboundPanelAdapter.GetClientsForInbound;InboundPanelAdapter.GetInboundCount;InboundPanelAdapter.GetInboundsList;InboundPanelAdapter.ImportInboundJSON;InboundPanelAdapter.ImportInboundsFromFile;InboundPanelAdapter.ImportInboundsFromJSON;InboundPanelAdapter.InboundExists;InboundPanelAdapter.RemoveClientFromInbound;InboundPanelAdapter.RemoveInbound;InboundPanelAdapter.SetPathForInbound;InboundPanelAdapter.SetProtocolForInbound;NewInboundPanelAdapter,promotion to governed lab,one-to-one,reference-only,"The source carries distinct dormant implementation value but has no live production consumer. Preserve it as an intentional, catalogued lab capability without granting runtime authority; later promotion must extract only target-native value behind a canonical owner.",daemon lab capability corpus,labs/daemon/proxy/inbound_panel_adapter.go,The lab source remains byte-identical to its baseline object and traceable by SHA-256.,Live daemon internal packages must not import lab code directly or treat lab presence as production readiness.,n/a,labs/daemon/CAPABILITIES.csv,Path-only promotion from experiments to labs; no live runtime dependency or persisted state change.,Repository-native baseline source; no new external donor bytes introduced.,medium,n/a,high,statically-validated
HVC-LAB-W20-IP-TRIE-3733BE80,n/a,HVC-LAB-20-wave20-ip-trie,luminet-baseline-d73453f,daemon-labs,ip trie lab capability,standalone source unit,executable-behaviour/reference implementation,standalone,server/internal/proxy/ip_trie.go,3733be801f5a6ca793166a17b16e0184a8f2c22a92cf012edeaedbad4a253218,IPTrie;IPTrie.Contains;IPTrie.Insert;IPTrieNode;NewIPTrie,promotion to governed lab,one-to-one,reference-only,"The source carries distinct dormant implementation value but has no live production consumer. Preserve it as an intentional, catalogued lab capability without granting runtime authority; later promotion must extract only target-native value behind a canonical owner.",daemon lab capability corpus,labs/daemon/proxy/ip_trie.go,The lab source remains byte-identical to its baseline object and traceable by SHA-256.,Live daemon internal packages must not import lab code directly or treat lab presence as production readiness.,labs/daemon/proxy/ip_trie_test.go,labs/daemon/CAPABILITIES.csv,Path-only promotion from experiments to labs; no live runtime dependency or persisted state change.,Repository-native baseline source; no new external donor bytes introduced.,medium,n/a,high,statically-validated
HVC-LAB-W20-IPSEC-6A89AA24,n/a,HVC-LAB-20-wave20-ipsec,luminet-baseline-d73453f,daemon-labs,ipsec lab capability,standalone source unit,executable-behaviour/reference implementation,standalone,server/internal/proxy/ipsec.go,6a89aa249614351086f9c8557df384c27107e62614ae4072db4ded05b01236c7,GenerateIpsecConfig;IpsecOutbound,promotion to governed lab,one-to-one,reference-only,"The source carries distinct dormant implementation value but has no live production consumer. Preserve it as an intentional, catalogued lab capability without granting runtime authority; later promotion must extract only target-native value behind a canonical owner.",daemon lab capability corpus,labs/daemon/proxy/ipsec.go,The lab source remains byte-identical to its baseline object and traceable by SHA-256.,Live daemon internal packages must not import lab code directly or treat lab presence as production readiness.,n/a,labs/daemon/CAPABILITIES.csv,Path-only promotion from experiments to labs; no live runtime dependency or persisted state change.,Repository-native baseline source; no new external donor bytes introduced.,medium,n/a,high,statically-validated
HVC-LAB-W20-ISOLATED-ROUTING-ENCLAVE-849A47C7,n/a,HVC-LAB-20-wave20-isolated-routing-enclave,luminet-baseline-d73453f,daemon-labs,isolated routing enclave lab capability,standalone source unit,executable-behaviour/reference implementation,standalone,server/internal/proxy/isolated_routing_enclave.go,849a47c76edcec5ac4d4651be88b79b98e0b6664e019717be664e6bebd0edd06,ExclaveCore;ExclaveCore.BindPluginManager;ExclaveCore.RouteConnection;ExclaveCore.Stop;NewExclaveCore,promotion to governed lab,one-to-one,reference-only,"The source carries distinct dormant implementation value but has no live production consumer. Preserve it as an intentional, catalogued lab capability without granting runtime authority; later promotion must extract only target-native value behind a canonical owner.",daemon lab capability corpus,labs/daemon/proxy/isolated_routing_enclave.go,The lab source remains byte-identical to its baseline object and traceable by SHA-256.,Live daemon internal packages must not import lab code directly or treat lab presence as production readiness.,n/a,labs/daemon/CAPABILITIES.csv,Path-only promotion from experiments to labs; no live runtime dependency or persisted state change.,Repository-native baseline source; no new external donor bytes introduced.,medium,n/a,high,statically-validated
HVC-LAB-W20-ISOLATED-ROUTING-UNIX-55FDA62E,n/a,HVC-LAB-20-wave20-isolated-routing-unix,luminet-baseline-d73453f,daemon-labs,isolated routing unix lab capability,standalone source unit,executable-behaviour/reference implementation,standalone,server/internal/proxy/isolated_routing_unix.go,55fda62e809e2510d9c8ab7f5c55c6090f8509c9b22695172765d9fdcabc719d,package-level implementation,promotion to governed lab,one-to-one,reference-only,"The source carries distinct dormant implementation value but has no live production consumer. Preserve it as an intentional, catalogued lab capability without granting runtime authority; later promotion must extract only target-native value behind a canonical owner.",daemon lab capability corpus,labs/daemon/proxy/isolated_routing_unix.go,The lab source remains byte-identical to its baseline object and traceable by SHA-256.,Live daemon internal packages must not import lab code directly or treat lab presence as production readiness.,n/a,labs/daemon/CAPABILITIES.csv,Path-only promotion from experiments to labs; no live runtime dependency or persisted state change.,Repository-native baseline source; no new external donor bytes introduced.,medium,n/a,high,statically-validated
HVC-LAB-W20-ISOLATED-ROUTING-WINDOWS-30FB64C5,n/a,HVC-LAB-20-wave20-isolated-routing-windows,luminet-baseline-d73453f,daemon-labs,isolated routing windows lab capability,standalone source unit,executable-behaviour/reference implementation,standalone,server/internal/proxy/isolated_routing_windows.go,30fb64c511ea2526d31668d9361242058f1ef708c548762b81c951e47fccb9d6,package-level implementation,promotion to governed lab,one-to-one,reference-only,"The source carries distinct dormant implementation value but has no live production consumer. Preserve it as an intentional, catalogued lab capability without granting runtime authority; later promotion must extract only target-native value behind a canonical owner.",daemon lab capability corpus,labs/daemon/proxy/isolated_routing_windows.go,The lab source remains byte-identical to its baseline object and traceable by SHA-256.,Live daemon internal packages must not import lab code directly or treat lab presence as production readiness.,n/a,labs/daemon/CAPABILITIES.csv,Path-only promotion from experiments to labs; no live runtime dependency or persisted state change.,Repository-native baseline source; no new external donor bytes introduced.,medium,n/a,high,statically-validated
HVC-LAB-W20-JJTCPRELAY-CONFIG-DECE141F,n/a,HVC-LAB-20-wave20-jjtcprelay-config,luminet-baseline-d73453f,daemon-labs,jjtcprelay config lab capability,standalone source unit,executable-behaviour/reference implementation,standalone,server/internal/proxy/jjtcprelay_config.go,dece141f07c8e44cd14c4694c9173b9383097a877c2c270fc0d6b74e6424214b,JJRelayCandidateGoogleIPs;JJRelayConfig;JJRelayConfig.GetBatchMax;JJRelayConfig.GetCacheMaxMB;JJRelayConfig.GetClientIdleTimeout;JJRelayConfig.GetConnTTL;JJRelayConfig.GetGoogleScannerConcurrency;JJRelayConfig.GetGoogleScannerTimeout;JJRelayConfig.GetMaxDownBPS;JJRelayConfig.GetMaxHeaderBytes;JJRelayConfig.GetMaxInflight;JJRelayConfig.GetMaxRequestBodyBytes;JJRelayConfig.GetMaxResponseBodyBytes;JJRelayConfig.GetMaxUpBPS;JJRelayConfig.GetPoolMax;JJRelayConfig.GetPoolMinIdle;JJRelayConfig.GetRelayTimeout;JJRelayConfig.GetScriptBlacklistTTL;JJRelayConfig.GetSemaphoreMax;JJRelayConfig.GetStatsLogTopN;JJRelayConfig.GetTCPConnectTimeout;JJRelayConfig.GetTLSConnectTimeout;JJRelayConfig.GetUpstreamTimeoutMs;JJRelayConfig.GetWarmPoolCount;JJRelayConfig.SetBatchMax;JJRelayConfig.SetCacheMaxMB;JJRelayConfig.SetClientIdleTimeout;JJRelayConfig.SetConnTTL;JJRelayConfig.SetGoogleScannerConcurrency;JJRelayConfig.SetGoogleScannerTimeout;JJRelayConfig.SetMaxDownBPS;JJRelayConfig.SetMaxHeaderBytes;JJRelayConfig.SetMaxInflight;JJRelayConfig.SetMaxRequestBodyBytes;JJRelayConfig.SetMaxResponseBodyBytes;JJRelayConfig.SetMaxUpBPS;JJRelayConfig.SetPoolMax;JJRelayConfig.SetPoolMinIdle;JJRelayConfig.SetRelayTimeout;JJRelayConfig.SetScriptBlacklistTTL;JJRelayConfig.SetSemaphoreMax;JJRelayConfig.SetStatsLogTopN;JJRelayConfig.SetTCPConnectTimeout;JJRelayConfig.SetTLSConnectTimeout;JJRelayConfig.SetUpstreamTimeoutMs;JJRelayConfig.SetWarmPoolCount;JJRelaySNIPool;JJRelaySNIPool.GetGoogleDirectAllows;JJRelaySNIPool.GetGoogleDirectExcludes;JJRelaySNIPool.GetGoogleFrontSNIs;JJRelaySNIPool.GetGoogleOwnedSuffixes;JJRelaySNIPool.GetSNIRewriteSuffixes;JJRelaySNIPool.GetTraceHostSuffixes;JJRelaySNIPool.SetGoogleDirectAllows;JJRelaySNIPool.SetGoogleDirectExcludes;JJRelaySNIPool.SetGoogleFrontSNIs;JJRelaySNIPool.SetGoogleOwnedSuffixes;JJRelaySNIPool.SetSNIRewriteSuffixes;JJRelaySNIPool.SetTraceHostSuffixes;NewJJRelayConfig;NewJJRelaySNIPool,promotion to governed lab,one-to-one,reference-only,"The source carries distinct dormant implementation value but has no live production consumer. Preserve it as an intentional, catalogued lab capability without granting runtime authority; later promotion must extract only target-native value behind a canonical owner.",daemon lab capability corpus,labs/daemon/proxy/jjtcprelay_config.go,The lab source remains byte-identical to its baseline object and traceable by SHA-256.,Live daemon internal packages must not import lab code directly or treat lab presence as production readiness.,n/a,labs/daemon/CAPABILITIES.csv,Path-only promotion from experiments to labs; no live runtime dependency or persisted state change.,Repository-native baseline source; no new external donor bytes introduced.,medium,n/a,high,statically-validated
HVC-LAB-W20-JSON-FILTER-BFCB7AB8,n/a,HVC-LAB-20-wave20-json-filter,luminet-baseline-d73453f,daemon-labs,json filter lab capability,standalone source unit,executable-behaviour/reference implementation,standalone,server/internal/proxy/json_filter.go,bfcb7ab8bba68a90e88419360f7e1a8f1048e1244e4d7c473c0bb178f9d5ad99,ExecuteJSONFilter;TransformSubscriptionJSON,promotion to governed lab,one-to-one,reference-only,"The source carries distinct dormant implementation value but has no live production consumer. Preserve it as an intentional, catalogued lab capability without granting runtime authority; later promotion must extract only target-native value behind a canonical owner.",daemon lab capability corpus,labs/daemon/proxy/json_filter.go,The lab source remains byte-identical to its baseline object and traceable by SHA-256.,Live daemon internal packages must not import lab code directly or treat lab presence as production readiness.,labs/daemon/proxy/json_filter_test.go,labs/daemon/CAPABILITIES.csv,Path-only promotion from experiments to labs; no live runtime dependency or persisted state change.,Repository-native baseline source; no new external donor bytes introduced.,medium,n/a,high,statically-validated
HVC-LAB-W20-KCP-DIALER-15FBCB5C,n/a,HVC-LAB-20-wave20-kcp-dialer,luminet-baseline-d73453f,daemon-labs,kcp dialer lab capability,standalone source unit,executable-behaviour/reference implementation,standalone,server/internal/proxy/kcp_dialer.go,15fbcb5caf4504c2a9d5aedfbb33708e57be917b14a19409281b27e17ccf47c5,KCPConn;KCPDialer;KCPDialer.DialKCP;NewKCPDialer,promotion to governed lab,one-to-one,reference-only,"The source carries distinct dormant implementation value but has no live production consumer. Preserve it as an intentional, catalogued lab capability without granting runtime authority; later promotion must extract only target-native value behind a canonical owner.",daemon lab capability corpus,labs/daemon/proxy/kcp_dialer.go,The lab source remains byte-identical to its baseline object and traceable by SHA-256.,Live daemon internal packages must not import lab code directly or treat lab presence as production readiness.,n/a,labs/daemon/CAPABILITIES.csv,Path-only promotion from experiments to labs; no live runtime dependency or persisted state change.,Repository-native baseline source; no new external donor bytes introduced.,medium,n/a,high,statically-validated
HVC-LAB-W20-KCP-FEC-8160625D,n/a,HVC-LAB-20-wave20-kcp-fec,luminet-baseline-d73453f,daemon-labs,kcp fec lab capability,standalone source unit,executable-behaviour/reference implementation,standalone,server/internal/proxy/kcp_fec.go,8160625dbfc3eece6b72c9b94e6853ce7b982ed5707b7ccff029ede679459bc0,NewReedSolomonFEC;ReedSolomonFEC;ReedSolomonFEC.Encode;ReedSolomonFEC.Reconstruct,promotion to governed lab,one-to-one,reference-only,"The source carries distinct dormant implementation value but has no live production consumer. Preserve it as an intentional, catalogued lab capability without granting runtime authority; later promotion must extract only target-native value behind a canonical owner.",daemon lab capability corpus,labs/daemon/proxy/kcp_fec.go,The lab source remains byte-identical to its baseline object and traceable by SHA-256.,Live daemon internal packages must not import lab code directly or treat lab presence as production readiness.,n/a,labs/daemon/CAPABILITIES.csv,Path-only promotion from experiments to labs; no live runtime dependency or persisted state change.,Repository-native baseline source; no new external donor bytes introduced.,medium,n/a,high,statically-validated
HVC-LAB-W20-KCP-GO-00C4FE26,n/a,HVC-LAB-20-wave20-kcp-go,luminet-baseline-d73453f,daemon-labs,kcp go lab capability,standalone source unit,executable-behaviour/reference implementation,standalone,server/internal/proxy/kcp_go.go,00c4fe26993ce802b6990fb9b57031cac69128d6671633b487d8268d206f2809,KCPGo;KCPGo.StartSession;NewKCPGo,promotion to governed lab,one-to-one,reference-only,"The source carries distinct dormant implementation value but has no live production consumer. Preserve it as an intentional, catalogued lab capability without granting runtime authority; later promotion must extract only target-native value behind a canonical owner.",daemon lab capability corpus,labs/daemon/proxy/kcp_go.go,The lab source remains byte-identical to its baseline object and traceable by SHA-256.,Live daemon internal packages must not import lab code directly or treat lab presence as production readiness.,n/a,labs/daemon/CAPABILITIES.csv,Path-only promotion from experiments to labs; no live runtime dependency or persisted state change.,Repository-native baseline source; no new external donor bytes introduced.,medium,n/a,high,statically-validated
HVC-LAB-W20-KEEPALIVE-HEARTBEAT-B9A9E3F5,n/a,HVC-LAB-20-wave20-keepalive-heartbeat,luminet-baseline-d73453f,daemon-labs,keepalive heartbeat lab capability,standalone source unit,executable-behaviour/reference implementation,standalone,server/internal/proxy/keepalive_heartbeat.go,b9a9e3f532f722b0a85312ddf504d23ef1bbb5a3971bb69d466e227f436c0b50,KeepAliveHeartbeat;NewKeepAliveHeartbeat,promotion to governed lab,one-to-one,reference-only,"The source carries distinct dormant implementation value but has no live production consumer. Preserve it as an intentional, catalogued lab capability without granting runtime authority; later promotion must extract only target-native value behind a canonical owner.",daemon lab capability corpus,labs/daemon/proxy/keepalive_heartbeat.go,The lab source remains byte-identical to its baseline object and traceable by SHA-256.,Live daemon internal packages must not import lab code directly or treat lab presence as production readiness.,n/a,labs/daemon/CAPABILITIES.csv,Path-only promotion from experiments to labs; no live runtime dependency or persisted state change.,Repository-native baseline source; no new external donor bytes introduced.,medium,n/a,high,statically-validated
HVC-LAB-W20-L7MP-LISTENER-FB8835EB,n/a,HVC-LAB-20-wave20-l7mp-listener,luminet-baseline-d73453f,daemon-labs,l7mp listener lab capability,standalone source unit,executable-behaviour/reference implementation,standalone,server/internal/proxy/l7mp_listener.go,fb8835eb627c047db1e85cbc620cc5ab44ae537dca024ab7678c887efcf6e0e3,DefaultL7MPConfig;L7MPCluster;L7MPCluster.GetName;L7MPCluster.SetName;L7MPConfig;L7MPConfig.AddListener;L7MPListener;L7MPListener.GetName;L7MPListener.SetName,promotion to governed lab,one-to-one,reference-only,"The source carries distinct dormant implementation value but has no live production consumer. Preserve it as an intentional, catalogued lab capability without granting runtime authority; later promotion must extract only target-native value behind a canonical owner.",daemon lab capability corpus,labs/daemon/proxy/l7mp_listener.go,The lab source remains byte-identical to its baseline object and traceable by SHA-256.,Live daemon internal packages must not import lab code directly or treat lab presence as production readiness.,n/a,labs/daemon/CAPABILITIES.csv,Path-only promotion from experiments to labs; no live runtime dependency or persisted state change.,Repository-native baseline source; no new external donor bytes introduced.,medium,n/a,high,statically-validated
HVC-LAB-W20-L7MP-OFFLOAD-7BF2952B,n/a,HVC-LAB-20-wave20-l7mp-offload,luminet-baseline-d73453f,daemon-labs,l7mp offload lab capability,standalone source unit,executable-behaviour/reference implementation,standalone,server/internal/proxy/l7mp_offload.go,7bf2952b194e265e14a24b4baae74a83ee1ffd51874b5fbd7e68f00026c21df5,ApplyL7MPOffload;L7MPOffloadConfig;L7MPOffloadConfig.GetInterfaceName;L7MPOffloadConfig.SetInterfaceName,promotion to governed lab,one-to-one,reference-only,"The source carries distinct dormant implementation value but has no live production consumer. Preserve it as an intentional, catalogued lab capability without granting runtime authority; later promotion must extract only target-native value behind a canonical owner.",daemon lab capability corpus,labs/daemon/proxy/l7mp_offload.go,The lab source remains byte-identical to its baseline object and traceable by SHA-256.,Live daemon internal packages must not import lab code directly or treat lab presence as production readiness.,n/a,labs/daemon/CAPABILITIES.csv,Path-only promotion from experiments to labs; no live runtime dependency or persisted state change.,Repository-native baseline source; no new external donor bytes introduced.,medium,n/a,high,statically-validated
HVC-LAB-W20-L7MP-SESSION-15800FE8,n/a,HVC-LAB-20-wave20-l7mp-session,luminet-baseline-d73453f,daemon-labs,l7mp session lab capability,standalone source unit,executable-behaviour/reference implementation,standalone,server/internal/proxy/l7mp_session.go,15800fe8f86734e8edcd2d23384e09f31ca5cc446eeffe7509205f9ee0c68cc0,L7MPSession;L7MPSession.GetRxBytes;L7MPSession.GetSessionID;L7MPSession.SetRxBytes;L7MPSession.SetSessionID;L7MPSessionRegistry;L7MPSessionRegistry.AddSession;L7MPSessionRegistry.CloseSession;L7MPSessionRegistry.GetActiveSessions;L7MPSessionRegistry.UpdateTraffic;NewL7MPSessionRegistry,promotion to governed lab,one-to-one,reference-only,"The source carries distinct dormant implementation value but has no live production consumer. Preserve it as an intentional, catalogued lab capability without granting runtime authority; later promotion must extract only target-native value behind a canonical owner.",daemon lab capability corpus,labs/daemon/proxy/l7mp_session.go,The lab source remains byte-identical to its baseline object and traceable by SHA-256.,Live daemon internal packages must not import lab code directly or treat lab presence as production readiness.,n/a,labs/daemon/CAPABILITIES.csv,Path-only promotion from experiments to labs; no live runtime dependency or persisted state change.,Repository-native baseline source; no new external donor bytes introduced.,medium,n/a,high,statically-validated
HVC-LAB-W20-LANDING-DISGUISE-EED96289,n/a,HVC-LAB-20-wave20-landing-disguise,luminet-baseline-d73453f,daemon-labs,landing disguise lab capability,standalone source unit,executable-behaviour/reference implementation,standalone,server/internal/proxy/landing_disguise.go,eed962897f159b61316d4bf01ef8e4f82385b9fd3802eaf08c38374fe04063fe,LandingDisguise;LandingDisguise.ServeHTTP;NewLandingDisguise,promotion to governed lab,one-to-one,reference-only,"The source carries distinct dormant implementation value but has no live production consumer. Preserve it as an intentional, catalogued lab capability without granting runtime authority; later promotion must extract only target-native value behind a canonical owner.",daemon lab capability corpus,labs/daemon/proxy/landing_disguise.go,The lab source remains byte-identical to its baseline object and traceable by SHA-256.,Live daemon internal packages must not import lab code directly or treat lab presence as production readiness.,n/a,labs/daemon/CAPABILITIES.csv,Path-only promotion from experiments to labs; no live runtime dependency or persisted state change.,Repository-native baseline source; no new external donor bytes introduced.,medium,n/a,high,statically-validated
HVC-LAB-W20-LANTERN-16263C3C,n/a,HVC-LAB-20-wave20-lantern,luminet-baseline-d73453f,daemon-labs,lantern lab capability,standalone source unit,executable-behaviour/reference implementation,standalone,server/internal/proxy/lantern.go,16263c3cfab3dc838eea45533e840b3fec97469878bc324773955a38836a9e48,Lantern;Lantern.Start;NewLantern,promotion to governed lab,one-to-one,reference-only,"The source carries distinct dormant implementation value but has no live production consumer. Preserve it as an intentional, catalogued lab capability without granting runtime authority; later promotion must extract only target-native value behind a canonical owner.",daemon lab capability corpus,labs/daemon/proxy/lantern.go,The lab source remains byte-identical to its baseline object and traceable by SHA-256.,Live daemon internal packages must not import lab code directly or treat lab presence as production readiness.,n/a,labs/daemon/CAPABILITIES.csv,Path-only promotion from experiments to labs; no live runtime dependency or persisted state change.,Repository-native baseline source; no new external donor bytes introduced.,medium,n/a,high,statically-validated
HVC-LAB-W20-LANTERN-BRIDGE-E5AF0C6E,n/a,HVC-LAB-20-wave20-lantern-bridge,luminet-baseline-d73453f,daemon-labs,lantern bridge lab capability,standalone source unit,executable-behaviour/reference implementation,standalone,server/internal/proxy/lantern_bridge.go,e5af0c6e1c017a134ddc5541a95d89988fbc83c04ce5a9c76ed8f800cb811f9c,LanternBridge;LanternBridge.Connect;LanternBridge.ConnectCore;LanternBridge.GetDataCapUsage;LanternBridge.GetSelectedServer;LanternBridge.StopCore;LanternServerInfo;NewLanternBridge,promotion to governed lab,one-to-one,reference-only,"The source carries distinct dormant implementation value but has no live production consumer. Preserve it as an intentional, catalogued lab capability without granting runtime authority; later promotion must extract only target-native value behind a canonical owner.",daemon lab capability corpus,labs/daemon/proxy/lantern_bridge.go,The lab source remains byte-identical to its baseline object and traceable by SHA-256.,Live daemon internal packages must not import lab code directly or treat lab presence as production readiness.,n/a,labs/daemon/CAPABILITIES.csv,Path-only promotion from experiments to labs; no live runtime dependency or persisted state change.,Repository-native baseline source; no new external donor bytes introduced.,medium,n/a,high,statically-validated
HVC-LAB-W20-LATENCY-VARIANCE-MONITOR-7C81606C,n/a,HVC-LAB-20-wave20-latency-variance-monitor,luminet-baseline-d73453f,daemon-labs,latency variance monitor lab capability,standalone source unit,executable-behaviour/reference implementation,standalone,server/internal/proxy/latency_variance_monitor.go,7c81606cdfbd81afb3ddf23af5dda42462d40a28df55e22ac7974629406f0fb1,MHRVClient;MHRVClient.BenchmarkEndpoint;MHRVClient.ClearLatencies;MHRVClient.ExportLatenciesJSON;MHRVClient.GetAverageLatency;MHRVClient.GetGASEndpoint;MHRVClient.GetHTTPClient;MHRVClient.GetLatenciesCount;MHRVClient.GetLatencyJitter;MHRVClient.GetMaxLatency;MHRVClient.GetMinLatency;MHRVClient.ImportLatenciesJSON;MHRVClient.IsEndpointHealthy;MHRVClient.RelayTraffic;MHRVClient.SetGASEndpoint;MHRVClient.SetHTTPClient;NewMHRVClient,promotion to governed lab,one-to-one,reference-only,"The source carries distinct dormant implementation value but has no live production consumer. Preserve it as an intentional, catalogued lab capability without granting runtime authority; later promotion must extract only target-native value behind a canonical owner.",daemon lab capability corpus,labs/daemon/proxy/latency_variance_monitor.go,The lab source remains byte-identical to its baseline object and traceable by SHA-256.,Live daemon internal packages must not import lab code directly or treat lab presence as production readiness.,n/a,labs/daemon/CAPABILITIES.csv,Path-only promotion from experiments to labs; no live runtime dependency or persisted state change.,Repository-native baseline source; no new external donor bytes introduced.,medium,n/a,high,statically-validated
HVC-LAB-W20-LAYER7-MESH-ADAPTER-27504B48,n/a,HVC-LAB-20-wave20-layer7-mesh-adapter,luminet-baseline-d73453f,daemon-labs,layer7 mesh adapter lab capability,standalone source unit,executable-behaviour/reference implementation,standalone,server/internal/proxy/layer7_mesh_adapter.go,27504b488aff5e955af0ff314406547560cc57347e791cfa67480e63766ba7eb,L7MPAdapter;L7MPAdapter.Adapt;NewL7MPAdapter,promotion to governed lab,one-to-one,reference-only,"The source carries distinct dormant implementation value but has no live production consumer. Preserve it as an intentional, catalogued lab capability without granting runtime authority; later promotion must extract only target-native value behind a canonical owner.",daemon lab capability corpus,labs/daemon/proxy/layer7_mesh_adapter.go,The lab source remains byte-identical to its baseline object and traceable by SHA-256.,Live daemon internal packages must not import lab code directly or treat lab presence as production readiness.,n/a,labs/daemon/CAPABILITIES.csv,Path-only promotion from experiments to labs; no live runtime dependency or persisted state change.,Repository-native baseline source; no new external donor bytes introduced.,medium,n/a,high,statically-validated
HVC-LAB-W20-LAYER7-PROXY-MESH-CC8A604A,n/a,HVC-LAB-20-wave20-layer7-proxy-mesh,luminet-baseline-d73453f,daemon-labs,layer7 proxy mesh lab capability,standalone source unit,executable-behaviour/reference implementation,standalone,server/internal/proxy/layer7_proxy_mesh.go,cc8a604aa14f9685a522c5c19c66077c952e3f062305fb2d854a662e9121304c,L7MP;L7MP.MapSessions;NewL7MP,promotion to governed lab,one-to-one,reference-only,"The source carries distinct dormant implementation value but has no live production consumer. Preserve it as an intentional, catalogued lab capability without granting runtime authority; later promotion must extract only target-native value behind a canonical owner.",daemon lab capability corpus,labs/daemon/proxy/layer7_proxy_mesh.go,The lab source remains byte-identical to its baseline object and traceable by SHA-256.,Live daemon internal packages must not import lab code directly or treat lab presence as production readiness.,n/a,labs/daemon/CAPABILITIES.csv,Path-only promotion from experiments to labs; no live runtime dependency or persisted state change.,Repository-native baseline source; no new external donor bytes introduced.,medium,n/a,high,statically-validated
HVC-LAB-W20-LIBXRAY-61D69233,n/a,HVC-LAB-20-wave20-libxray,luminet-baseline-d73453f,daemon-labs,libxray lab capability,standalone source unit,executable-behaviour/reference implementation,standalone,server/internal/proxy/libxray.go,61d692330ba20f24229db3869e7aff652cf8a634319b8cbcdf982bd0c5bcc64f,LibXray;LibXray.BindMobile;NewLibXray,promotion to governed lab,one-to-one,reference-only,"The source carries distinct dormant implementation value but has no live production consumer. Preserve it as an intentional, catalogued lab capability without granting runtime authority; later promotion must extract only target-native value behind a canonical owner.",daemon lab capability corpus,labs/daemon/proxy/libxray.go,The lab source remains byte-identical to its baseline object and traceable by SHA-256.,Live daemon internal packages must not import lab code directly or treat lab presence as production readiness.,n/a,labs/daemon/CAPABILITIES.csv,Path-only promotion from experiments to labs; no live runtime dependency or persisted state change.,Repository-native baseline source; no new external donor bytes introduced.,medium,n/a,high,statically-validated
HVC-LAB-W20-LIVE-LOGS-992B0016,n/a,HVC-LAB-20-wave20-live-logs,luminet-baseline-d73453f,daemon-labs,live logs lab capability,standalone source unit,executable-behaviour/reference implementation,standalone,server/internal/proxy/live_logs.go,992b00160bc8824ddea8d8584b64b725ec600b9293a9fc572b4caef726b44fb3,LiveLogs;LiveLogs.Broadcast;LiveLogs.Log;LiveLogs.Stream;NewLiveLogs,promotion to governed lab,one-to-one,reference-only,"The source carries distinct dormant implementation value but has no live production consumer. Preserve it as an intentional, catalogued lab capability without granting runtime authority; later promotion must extract only target-native value behind a canonical owner.",daemon lab capability corpus,labs/daemon/proxy/live_logs.go,The lab source remains byte-identical to its baseline object and traceable by SHA-256.,Live daemon internal packages must not import lab code directly or treat lab presence as production readiness.,n/a,labs/daemon/CAPABILITIES.csv,Path-only promotion from experiments to labs; no live runtime dependency or persisted state change.,Repository-native baseline source; no new external donor bytes introduced.,medium,n/a,high,statically-validated
HVC-LAB-W20-LOAD-BALANCER-7D2742C9,n/a,HVC-LAB-20-wave20-load-balancer,luminet-baseline-d73453f,daemon-labs,load balancer lab capability,standalone source unit,executable-behaviour/reference implementation,standalone,server/internal/proxy/load_balancer.go,7d2742c9e957c5c507311972d53b500b1ec3611f11b5788bb84530ad6daadbb4,LoadBalancer;LoadBalancer.Balance;NewLoadBalancer,promotion to governed lab,one-to-one,reference-only,"The source carries distinct dormant implementation value but has no live production consumer. Preserve it as an intentional, catalogued lab capability without granting runtime authority; later promotion must extract only target-native value behind a canonical owner.",daemon lab capability corpus,labs/daemon/proxy/load_balancer.go,The lab source remains byte-identical to its baseline object and traceable by SHA-256.,Live daemon internal packages must not import lab code directly or treat lab presence as production readiness.,n/a,labs/daemon/CAPABILITIES.csv,Path-only promotion from experiments to labs; no live runtime dependency or persisted state change.,Repository-native baseline source; no new external donor bytes introduced.,medium,n/a,high,statically-validated
HVC-LAB-W20-MARZBAN-05C7ECC2,n/a,HVC-LAB-20-wave20-marzban,luminet-baseline-d73453f,daemon-labs,marzban lab capability,standalone source unit,executable-behaviour/reference implementation,standalone,server/internal/proxy/marzban.go,05c7ecc24d447ef45d2cc2ffa1aaa4e4e340b8a2475e14479185035a80deeaa0,MarzbanManager;MarzbanManager.AddAdminUser;MarzbanManager.CheckExceededUsers;MarzbanManager.ClearUsers;MarzbanManager.CreateUser;MarzbanManager.DeleteUser;MarzbanManager.ExportUsersJSON;MarzbanManager.ExtendUserLimitBytes;MarzbanManager.GetUser;MarzbanManager.GetUserCount;MarzbanManager.GetUsers;MarzbanManager.ImportUsersJSON;MarzbanManager.IsUserAdmin;MarzbanManager.ResetUserStats;MarzbanManager.SetUserStatus;MarzbanManager.SyncUsersWithXray;MarzbanUser;NewMarzbanManager,promotion to governed lab,one-to-one,reference-only,"The source carries distinct dormant implementation value but has no live production consumer. Preserve it as an intentional, catalogued lab capability without granting runtime authority; later promotion must extract only target-native value behind a canonical owner.",daemon lab capability corpus,labs/daemon/proxy/marzban.go,The lab source remains byte-identical to its baseline object and traceable by SHA-256.,Live daemon internal packages must not import lab code directly or treat lab presence as production readiness.,n/a,labs/daemon/CAPABILITIES.csv,Path-only promotion from experiments to labs; no live runtime dependency or persisted state change.,Repository-native baseline source; no new external donor bytes introduced.,medium,n/a,high,statically-validated
HVC-LAB-W20-MASQUE-DIALER-187E211F,n/a,HVC-LAB-20-wave20-masque-dialer,luminet-baseline-d73453f,daemon-labs,masque dialer lab capability,standalone source unit,executable-behaviour/reference implementation,standalone,server/internal/proxy/masque_dialer.go,187e211fb7c356897d122fc0c412c9faf6b2a1825a3b55629d3ab4030a9b4605,AssignedAddress;Capsule;CapsuleTypeAddressAssign;CapsuleTypeRouteAdvertise;MasqueDialer;MasqueDialer.DialTarget;NewMasqueDialer;ParseAddressAssign;ReadCapsule;ReadVarint;WriteCapsule;WriteVarint;http2Conn.Close;http2Conn.LocalAddr;http2Conn.Read;http2Conn.RemoteAddr;http2Conn.SetDeadline;http2Conn.SetReadDeadline;http2Conn.SetWriteDeadline;http2Conn.Write;masqueSimulatedConn.Close;masqueSimulatedConn.LocalAddr;masqueSimulatedConn.Read;masqueSimulatedConn.RemoteAddr;masqueSimulatedConn.SetDeadline;masqueSimulatedConn.SetReadDeadline;masqueSimulatedConn.SetWriteDeadline;masqueSimulatedConn.Write;sliceReader.Read;sliceReader.ReadByte,promotion to governed lab,one-to-one,reference-only,"The source carries distinct dormant implementation value but has no live production consumer. Preserve it as an intentional, catalogued lab capability without granting runtime authority; later promotion must extract only target-native value behind a canonical owner.",daemon lab capability corpus,labs/daemon/proxy/masque_dialer.go,The lab source remains byte-identical to its baseline object and traceable by SHA-256.,Live daemon internal packages must not import lab code directly or treat lab presence as production readiness.,labs/daemon/proxy/masque_dialer_test.go,labs/daemon/CAPABILITIES.csv,Path-only promotion from experiments to labs; no live runtime dependency or persisted state change.,Repository-native baseline source; no new external donor bytes introduced.,medium,n/a,high,statically-validated
HVC-LAB-W20-MASTER-HTTP-RELAY-CLIENT-56D6E2D3,n/a,HVC-LAB-20-wave20-master-http-relay-client,luminet-baseline-d73453f,daemon-labs,master http relay client lab capability,standalone source unit,executable-behaviour/reference implementation,standalone,server/internal/proxy/master_http_relay_client.go,56d6e2d3449675211c6a68d6e30f2ed4b814fc43cbfb78c5c47cd3ef6a37d76c,MasteHttpBBRCongestionControl;MasteHttpBBRCongestionControl.InjectRelayAuthHeader;MasteHttpBBRCongestionControl.SetSocketOptions;MasteHttpProxyDialer;MasteHttpProxyDialer.DialWithBackoff;MasteHttpQuotaTracker;MasteHttpQuotaTracker.AddTraffic;MasteHttpSession;NewMasteHttpProxyDialer;NewMasteHttpQuotaTracker,promotion to governed lab,one-to-one,reference-only,"The source carries distinct dormant implementation value but has no live production consumer. Preserve it as an intentional, catalogued lab capability without granting runtime authority; later promotion must extract only target-native value behind a canonical owner.",daemon lab capability corpus,labs/daemon/proxy/master_http_relay_client.go,The lab source remains byte-identical to its baseline object and traceable by SHA-256.,Live daemon internal packages must not import lab code directly or treat lab presence as production readiness.,n/a,labs/daemon/CAPABILITIES.csv,Path-only promotion from experiments to labs; no live runtime dependency or persisted state change.,Repository-native baseline source; no new external donor bytes introduced.,medium,n/a,high,statically-validated
HVC-LAB-W20-MASTER-HTTP-RELAY-CONFIG-B0494FFD,n/a,HVC-LAB-20-wave20-master-http-relay-config,luminet-baseline-d73453f,daemon-labs,master http relay config lab capability,standalone source unit,executable-behaviour/reference implementation,standalone,server/internal/proxy/master_http_relay_config.go,b0494ffd0e384b1ebb1b8766aad89b602b7fcf22c0ebd06b808882e96d5500bd,MasterHTTPRelayConfig;MasterHTTPRelayConfig.GetAuthKey;MasterHTTPRelayConfig.GetBlockQUIC;MasterHTTPRelayConfig.GetBlockSTUN;MasterHTTPRelayConfig.GetCoalesceMaxMs;MasterHTTPRelayConfig.GetCoalesceStepMs;MasterHTTPRelayConfig.GetDisablePadding;MasterHTTPRelayConfig.GetEnableBatching;MasterHTTPRelayConfig.GetExtraDoHHosts;MasterHTTPRelayConfig.GetFetchIPsFromAPI;MasterHTTPRelayConfig.GetForceHTTP1;MasterHTTPRelayConfig.GetFrontDomain;MasterHTTPRelayConfig.GetGoogleIP;MasterHTTPRelayConfig.GetGoogleIPValidation;MasterHTTPRelayConfig.GetHosts;MasterHTTPRelayConfig.GetListenHost;MasterHTTPRelayConfig.GetListenPort;MasterHTTPRelayConfig.GetLogLevel;MasterHTTPRelayConfig.GetMaxIPsToScan;MasterHTTPRelayConfig.GetMode;MasterHTTPRelayConfig.GetNormalizeXGraphQL;MasterHTTPRelayConfig.GetParallelRelay;MasterHTTPRelayConfig.GetPassthroughHosts;MasterHTTPRelayConfig.GetSNIHosts;MasterHTTPRelayConfig.GetSOCKS5Port;MasterHTTPRelayConfig.GetScanBatchSize;MasterHTTPRelayConfig.GetScriptIDs;MasterHTTPRelayConfig.GetTunnelDoH;MasterHTTPRelayConfig.GetUpstreamSOCKS5;MasterHTTPRelayConfig.GetVerifySSL;MasterHTTPRelayConfig.GetYouTubeViaRelay;MasterHTTPRelayConfig.SetAuthKey;MasterHTTPRelayConfig.SetBlockQUIC;MasterHTTPRelayConfig.SetBlockSTUN;MasterHTTPRelayConfig.SetCoalesceMaxMs;MasterHTTPRelayConfig.SetCoalesceStepMs;MasterHTTPRelayConfig.SetDisablePadding;MasterHTTPRelayConfig.SetEnableBatching;MasterHTTPRelayConfig.SetExtraDoHHosts;MasterHTTPRelayConfig.SetFetchIPsFromAPI;MasterHTTPRelayConfig.SetForceHTTP1;MasterHTTPRelayConfig.SetFrontDomain;MasterHTTPRelayConfig.SetGoogleIP;MasterHTTPRelayConfig.SetGoogleIPValidation;MasterHTTPRelayConfig.SetHosts;MasterHTTPRelayConfig.SetListenHost;MasterHTTPRelayConfig.SetListenPort;MasterHTTPRelayConfig.SetLogLevel;MasterHTTPRelayConfig.SetMaxIPsToScan;MasterHTTPRelayConfig.SetMode;MasterHTTPRelayConfig.SetNormalizeXGraphQL;MasterHTTPRelayConfig.SetParallelRelay;MasterHTTPRelayConfig.SetPassthroughHosts;MasterHTTPRelayConfig.SetSNIHosts;MasterHTTPRelayConfig.SetSOCKS5Port;MasterHTTPRelayConfig.SetScanBatchSize;MasterHTTPRelayConfig.SetScriptIDs;MasterHTTPRelayConfig.SetTunnelDoH;MasterHTTPRelayConfig.SetUpstreamSOCKS5;MasterHTTPRelayConfig.SetVerifySSL;MasterHTTPRelayConfig.SetYouTubeViaRelay;MasterHTTPRelayFrontingGroup;MasterHTTPRelayFrontingGroup.GetEdgeIP;MasterHTTPRelayFrontingGroup.GetHostHeader;MasterHTTPRelayFrontingGroup.GetName;MasterHTTPRelayFrontingGroup.GetSNIHosts;MasterHTTPRelayFrontingGroup.SetEdgeIP;MasterHTTPRelayFrontingGroup.SetHostHeader;MasterHTTPRelayFrontingGroup.SetName;MasterHTTPRelayFrontingGroup.SetSNIHosts;MasterHTTPRelayMode;MasterHTTPRelayModeAppsScript;MasterHTTPRelayModeDirect;MasterHTTPRelayModeFull;NewMasterHTTPRelayConfig,promotion to governed lab,one-to-one,reference-only,"The source carries distinct dormant implementation value but has no live production consumer. Preserve it as an intentional, catalogued lab capability without granting runtime authority; later promotion must extract only target-native value behind a canonical owner.",daemon lab capability corpus,labs/daemon/proxy/master_http_relay_config.go,The lab source remains byte-identical to its baseline object and traceable by SHA-256.,Live daemon internal packages must not import lab code directly or treat lab presence as production readiness.,n/a,labs/daemon/CAPABILITIES.csv,Path-only promotion from experiments to labs; no live runtime dependency or persisted state change.,Repository-native baseline source; no new external donor bytes introduced.,medium,n/a,high,statically-validated
HVC-LAB-W20-MASTER-HTTP-RELAY-QUOTA-76C009AC,n/a,HVC-LAB-20-wave20-master-http-relay-quota,luminet-baseline-d73453f,daemon-labs,master http relay quota lab capability,standalone source unit,executable-behaviour/reference implementation,standalone,server/internal/proxy/master_http_relay_quota.go,76c009ac0aea89dbf4f496a781a4761f1dae1bbac8c347f0cda03cd4b3c251e6,MasterHTTPRelayAccountBucket;MasterHTTPRelayAccountBucket.GetBytesDown;MasterHTTPRelayAccountBucket.GetBytesTotal;MasterHTTPRelayAccountBucket.GetBytesUp;MasterHTTPRelayAccountBucket.GetExhausted;MasterHTTPRelayAccountBucket.GetExhaustionReason;MasterHTTPRelayAccountBucket.GetFailedRequests;MasterHTTPRelayAccountBucket.GetHardStopped;MasterHTTPRelayAccountBucket.GetLastRequestAt;MasterHTTPRelayAccountBucket.GetMaskedID;MasterHTTPRelayAccountBucket.GetNextResetAt;MasterHTTPRelayAccountBucket.GetQuotaErrorCount;MasterHTTPRelayAccountBucket.GetRequestsUsed;MasterHTTPRelayAccountBucket.SetBytesDown;MasterHTTPRelayAccountBucket.SetBytesTotal;MasterHTTPRelayAccountBucket.SetBytesUp;MasterHTTPRelayAccountBucket.SetExhausted;MasterHTTPRelayAccountBucket.SetExhaustionReason;MasterHTTPRelayAccountBucket.SetFailedRequests;MasterHTTPRelayAccountBucket.SetHardStopped;MasterHTTPRelayAccountBucket.SetLastRequestAt;MasterHTTPRelayAccountBucket.SetMaskedID;MasterHTTPRelayAccountBucket.SetNextResetAt;MasterHTTPRelayAccountBucket.SetQuotaErrorCount;MasterHTTPRelayAccountBucket.SetRequestsUsed;MasterHTTPRelayQuotaSummary;MasterHTTPRelayQuotaSummary.GetAccountCount;MasterHTTPRelayQuotaSummary.GetBytesDownTotal;MasterHTTPRelayQuotaSummary.GetBytesTotal;MasterHTTPRelayQuotaSummary.GetBytesUpTotal;MasterHTTPRelayQuotaSummary.GetDailyCapacityTotal;MasterHTTPRelayQuotaSummary.GetExhaustedCount;MasterHTTPRelayQuotaSummary.GetFailedRequestsTotal;MasterHTTPRelayQuotaSummary.GetGlobalHardStop;MasterHTTPRelayQuotaSummary.GetHardStoppedCount;MasterHTTPRelayQuotaSummary.GetNextResetAt;MasterHTTPRelayQuotaSummary.GetNextResetAtAny;MasterHTTPRelayQuotaSummary.GetRequestsRemainingTotal;MasterHTTPRelayQuotaSummary.GetRequestsUsedTotal;MasterHTTPRelayQuotaSummary.GetTotalRelayCalls;MasterHTTPRelayQuotaSummary.SetAccountCount;MasterHTTPRelayQuotaSummary.SetBytesDownTotal;MasterHTTPRelayQuotaSummary.SetBytesTotal;MasterHTTPRelayQuotaSummary.SetBytesUpTotal;MasterHTTPRelayQuotaSummary.SetDailyCapacityTotal;MasterHTTPRelayQuotaSummary.SetExhaustedCount;MasterHTTPRelayQuotaSummary.SetFailedRequestsTotal;MasterHTTPRelayQuotaSummary.SetGlobalHardStop;MasterHTTPRelayQuotaSummary.SetHardStoppedCount;MasterHTTPRelayQuotaSummary.SetNextResetAt;MasterHTTPRelayQuotaSummary.SetNextResetAtAny;MasterHTTPRelayQuotaSummary.SetRequestsRemainingTotal;MasterHTTPRelayQuotaSummary.SetRequestsUsedTotal;MasterHTTPRelayQuotaSummary.SetTotalRelayCalls,promotion to governed lab,one-to-one,reference-only,"The source carries distinct dormant implementation value but has no live production consumer. Preserve it as an intentional, catalogued lab capability without granting runtime authority; later promotion must extract only target-native value behind a canonical owner.",daemon lab capability corpus,labs/daemon/proxy/master_http_relay_quota.go,The lab source remains byte-identical to its baseline object and traceable by SHA-256.,Live daemon internal packages must not import lab code directly or treat lab presence as production readiness.,n/a,labs/daemon/CAPABILITIES.csv,Path-only promotion from experiments to labs; no live runtime dependency or persisted state change.,Repository-native baseline source; no new external donor bytes introduced.,medium,n/a,high,statically-validated
HVC-LAB-W20-MASTERDNSVPN-INFLIGHT-2C3CB588,n/a,HVC-LAB-20-wave20-masterdnsvpn-inflight,luminet-baseline-d73453f,daemon-labs,masterdnsvpn inflight lab capability,standalone source unit,executable-behaviour/reference implementation,standalone,server/internal/proxy/masterdnsvpn_inflight.go,2c3cb58826b3eef276a4013ed4a54c30f63ff2e5a73c5e5528c47e256e88d7d4,DNSVPNInflightEntry;DNSVPNInflightEntry.GetCreatedAt;DNSVPNInflightEntry.GetHasValue;DNSVPNInflightEntry.GetValue;DNSVPNInflightManager;DNSVPNInflightManager.Acquire;DNSVPNInflightManager.Begin;DNSVPNInflightManager.GetCleanupWindow;DNSVPNInflightManager.GetTimeout;DNSVPNInflightManager.Resolve;DNSVPNInflightManager.Wait;NewDNSVPNInflightManager,promotion to governed lab,one-to-one,reference-only,"The source carries distinct dormant implementation value but has no live production consumer. Preserve it as an intentional, catalogued lab capability without granting runtime authority; later promotion must extract only target-native value behind a canonical owner.",daemon lab capability corpus,labs/daemon/proxy/masterdnsvpn_inflight.go,The lab source remains byte-identical to its baseline object and traceable by SHA-256.,Live daemon internal packages must not import lab code directly or treat lab presence as production readiness.,n/a,labs/daemon/CAPABILITIES.csv,Path-only promotion from experiments to labs; no live runtime dependency or persisted state change.,Repository-native baseline source; no new external donor bytes introduced.,medium,n/a,high,statically-validated
HVC-LAB-W20-MITM-DETECTOR-0E63E3B1,n/a,HVC-LAB-20-wave20-mitm-detector,luminet-baseline-d73453f,daemon-labs,mitm detector lab capability,standalone source unit,executable-behaviour/reference implementation,standalone,server/internal/proxy/mitm_detector.go,0e63e3b1c516fc2baad265773953b2c9457c1f6a5f5fb4a59e6aae130b0589cc,BrowserSignature;ClientHelloSpec;InterceptionReport;MitmDetector;MitmDetector.AddSignature;MitmDetector.Check;NewMitmDetector,promotion to governed lab,one-to-one,reference-only,"The source carries distinct dormant implementation value but has no live production consumer. Preserve it as an intentional, catalogued lab capability without granting runtime authority; later promotion must extract only target-native value behind a canonical owner.",daemon lab capability corpus,labs/daemon/proxy/mitm_detector.go,The lab source remains byte-identical to its baseline object and traceable by SHA-256.,Live daemon internal packages must not import lab code directly or treat lab presence as production readiness.,labs/daemon/proxy/mitm_detector_test.go,labs/daemon/CAPABILITIES.csv,Path-only promotion from experiments to labs; no live runtime dependency or persisted state change.,Repository-native baseline source; no new external donor bytes introduced.,medium,n/a,high,statically-validated
HVC-LAB-W20-MITM-DOMAIN-FRONTING-REPACKER-B14C4AC2,n/a,HVC-LAB-20-wave20-mitm-domain-fronting-repacker,luminet-baseline-d73453f,daemon-labs,mitm domain fronting repacker lab capability,standalone source unit,executable-behaviour/reference implementation,standalone,server/internal/proxy/mitm_domain_fronting_repacker.go,b14c4ac214cb36b306a29afa0e9910d12a20e40c49fc7d8e0f4334dd4478de63,DomainFrontingRepackerConfig;MitmDecryptionConfig;MitmRepackHandler;MitmRepackHandler.GenerateDynamicCert;MuxRepackDialer;MuxRepackDialer.DialOutbound;MuxRepackDialer.InjectHeaders;NewMitmRepackHandler;NewMuxRepackDialer,promotion to governed lab,one-to-one,reference-only,"The source carries distinct dormant implementation value but has no live production consumer. Preserve it as an intentional, catalogued lab capability without granting runtime authority; later promotion must extract only target-native value behind a canonical owner.",daemon lab capability corpus,labs/daemon/proxy/mitm_domain_fronting_repacker.go,The lab source remains byte-identical to its baseline object and traceable by SHA-256.,Live daemon internal packages must not import lab code directly or treat lab presence as production readiness.,n/a,labs/daemon/CAPABILITIES.csv,Path-only promotion from experiments to labs; no live runtime dependency or persisted state change.,Repository-native baseline source; no new external donor bytes introduced.,medium,n/a,high,statically-validated
HVC-LAB-W20-MITM-TLS-PROXY-1BBB08AF,n/a,HVC-LAB-20-wave20-mitm-tls-proxy,luminet-baseline-d73453f,daemon-labs,mitm tls proxy lab capability,standalone source unit,executable-behaviour/reference implementation,standalone,server/internal/proxy/mitm_tls_proxy.go,1bbb08af4bff6ddb176611320b8ee4064e26d83999d1866f9d2880113cdf1730,MitmTlsProxy;MitmTlsProxy.Redirect;NewMitmTlsProxy,promotion to governed lab,one-to-one,reference-only,"The source carries distinct dormant implementation value but has no live production consumer. Preserve it as an intentional, catalogued lab capability without granting runtime authority; later promotion must extract only target-native value behind a canonical owner.",daemon lab capability corpus,labs/daemon/proxy/mitm_tls_proxy.go,The lab source remains byte-identical to its baseline object and traceable by SHA-256.,Live daemon internal packages must not import lab code directly or treat lab presence as production readiness.,n/a,labs/daemon/CAPABILITIES.csv,Path-only promotion from experiments to labs; no live runtime dependency or persisted state change.,Repository-native baseline source; no new external donor bytes introduced.,medium,n/a,high,statically-validated
HVC-LAB-W20-MOBILE-SNI-SPOOFER-F03BA2A5,n/a,HVC-LAB-20-wave20-mobile-sni-spoofer,luminet-baseline-d73453f,daemon-labs,mobile sni spoofer lab capability,standalone source unit,executable-behaviour/reference implementation,standalone,server/internal/proxy/mobile_sni_spoofer.go,f03ba2a5ded705bc8513431440a42cdf03ed2865824ea5e2edaff26c153732e3,MobileSNISpoofer;MobileSNISpoofer.Configure;MobileSNISpoofer.DialContext;MobileSNISpoofer.ModifyTLSConfig;MobileSNISpoofer.RewriteHTTPHeader;NewMobileSNISpoofer,promotion to governed lab,one-to-one,reference-only,"The source carries distinct dormant implementation value but has no live production consumer. Preserve it as an intentional, catalogued lab capability without granting runtime authority; later promotion must extract only target-native value behind a canonical owner.",daemon lab capability corpus,labs/daemon/proxy/mobile_sni_spoofer.go,The lab source remains byte-identical to its baseline object and traceable by SHA-256.,Live daemon internal packages must not import lab code directly or treat lab presence as production readiness.,n/a,labs/daemon/CAPABILITIES.csv,Path-only promotion from experiments to labs; no live runtime dependency or persisted state change.,Repository-native baseline source; no new external donor bytes introduced.,medium,n/a,high,statically-validated
HVC-LAB-W20-MTPROTO-60069B01,n/a,HVC-LAB-20-wave20-mtproto,luminet-baseline-d73453f,daemon-labs,mtproto lab capability,standalone source unit,executable-behaviour/reference implementation,standalone,server/internal/proxy/mtproto.go,60069b0172e8b0165987d07e17f09a141c965e5379e8a12844ec8507d68769c0,MTProtoPanel;MTProtoPanel.AddAllowedIP;MTProtoPanel.AddBypassDomain;MTProtoPanel.AddLog;MTProtoPanel.AddProxyUser;MTProtoPanel.ClearAllowedIPs;MTProtoPanel.ClearBypassDomains;MTProtoPanel.ClearCache;MTProtoPanel.ClearLogs;MTProtoPanel.ClearNodes;MTProtoPanel.ClearProxyUsers;MTProtoPanel.DecrementActiveConnections;MTProtoPanel.ExportConfigJSON;MTProtoPanel.GenerateSecret;MTProtoPanel.GetActiveConnections;MTProtoPanel.GetAllowedIPs;MTProtoPanel.GetBypassDomains;MTProtoPanel.GetCacheSize;MTProtoPanel.GetHTTPClientTimeout;MTProtoPanel.GetLogLevel;MTProtoPanel.GetLogs;MTProtoPanel.GetMaxConnections;MTProtoPanel.GetNodeCount;MTProtoPanel.GetNodeStatus;MTProtoPanel.GetNodes;MTProtoPanel.GetPanelVersion;MTProtoPanel.GetProcessedCount;MTProtoPanel.GetProxyUsers;MTProtoPanel.GetProxyUsersCount;MTProtoPanel.GetStatsMap;MTProtoPanel.HandleRegistry;MTProtoPanel.ImportConfigJSON;MTProtoPanel.IncrementActiveConnections;MTProtoPanel.IncrementProcessedCount;MTProtoPanel.IsCacheEnabled;MTProtoPanel.IsDomainBypassed;MTProtoPanel.IsIPAllowed;MTProtoPanel.RegisterNode;MTProtoPanel.RemoveAllowedIP;MTProtoPanel.RemoveBypassDomain;MTProtoPanel.RemoveNode;MTProtoPanel.RemoveProxyUser;MTProtoPanel.ResetPanelPreset;MTProtoPanel.ResetProcessedCount;MTProtoPanel.SetCacheEnabled;MTProtoPanel.SetHTTPClientTimeout;MTProtoPanel.SetLogLevel;MTProtoPanel.SetMaxConnections;MTProtoPanel.SetNodeStatus;MTProtoPanel.SetNodes;MTProtoPanel.SetPanelVersion;MTProtoPanel.TriggerDiagnosticReport;MTProtoPanel.ValidateDomain;MTProtoPanel.ValidateIPAddress;MTProtoPanel.ValidateSecret;MTProtoPanel.VerifyPanelPreset;NewMTProtoPanel,promotion to governed lab,one-to-one,reference-only,"The source carries distinct dormant implementation value but has no live production consumer. Preserve it as an intentional, catalogued lab capability without granting runtime authority; later promotion must extract only target-native value behind a canonical owner.",daemon lab capability corpus,labs/daemon/proxy/mtproto.go,The lab source remains byte-identical to its baseline object and traceable by SHA-256.,Live daemon internal packages must not import lab code directly or treat lab presence as production readiness.,n/a,labs/daemon/CAPABILITIES.csv,Path-only promotion from experiments to labs; no live runtime dependency or persisted state change.,Repository-native baseline source; no new external donor bytes introduced.,medium,n/a,high,statically-validated
HVC-LAB-W20-MULTI-INBOUND-PANEL-D3C33D65,n/a,HVC-LAB-20-wave20-multi-inbound-panel,luminet-baseline-d73453f,daemon-labs,multi inbound panel lab capability,standalone source unit,executable-behaviour/reference implementation,standalone,server/internal/proxy/multi_inbound_panel.go,d3c33d6500d81496eb91d9483a80b25eef6c06f2e208901b94d1455994029e99,NewXUIProDeployer;XUIProDeployer;XUIProDeployer.ConfigureCfonval;XUIProDeployer.DeployNginxProxy;XUIProDeployer.RewriteTorConfig,promotion to governed lab,one-to-one,reference-only,"The source carries distinct dormant implementation value but has no live production consumer. Preserve it as an intentional, catalogued lab capability without granting runtime authority; later promotion must extract only target-native value behind a canonical owner.",daemon lab capability corpus,labs/daemon/proxy/multi_inbound_panel.go,The lab source remains byte-identical to its baseline object and traceable by SHA-256.,Live daemon internal packages must not import lab code directly or treat lab presence as production readiness.,n/a,labs/daemon/CAPABILITIES.csv,Path-only promotion from experiments to labs; no live runtime dependency or persisted state change.,Repository-native baseline source; no new external donor bytes introduced.,medium,n/a,high,statically-validated
HVC-LAB-W20-MULTI-PATH-BALANCER-A9329952,n/a,HVC-LAB-20-wave20-multi-path-balancer,luminet-baseline-d73453f,daemon-labs,multi path balancer lab capability,standalone source unit,executable-behaviour/reference implementation,standalone,server/internal/proxy/multi_path_balancer.go,a932995239d0cc0d47d75ae877a0f9b2b3551fde8720180c84781de5fa3d7fd0,MultiPathBalancer;MultiPathBalancer.SelectNextPath;NewMultiPathBalancer,promotion to governed lab,one-to-one,reference-only,"The source carries distinct dormant implementation value but has no live production consumer. Preserve it as an intentional, catalogued lab capability without granting runtime authority; later promotion must extract only target-native value behind a canonical owner.",daemon lab capability corpus,labs/daemon/proxy/multi_path_balancer.go,The lab source remains byte-identical to its baseline object and traceable by SHA-256.,Live daemon internal packages must not import lab code directly or treat lab presence as production readiness.,n/a,labs/daemon/CAPABILITIES.csv,Path-only promotion from experiments to labs; no live runtime dependency or persisted state change.,Repository-native baseline source; no new external donor bytes introduced.,medium,n/a,high,statically-validated
HVC-LAB-W20-MULTIHOST-PARSER-1E517182,n/a,HVC-LAB-20-wave20-multihost-parser,luminet-baseline-d73453f,daemon-labs,multihost parser lab capability,standalone source unit,executable-behaviour/reference implementation,standalone,server/internal/proxy/multihost_parser.go,1e5171820fd9d8a880ea7fe4a6ffa20bdae66b38aafee7e18bc4f9de60fa2ad7,MultiHostParser;MultiHostParser.Parse;NewMultiHostParser,promotion to governed lab,one-to-one,reference-only,"The source carries distinct dormant implementation value but has no live production consumer. Preserve it as an intentional, catalogued lab capability without granting runtime authority; later promotion must extract only target-native value behind a canonical owner.",daemon lab capability corpus,labs/daemon/proxy/multihost_parser.go,The lab source remains byte-identical to its baseline object and traceable by SHA-256.,Live daemon internal packages must not import lab code directly or treat lab presence as production readiness.,n/a,labs/daemon/CAPABILITIES.csv,Path-only promotion from experiments to labs; no live runtime dependency or persisted state change.,Repository-native baseline source; no new external donor bytes introduced.,medium,n/a,high,statically-validated
HVC-LAB-W20-NAIVE-096F67DE,n/a,HVC-LAB-20-wave20-naive,luminet-baseline-d73453f,daemon-labs,naive lab capability,standalone source unit,executable-behaviour/reference implementation,standalone,server/internal/proxy/naive.go,096f67ded5b2fe5d1d0487422a57af5b9b21ed7c7c57c2760b2c9b494f68596c,NaiveProxy;NaiveProxy.StartTunnel;NewNaiveProxy,promotion to governed lab,one-to-one,reference-only,"The source carries distinct dormant implementation value but has no live production consumer. Preserve it as an intentional, catalogued lab capability without granting runtime authority; later promotion must extract only target-native value behind a canonical owner.",daemon lab capability corpus,labs/daemon/proxy/naive.go,The lab source remains byte-identical to its baseline object and traceable by SHA-256.,Live daemon internal packages must not import lab code directly or treat lab presence as production readiness.,n/a,labs/daemon/CAPABILITIES.csv,Path-only promotion from experiments to labs; no live runtime dependency or persisted state change.,Repository-native baseline source; no new external donor bytes introduced.,medium,n/a,high,statically-validated
HVC-LAB-W20-NAIVE-PADDING-CONN-490EA2FC,n/a,HVC-LAB-20-wave20-naive-padding-conn,luminet-baseline-d73453f,daemon-labs,naive padding conn lab capability,standalone source unit,executable-behaviour/reference implementation,standalone,server/internal/proxy/naive_padding_conn.go,490ea2fc10ce01189322b55e1eaedfe3560d01877f8ff05c66502915b998c958,NaivePaddingConn;NaivePaddingConn.Read;NaivePaddingConn.Write;NaivePaddingConn.WriteEndStream;NewNaivePaddingConn,promotion to governed lab,one-to-one,reference-only,"The source carries distinct dormant implementation value but has no live production consumer. Preserve it as an intentional, catalogued lab capability without granting runtime authority; later promotion must extract only target-native value behind a canonical owner.",daemon lab capability corpus,labs/daemon/proxy/naive_padding_conn.go,The lab source remains byte-identical to its baseline object and traceable by SHA-256.,Live daemon internal packages must not import lab code directly or treat lab presence as production readiness.,labs/daemon/proxy/naive_padding_conn_test.go,labs/daemon/CAPABILITIES.csv,Path-only promotion from experiments to labs; no live runtime dependency or persisted state change.,Repository-native baseline source; no new external donor bytes introduced.,medium,n/a,high,statically-validated
HVC-LAB-W20-NESTED-WIREGUARD-FB94A8A1,n/a,HVC-LAB-20-wave20-nested-wireguard,luminet-baseline-d73453f,daemon-labs,nested wireguard lab capability,standalone source unit,executable-behaviour/reference implementation,standalone,server/internal/proxy/nested_wireguard.go,fb94a8a1184add05321b5ef54283f066ee18cb5ad455032d591ad23c286fd0cd,DoubleHopManager;NewUdpForwarder;SetupPsiphonOverWarp;SetupWarpInWarp;UdpForwarder;UdpForwarder.Close;UdpForwarder.Start,promotion to governed lab,one-to-one,reference-only,"The source carries distinct dormant implementation value but has no live production consumer. Preserve it as an intentional, catalogued lab capability without granting runtime authority; later promotion must extract only target-native value behind a canonical owner.",daemon lab capability corpus,labs/daemon/proxy/nested_wireguard.go,The lab source remains byte-identical to its baseline object and traceable by SHA-256.,Live daemon internal packages must not import lab code directly or treat lab presence as production readiness.,labs/daemon/proxy/nested_wireguard_test.go,labs/daemon/CAPABILITIES.csv,Path-only promotion from experiments to labs; no live runtime dependency or persisted state change.,Repository-native baseline source; no new external donor bytes introduced.,medium,n/a,high,statically-validated
HVC-LAB-W20-NETGOVPN-CLIENT-2450944F,n/a,HVC-LAB-20-wave20-netgovpn-client,luminet-baseline-d73453f,daemon-labs,netgovpn client lab capability,standalone source unit,executable-behaviour/reference implementation,standalone,server/internal/proxy/netgovpn_client.go,2450944f5b378b482b5c8036d2c94dabcfdc4e3695ccf3c313febe8fee31e29f,NetGoVPNAppRules;NetGoVPNAppRules.GetAllowedWiFi;NetGoVPNAppRules.GetBypassProxy;NetGoVPNAppRules.GetPackageName;NetGoVPNAppRules.GetRuleID;NetGoVPNAppRules.SetAllowedWiFi;NetGoVPNAppRules.SetBypassProxy;NetGoVPNAppRules.SetPackageName;NetGoVPNAppRules.SetRuleID;NetGoVPNFirebaseMessage;NetGoVPNFirebaseMessage.GetBody;NetGoVPNFirebaseMessage.GetMessageID;NetGoVPNFirebaseMessage.GetPayload;NetGoVPNFirebaseMessage.GetSentTime;NetGoVPNFirebaseMessage.GetTitle;NetGoVPNFirebaseMessage.SetBody;NetGoVPNFirebaseMessage.SetMessageID;NetGoVPNFirebaseMessage.SetPayload;NetGoVPNFirebaseMessage.SetSentTime;NetGoVPNFirebaseMessage.SetTitle;NetGoVPNMuxConfig;NetGoVPNMuxConfig.GetConcurrency;NetGoVPNMuxConfig.GetIdleTimeoutSec;NetGoVPNMuxConfig.GetMuxID;NetGoVPNMuxConfig.SetConcurrency;NetGoVPNMuxConfig.SetIdleTimeoutSec;NetGoVPNMuxConfig.SetMuxID;NetGoVPNPermissionState;NetGoVPNPermissionState.GetGranted;NetGoVPNPermissionState.GetPermissionType;NetGoVPNPermissionState.GetRationaleShown;NetGoVPNPermissionState.GetReqCode;NetGoVPNPermissionState.SetGranted;NetGoVPNPermissionState.SetPermissionType;NetGoVPNPermissionState.SetRationaleShown;NetGoVPNPermissionState.SetReqCode;NetGoVPNPingResult;NetGoVPNPingResult.GetDelayMs;NetGoVPNPingResult.GetError;NetGoVPNPingResult.GetServerConfig;NetGoVPNPingResult.GetSuccessful;NetGoVPNPingResult.GetTargetHost;NetGoVPNPingResult.GetTargetPort;NetGoVPNPingResult.SetDelayMs;NetGoVPNPingResult.SetError;NetGoVPNPingResult.SetServerConfig;NetGoVPNPingResult.SetSuccessful;NetGoVPNPingResult.SetTargetHost;NetGoVPNPingResult.SetTargetPort;NetGoVPNProfile;NetGoVPNProfile.GenerateV2rayConfigRaw;NetGoVPNProfile.GetAlterID;NetGoVPNProfile.GetHost;NetGoVPNProfile.GetInsecureSkipVerify;NetGoVPNProfile.GetNetwork;NetGoVPNProfile.GetPath;NetGoVPNProfile.GetProfileID;NetGoVPNProfile.GetProfileName;NetGoVPNProfile.GetSecurity;NetGoVPNProfile.GetServerAddress;NetGoVPNProfile.GetServerPort;NetGoVPNProfile.GetTLSVersion;NetGoVPNProfile.GetUserUUID;NetGoVPNProfile.SetAlterID;NetGoVPNProfile.SetHost;NetGoVPNProfile.SetInsecureSkipVerify;NetGoVPNProfile.SetNetwork;NetGoVPNProfile.SetPath;NetGoVPNProfile.SetProfileID;NetGoVPNProfile.SetProfileName;NetGoVPNProfile.SetSecurity;NetGoVPNProfile.SetServerAddress;NetGoVPNProfile.SetServerPort;NetGoVPNProfile.SetTLSVersion;NetGoVPNProfile.SetUserUUID;NetGoVPNSetting;NetGoVPNSetting.GetBypassLocalIPs;NetGoVPNSetting.GetEnableAppsFiltering;NetGoVPNSetting.GetLogLevel;NetGoVPNSetting.GetMaxConcurrency;NetGoVPNSetting.GetMuxEnabled;NetGoVPNSetting.SetBypassLocalIPs;NetGoVPNSetting.SetEnableAppsFiltering;NetGoVPNSetting.SetLogLevel;NetGoVPNSetting.SetMaxConcurrency;NetGoVPNSetting.SetMuxEnabled,promotion to governed lab,one-to-one,reference-only,"The source carries distinct dormant implementation value but has no live production consumer. Preserve it as an intentional, catalogued lab capability without granting runtime authority; later promotion must extract only target-native value behind a canonical owner.",daemon lab capability corpus,labs/daemon/proxy/netgovpn_client.go,The lab source remains byte-identical to its baseline object and traceable by SHA-256.,Live daemon internal packages must not import lab code directly or treat lab presence as production readiness.,n/a,labs/daemon/CAPABILITIES.csv,Path-only promotion from experiments to labs; no live runtime dependency or persisted state change.,Repository-native baseline source; no new external donor bytes introduced.,medium,n/a,high,statically-validated
HVC-LAB-W20-NETGOVPN-LOGGER-92C882E1,n/a,HVC-LAB-20-wave20-netgovpn-logger,luminet-baseline-d73453f,daemon-labs,netgovpn logger lab capability,standalone source unit,executable-behaviour/reference implementation,standalone,server/internal/proxy/netgovpn_logger.go,92c882e1a7be02a1a6dca17d12eea548e2bc75ca1d1ee55b8957a8324ab61cae,NetGoVPNDeviceState;NetGoVPNDeviceState.FormatDeviceStateString;NetGoVPNDeviceState.GetGatewayAddress;NetGoVPNDeviceState.GetIPAddress;NetGoVPNDeviceState.GetInterfaceName;NetGoVPNDeviceState.GetIsConnected;NetGoVPNDeviceState.GetSignalStrengthPercentage;NetGoVPNDeviceState.GetTrafficRx;NetGoVPNDeviceState.GetTrafficTx;NetGoVPNDeviceState.SetGatewayAddress;NetGoVPNDeviceState.SetIPAddress;NetGoVPNDeviceState.SetInterfaceName;NetGoVPNDeviceState.SetIsConnected;NetGoVPNDeviceState.SetSignalStrengthPercentage;NetGoVPNDeviceState.SetTrafficRx;NetGoVPNDeviceState.SetTrafficTx;NetGoVPNLogEntry;NetGoVPNLogEntry.GetComponent;NetGoVPNLogEntry.GetLevel;NetGoVPNLogEntry.GetLogID;NetGoVPNLogEntry.GetMsg;NetGoVPNLogEntry.GetTimeStamp;NetGoVPNLogEntry.SetComponent;NetGoVPNLogEntry.SetLevel;NetGoVPNLogEntry.SetLogID;NetGoVPNLogEntry.SetMsg;NetGoVPNLogEntry.SetTimeStamp,promotion to governed lab,one-to-one,reference-only,"The source carries distinct dormant implementation value but has no live production consumer. Preserve it as an intentional, catalogued lab capability without granting runtime authority; later promotion must extract only target-native value behind a canonical owner.",daemon lab capability corpus,labs/daemon/proxy/netgovpn_logger.go,The lab source remains byte-identical to its baseline object and traceable by SHA-256.,Live daemon internal packages must not import lab code directly or treat lab presence as production readiness.,n/a,labs/daemon/CAPABILITIES.csv,Path-only promotion from experiments to labs; no live runtime dependency or persisted state change.,Repository-native baseline source; no new external donor bytes introduced.,medium,n/a,high,statically-validated
HVC-LAB-W20-NEXUS-PROXY-52C1A7C1,n/a,HVC-LAB-20-wave20-nexus-proxy,luminet-baseline-d73453f,daemon-labs,nexus proxy lab capability,standalone source unit,executable-behaviour/reference implementation,standalone,server/internal/proxy/nexus_proxy.go,52c1a7c1e7daf780934e794bad250c3fabfadc044a431ddd3476be7ea326082f,NewNexusProxy;NexusProxy;NexusProxy.Manage,promotion to governed lab,one-to-one,reference-only,"The source carries distinct dormant implementation value but has no live production consumer. Preserve it as an intentional, catalogued lab capability without granting runtime authority; later promotion must extract only target-native value behind a canonical owner.",daemon lab capability corpus,labs/daemon/proxy/nexus_proxy.go,The lab source remains byte-identical to its baseline object and traceable by SHA-256.,Live daemon internal packages must not import lab code directly or treat lab presence as production readiness.,n/a,labs/daemon/CAPABILITIES.csv,Path-only promotion from experiments to labs; no live runtime dependency or persisted state change.,Repository-native baseline source; no new external donor bytes introduced.,medium,n/a,high,statically-validated
HVC-LAB-W20-NIPO-OBFUSCATOR-2CDB3878,n/a,HVC-LAB-20-wave20-nipo-obfuscator,luminet-baseline-d73453f,daemon-labs,nipo obfuscator lab capability,standalone source unit,executable-behaviour/reference implementation,standalone,server/internal/proxy/nipo_obfuscator.go,2cdb3878d17b9034f4d142739ae338cac1c9561dc30157b8aca8254b20c72dde,NewNipoClientConn;NewNipoServerConn;NipoObfuscatedConn;NipoObfuscatedConn.Read;NipoObfuscatedConn.Write,promotion to governed lab,one-to-one,reference-only,"The source carries distinct dormant implementation value but has no live production consumer. Preserve it as an intentional, catalogued lab capability without granting runtime authority; later promotion must extract only target-native value behind a canonical owner.",daemon lab capability corpus,labs/daemon/proxy/nipo_obfuscator.go,The lab source remains byte-identical to its baseline object and traceable by SHA-256.,Live daemon internal packages must not import lab code directly or treat lab presence as production readiness.,n/a,labs/daemon/CAPABILITIES.csv,Path-only promotion from experiments to labs; no live runtime dependency or persisted state change.,Repository-native baseline source; no new external donor bytes introduced.,medium,n/a,high,statically-validated
HVC-LAB-W20-NODE-MITM-PROXY-C5DB448E,n/a,HVC-LAB-20-wave20-node-mitm-proxy,luminet-baseline-d73453f,daemon-labs,node mitm proxy lab capability,standalone source unit,executable-behaviour/reference implementation,standalone,server/internal/proxy/node_mitm_proxy.go,c5db448ed710b9c1dc29006114ee16e3b0fa0ea16d03422b6a42b304e0d356a8,NewNodeMitmProxy;NodeMitmProxy;NodeMitmProxy.GenerateRootCA;NodeMitmProxy.GenerateServerCertificate;NodeMitmProxy.GetCommonName;NodeMitmProxy.GetKeyLength;NodeMitmProxy.GetOrganization;NodeMitmProxy.GetOrganizationalUnit;NodeMitmProxy.GetValidityYears;NodeMitmProxy.ModifyRequestHeaders;NodeMitmProxy.ModifyResponseHeaders;NodeMitmProxy.SetCommonName;NodeMitmProxy.SetKeyLength;NodeMitmProxy.SetOrganization;NodeMitmProxy.SetOrganizationalUnit;NodeMitmProxy.SetValidityYears,promotion to governed lab,one-to-one,reference-only,"The source carries distinct dormant implementation value but has no live production consumer. Preserve it as an intentional, catalogued lab capability without granting runtime authority; later promotion must extract only target-native value behind a canonical owner.",daemon lab capability corpus,labs/daemon/proxy/node_mitm_proxy.go,The lab source remains byte-identical to its baseline object and traceable by SHA-256.,Live daemon internal packages must not import lab code directly or treat lab presence as production readiness.,n/a,labs/daemon/CAPABILITIES.csv,Path-only promotion from experiments to labs; no live runtime dependency or persisted state change.,Repository-native baseline source; no new external donor bytes introduced.,medium,n/a,high,statically-validated
HVC-LAB-W20-NODE-UNBLOCKER-5B59A9B4,n/a,HVC-LAB-20-wave20-node-unblocker,luminet-baseline-d73453f,daemon-labs,node unblocker lab capability,standalone source unit,executable-behaviour/reference implementation,standalone,server/internal/proxy/node_unblocker.go,5b59a9b4b7bf7797bfada0efb1cbe2ea669f3aefa8595dec9cc5e7b565d321b2,NewNodeUnblocker;NodeUnblocker;NodeUnblocker.AddAllowedHost;NodeUnblocker.AddBlockRule;NodeUnblocker.AddHostMapping;NodeUnblocker.ClearAllowedHosts;NodeUnblocker.ClearBlockRules;NodeUnblocker.ClearHostMappings;NodeUnblocker.GetActiveSockets;NodeUnblocker.GetAllowedHostsCount;NodeUnblocker.GetBlockRulesCount;NodeUnblocker.GetCookieName;NodeUnblocker.GetHostMapping;NodeUnblocker.GetHostMappingsCount;NodeUnblocker.GetRequestCount;NodeUnblocker.GetRewrittenCount;NodeUnblocker.GetTimeout;NodeUnblocker.GetUnblockerStatus;NodeUnblocker.GetUserAgent;NodeUnblocker.GetVersion;NodeUnblocker.RemoveAllowedHost;NodeUnblocker.RemoveBlockRule;NodeUnblocker.RemoveHostMapping;NodeUnblocker.SetActiveSockets;NodeUnblocker.SetCookieName;NodeUnblocker.SetRequestCount;NodeUnblocker.SetRewrittenCount;NodeUnblocker.SetTimeout;NodeUnblocker.SetUserAgent;NodeUnblocker.SetVersion;NodeUnblocker.Unblock,promotion to governed lab,one-to-one,reference-only,"The source carries distinct dormant implementation value but has no live production consumer. Preserve it as an intentional, catalogued lab capability without granting runtime authority; later promotion must extract only target-native value behind a canonical owner.",daemon lab capability corpus,labs/daemon/proxy/node_unblocker.go,The lab source remains byte-identical to its baseline object and traceable by SHA-256.,Live daemon internal packages must not import lab code directly or treat lab presence as production readiness.,n/a,labs/daemon/CAPABILITIES.csv,Path-only promotion from experiments to labs; no live runtime dependency or persisted state change.,Repository-native baseline source; no new external donor bytes introduced.,medium,n/a,high,statically-validated
HVC-LAB-W20-NOMORE-WALLS-DOMAIN-TREE-6E17089B,n/a,HVC-LAB-20-wave20-nomore-walls-domain-tree,luminet-baseline-d73453f,daemon-labs,nomore walls domain tree lab capability,standalone source unit,executable-behaviour/reference implementation,standalone,server/internal/proxy/nomore_walls_domain_tree.go,6e17089b2bf24b70ed8a600834db6c75cc39f79e78a80744e6e6df107baedaae,AdblockRuleMerger;AdblockRuleMerger.AddBlocklistLine;AdblockRuleMerger.AddWhitelistLine;AdblockRuleMerger.Finalise;AdblockRuleMerger.RuleCount;DeduplicatedNode;DomainTree;DomainTree.Get;DomainTree.Insert;DomainTree.Len;DomainTree.Remove;NewAdblockRuleMerger;NewDomainTree;NewNodeDeduplicator;NodeDeduplicator;NodeDeduplicator.Count;NodeDeduplicator.Entries;NodeDeduplicator.Merge,promotion to governed lab,one-to-one,reference-only,"The source carries distinct dormant implementation value but has no live production consumer. Preserve it as an intentional, catalogued lab capability without granting runtime authority; later promotion must extract only target-native value behind a canonical owner.",daemon lab capability corpus,labs/daemon/proxy/nomore_walls_domain_tree.go,The lab source remains byte-identical to its baseline object and traceable by SHA-256.,Live daemon internal packages must not import lab code directly or treat lab presence as production readiness.,labs/daemon/proxy/nomore_walls_domain_tree_test.go,labs/daemon/CAPABILITIES.csv,Path-only promotion from experiments to labs; no live runtime dependency or persisted state change.,Repository-native baseline source; no new external donor bytes introduced.,medium,n/a,high,statically-validated
HVC-LAB-W20-NON-PORTABLE-WRAPPERS-79D18756,n/a,HVC-LAB-20-wave20-non-portable-wrappers,luminet-baseline-d73453f,daemon-labs,non portable wrappers lab capability,standalone source unit,executable-behaviour/reference implementation,standalone,server/internal/proxy/non_portable_wrappers.go,79d187564d2e3459df12288f13899f411e08df2b5d364a3a7679062272e70075,LaunchSystemTrayGUI;RunPythonScraper;RunRouteSetupScript,promotion to governed lab,one-to-one,reference-only,"The source carries distinct dormant implementation value but has no live production consumer. Preserve it as an intentional, catalogued lab capability without granting runtime authority; later promotion must extract only target-native value behind a canonical owner.",daemon lab capability corpus,labs/daemon/proxy/non_portable_wrappers.go,The lab source remains byte-identical to its baseline object and traceable by SHA-256.,Live daemon internal packages must not import lab code directly or treat lab presence as production readiness.,labs/daemon/proxy/non_portable_wrappers_test.go,labs/daemon/CAPABILITIES.csv,Path-only promotion from experiments to labs; no live runtime dependency or persisted state change.,Repository-native baseline source; no new external donor bytes introduced.,medium,n/a,high,statically-validated
HVC-LAB-W20-OBFS4-ICMP-TRANSPORT-5FAEC362,n/a,HVC-LAB-20-wave20-obfs4-icmp-transport,luminet-baseline-d73453f,daemon-labs,obfs4 icmp transport lab capability,standalone source unit,executable-behaviour/reference implementation,standalone,server/internal/proxy/obfs4_icmp_transport.go,5faec36254673000326140ad90cf2c2da05137a44a819b42b11996043414949d,ICMPTunnel;ICMPTunnel.SendPayload;NewICMPTunnel;NewOBFS4Conn;OBFS4Config;OBFS4Conn;OBFS4Conn.Write,promotion to governed lab,one-to-one,reference-only,"The source carries distinct dormant implementation value but has no live production consumer. Preserve it as an intentional, catalogued lab capability without granting runtime authority; later promotion must extract only target-native value behind a canonical owner.",daemon lab capability corpus,labs/daemon/proxy/obfs4_icmp_transport.go,The lab source remains byte-identical to its baseline object and traceable by SHA-256.,Live daemon internal packages must not import lab code directly or treat lab presence as production readiness.,n/a,labs/daemon/CAPABILITIES.csv,Path-only promotion from experiments to labs; no live runtime dependency or persisted state change.,Repository-native baseline source; no new external donor bytes introduced.,medium,n/a,high,statically-validated
HVC-LAB-W20-OBFUSCATED-SSH-7A1FC531,n/a,HVC-LAB-20-wave20-obfuscated-ssh,luminet-baseline-d73453f,daemon-labs,obfuscated ssh lab capability,standalone source unit,executable-behaviour/reference implementation,standalone,server/internal/proxy/obfuscated_ssh.go,7a1fc5319eb19fcc2788a30858521fe7dd8629fbdd7626d1bbfd6de08b540abe,NewObfuscatedSSH;ObfuscatedSSH;ObfuscatedSSH.Listen,promotion to governed lab,one-to-one,reference-only,"The source carries distinct dormant implementation value but has no live production consumer. Preserve it as an intentional, catalogued lab capability without granting runtime authority; later promotion must extract only target-native value behind a canonical owner.",daemon lab capability corpus,labs/daemon/proxy/obfuscated_ssh.go,The lab source remains byte-identical to its baseline object and traceable by SHA-256.,Live daemon internal packages must not import lab code directly or treat lab presence as production readiness.,n/a,labs/daemon/CAPABILITIES.csv,Path-only promotion from experiments to labs; no live runtime dependency or persisted state change.,Repository-native baseline source; no new external donor bytes introduced.,medium,n/a,high,statically-validated
HVC-LAB-W20-ONION-BRIDGE-2EDD2985,n/a,HVC-LAB-20-wave20-onion-bridge,luminet-baseline-d73453f,daemon-labs,onion bridge lab capability,standalone source unit,executable-behaviour/reference implementation,standalone,server/internal/proxy/onion_bridge.go,2edd2985ea145b0a83b3ddc809903e72a3e229152f3cb12f78466ac6e717318a,NewOnionBridge;OnionBridge;OnionBridge.Hop,promotion to governed lab,one-to-one,reference-only,"The source carries distinct dormant implementation value but has no live production consumer. Preserve it as an intentional, catalogued lab capability without granting runtime authority; later promotion must extract only target-native value behind a canonical owner.",daemon lab capability corpus,labs/daemon/proxy/onion_bridge.go,The lab source remains byte-identical to its baseline object and traceable by SHA-256.,Live daemon internal packages must not import lab code directly or treat lab presence as production readiness.,n/a,labs/daemon/CAPABILITIES.csv,Path-only promotion from experiments to labs; no live runtime dependency or persisted state change.,Repository-native baseline source; no new external donor bytes introduced.,medium,n/a,high,statically-validated
HVC-LAB-W20-ONION-HOP-37485A76,n/a,HVC-LAB-20-wave20-onion-hop,luminet-baseline-d73453f,daemon-labs,onion hop lab capability,standalone source unit,executable-behaviour/reference implementation,standalone,server/internal/proxy/onion_hop.go,37485a761c7930291df662e4daf22ae98ca16972b418a0cb8d11ed926a03ca46,NewOnionHop;OnionHop;OnionHop.Hop,promotion to governed lab,one-to-one,reference-only,"The source carries distinct dormant implementation value but has no live production consumer. Preserve it as an intentional, catalogued lab capability without granting runtime authority; later promotion must extract only target-native value behind a canonical owner.",daemon lab capability corpus,labs/daemon/proxy/onion_hop.go,The lab source remains byte-identical to its baseline object and traceable by SHA-256.,Live daemon internal packages must not import lab code directly or treat lab presence as production readiness.,n/a,labs/daemon/CAPABILITIES.csv,Path-only promotion from experiments to labs; no live runtime dependency or persisted state change.,Repository-native baseline source; no new external donor bytes introduced.,medium,n/a,high,statically-validated
HVC-LAB-W20-OPENVPN-CONFIG-PATCHER-9FB97A93,n/a,HVC-LAB-20-wave20-openvpn-config-patcher,luminet-baseline-d73453f,daemon-labs,openvpn config patcher lab capability,standalone source unit,executable-behaviour/reference implementation,standalone,server/internal/proxy/openvpn_config_patcher.go,9fb97a9391d6f5186a0c5577526fcbd8636d7f7641dd89af810690ff8c24d584,ApplyInlineCipherFix;DefaultPatchOptions;PatchOpenVPNConfig;PatchOpenVPNConfigOptions;PatchOpenVPNConfigWith,promotion to governed lab,one-to-one,reference-only,"The source carries distinct dormant implementation value but has no live production consumer. Preserve it as an intentional, catalogued lab capability without granting runtime authority; later promotion must extract only target-native value behind a canonical owner.",daemon lab capability corpus,labs/daemon/proxy/openvpn_config_patcher.go,The lab source remains byte-identical to its baseline object and traceable by SHA-256.,Live daemon internal packages must not import lab code directly or treat lab presence as production readiness.,labs/daemon/proxy/openvpn_config_patcher_test.go,labs/daemon/CAPABILITIES.csv,Path-only promotion from experiments to labs; no live runtime dependency or persisted state change.,Repository-native baseline source; no new external donor bytes introduced.,medium,n/a,high,statically-validated
HVC-LAB-W20-OUTLINE-CLIENT-9E50E10E,n/a,HVC-LAB-20-wave20-outline-client,luminet-baseline-d73453f,daemon-labs,outline client lab capability,standalone source unit,executable-behaviour/reference implementation,standalone,server/internal/proxy/outline_client.go,9e50e10e9d63b5f44255fc095bffe66b96d73cf93346fc74c741d84ca366dbb8,NewOutlineClient;OutlineClient;OutlineClient.ManageTun2Socks,promotion to governed lab,one-to-one,reference-only,"The source carries distinct dormant implementation value but has no live production consumer. Preserve it as an intentional, catalogued lab capability without granting runtime authority; later promotion must extract only target-native value behind a canonical owner.",daemon lab capability corpus,labs/daemon/proxy/outline_client.go,The lab source remains byte-identical to its baseline object and traceable by SHA-256.,Live daemon internal packages must not import lab code directly or treat lab presence as production readiness.,n/a,labs/daemon/CAPABILITIES.csv,Path-only promotion from experiments to labs; no live runtime dependency or persisted state change.,Repository-native baseline source; no new external donor bytes introduced.,medium,n/a,high,statically-validated
HVC-LAB-W20-OUTLINE-SERVER-4990781E,n/a,HVC-LAB-20-wave20-outline-server,luminet-baseline-d73453f,daemon-labs,outline server lab capability,standalone source unit,executable-behaviour/reference implementation,standalone,server/internal/proxy/outline_server.go,4990781ee437a188b067ef8c4e364b939157e9b1e6a8d316c6e5e00a75518768,MaxReplayCapacity;NewOutlineReplayCache;NewOutlineServer;OutlineReplayCache;OutlineReplayCache.Add;OutlineReplayCache.Resize;OutlineServer;OutlineServer.Run,promotion to governed lab,one-to-one,reference-only,"The source carries distinct dormant implementation value but has no live production consumer. Preserve it as an intentional, catalogued lab capability without granting runtime authority; later promotion must extract only target-native value behind a canonical owner.",daemon lab capability corpus,labs/daemon/proxy/outline_server.go,The lab source remains byte-identical to its baseline object and traceable by SHA-256.,Live daemon internal packages must not import lab code directly or treat lab presence as production readiness.,n/a,labs/daemon/CAPABILITIES.csv,Path-only promotion from experiments to labs; no live runtime dependency or persisted state change.,Repository-native baseline source; no new external donor bytes introduced.,medium,n/a,high,statically-validated
HVC-LAB-W20-OUTLINE-SS-50542F06,n/a,HVC-LAB-20-wave20-outline-ss,luminet-baseline-d73453f,daemon-labs,outline ss lab capability,standalone source unit,executable-behaviour/reference implementation,standalone,server/internal/proxy/outline_ss.go,50542f065812a8e3c707921610d6626bbef492fc5a7767758f3aae3b5e2ce2b6,NewOutlineSS;OutlineSS;OutlineSS.Start,promotion to governed lab,one-to-one,reference-only,"The source carries distinct dormant implementation value but has no live production consumer. Preserve it as an intentional, catalogued lab capability without granting runtime authority; later promotion must extract only target-native value behind a canonical owner.",daemon lab capability corpus,labs/daemon/proxy/outline_ss.go,The lab source remains byte-identical to its baseline object and traceable by SHA-256.,Live daemon internal packages must not import lab code directly or treat lab presence as production readiness.,n/a,labs/daemon/CAPABILITIES.csv,Path-only promotion from experiments to labs; no live runtime dependency or persisted state change.,Repository-native baseline source; no new external donor bytes introduced.,medium,n/a,high,statically-validated
HVC-LAB-W20-P2P-HYPERCORE-FEED-2A0EC57F,n/a,HVC-LAB-20-wave20-p2p-hypercore-feed,luminet-baseline-d73453f,daemon-labs,p2p hypercore feed lab capability,standalone source unit,executable-behaviour/reference implementation,standalone,server/internal/proxy/p2p_hypercore_feed.go,2a0ec57fcd4312849bba0ec6e311e34fcce8d40fc2b6cdac7bf210b046ad4c1a,HypercoreFeed;HypercoreFeed.Append;HypercoreFeed.GetBlock;HypercoreFeed.Length;NewHypercoreFeed,promotion to governed lab,one-to-one,reference-only,"The source carries distinct dormant implementation value but has no live production consumer. Preserve it as an intentional, catalogued lab capability without granting runtime authority; later promotion must extract only target-native value behind a canonical owner.",daemon lab capability corpus,labs/daemon/proxy/p2p_hypercore_feed.go,The lab source remains byte-identical to its baseline object and traceable by SHA-256.,Live daemon internal packages must not import lab code directly or treat lab presence as production readiness.,n/a,labs/daemon/CAPABILITIES.csv,Path-only promotion from experiments to labs; no live runtime dependency or persisted state change.,Repository-native baseline source; no new external donor bytes introduced.,medium,n/a,high,statically-validated
HVC-LAB-W20-PAAS-ARGO-9F1FC3EE,n/a,HVC-LAB-20-wave20-paas-argo,luminet-baseline-d73453f,daemon-labs,paas argo lab capability,standalone source unit,executable-behaviour/reference implementation,standalone,server/internal/proxy/paas_argo.go,9f1fc3eef92942cf5139ddefddd276bb252a819cf68899301aa30c74067c6d1b,NewPaaSArgo;PaaSArgo;PaaSArgo.Connect;PaaSArgo.GenerateConfig;PaaSArgo.StartTunnel;PaaSArgo.StopTunnel,promotion to governed lab,one-to-one,reference-only,"The source carries distinct dormant implementation value but has no live production consumer. Preserve it as an intentional, catalogued lab capability without granting runtime authority; later promotion must extract only target-native value behind a canonical owner.",daemon lab capability corpus,labs/daemon/proxy/paas_argo.go,The lab source remains byte-identical to its baseline object and traceable by SHA-256.,Live daemon internal packages must not import lab code directly or treat lab presence as production readiness.,n/a,labs/daemon/CAPABILITIES.csv,Path-only promotion from experiments to labs; no live runtime dependency or persisted state change.,Repository-native baseline source; no new external donor bytes introduced.,medium,n/a,high,statically-validated
HVC-LAB-W20-PACKET-RING-QUEUE-03EB7E24,n/a,HVC-LAB-20-wave20-packet-ring-queue,luminet-baseline-d73453f,daemon-labs,packet ring queue lab capability,standalone source unit,executable-behaviour/reference implementation,standalone,server/internal/proxy/packet_ring_queue.go,03eb7e241fd950014cb7576ba0c8d38e4bd9eb7c663cddf506a344d77fce741d,NewPacketRingQueue;PacketItem;PacketRingQueue;PacketRingQueue.Len;PacketRingQueue.Pop;PacketRingQueue.Push,promotion to governed lab,one-to-one,reference-only,"The source carries distinct dormant implementation value but has no live production consumer. Preserve it as an intentional, catalogued lab capability without granting runtime authority; later promotion must extract only target-native value behind a canonical owner.",daemon lab capability corpus,labs/daemon/proxy/packet_ring_queue.go,The lab source remains byte-identical to its baseline object and traceable by SHA-256.,Live daemon internal packages must not import lab code directly or treat lab presence as production readiness.,n/a,labs/daemon/CAPABILITIES.csv,Path-only promotion from experiments to labs; no live runtime dependency or persisted state change.,Repository-native baseline source; no new external donor bytes introduced.,medium,n/a,high,statically-validated
HVC-LAB-W20-PANEL-CLIENT-MANAGER-CD0BCF72,n/a,HVC-LAB-20-wave20-panel-client-manager,luminet-baseline-d73453f,daemon-labs,panel client manager lab capability,standalone source unit,executable-behaviour/reference implementation,standalone,server/internal/proxy/panel_client_manager.go,cd0bcf726da4aa00099b679545df0665f06ef57005986688cde9ff6d28858021,ClientBadges;ClientLinks;DownloadLinks;NewPanelClientManager;PanelClient;PanelClientManager;PanelClientManager.AddClient;PanelClientManager.GetClient;PanelClientManager.ListClientsByPlatform;PanelClientManager.RemoveClient,promotion to governed lab,one-to-one,reference-only,"The source carries distinct dormant implementation value but has no live production consumer. Preserve it as an intentional, catalogued lab capability without granting runtime authority; later promotion must extract only target-native value behind a canonical owner.",daemon lab capability corpus,labs/daemon/proxy/panel_client_manager.go,The lab source remains byte-identical to its baseline object and traceable by SHA-256.,Live daemon internal packages must not import lab code directly or treat lab presence as production readiness.,n/a,labs/daemon/CAPABILITIES.csv,Path-only promotion from experiments to labs; no live runtime dependency or persisted state change.,Repository-native baseline source; no new external donor bytes introduced.,medium,n/a,high,statically-validated
HVC-LAB-W20-PANEL-NODE-CLIENT-DD779DFA,n/a,HVC-LAB-20-wave20-panel-node-client,luminet-baseline-d73453f,daemon-labs,panel node client lab capability,standalone source unit,executable-behaviour/reference implementation,standalone,server/internal/proxy/panel_node_client.go,dd779dfa76759b6e18076a330b7d94d3b73ee879a4a27a227ce01de8a1f204a7,NewPanelNodeClient;PanelNodeClient;PanelNodeClient.QueryMetrics;PanelNodeClient.UpdateUser,promotion to governed lab,one-to-one,reference-only,"The source carries distinct dormant implementation value but has no live production consumer. Preserve it as an intentional, catalogued lab capability without granting runtime authority; later promotion must extract only target-native value behind a canonical owner.",daemon lab capability corpus,labs/daemon/proxy/panel_node_client.go,The lab source remains byte-identical to its baseline object and traceable by SHA-256.,Live daemon internal packages must not import lab code directly or treat lab presence as production readiness.,n/a,labs/daemon/CAPABILITIES.csv,Path-only promotion from experiments to labs; no live runtime dependency or persisted state change.,Repository-native baseline source; no new external donor bytes introduced.,medium,n/a,high,statically-validated
HVC-LAB-W20-PARSA-PANEL-07A183F2,n/a,HVC-LAB-20-wave20-parsa-panel,luminet-baseline-d73453f,daemon-labs,parsa panel lab capability,standalone source unit,executable-behaviour/reference implementation,standalone,server/internal/proxy/parsa_panel.go,07a183f23a1796b791b2aecd2b085b5f4e1998d9c1301fd31061655f77a11014,NewParsaPanel;ParsaPanel;ParsaPanel.AddAllowedDomain;ParsaPanel.AddAllowedIP;ParsaPanel.AddBlockedIP;ParsaPanel.AddBypassDomain;ParsaPanel.AddLog;ParsaPanel.AddSlaveNode;ParsaPanel.AddUser;ParsaPanel.ClearAllowedDomains;ParsaPanel.ClearAllowedIPs;ParsaPanel.ClearBlockedIPs;ParsaPanel.ClearBypassDomains;ParsaPanel.ClearSlaveNodes;ParsaPanel.ClearUsers;ParsaPanel.DecrementActiveConnections;ParsaPanel.GetActiveConnections;ParsaPanel.GetAllowedDomains;ParsaPanel.GetAllowedDomainsCount;ParsaPanel.GetAllowedIPs;ParsaPanel.GetAllowedIPsCount;ParsaPanel.GetBlockedIPs;ParsaPanel.GetBlockedIPsCount;ParsaPanel.GetBypassDomains;ParsaPanel.GetBypassDomainsCount;ParsaPanel.GetCacheEnabled;ParsaPanel.GetLogLevel;ParsaPanel.GetLogs;ParsaPanel.GetMasterKey;ParsaPanel.GetMaxConnections;ParsaPanel.GetProcessedCount;ParsaPanel.GetSlaveNodes;ParsaPanel.GetSlaveNodesCount;ParsaPanel.GetTimeout;ParsaPanel.GetUsers;ParsaPanel.GetUsersCount;ParsaPanel.GetVersion;ParsaPanel.IncrementActiveConnections;ParsaPanel.RemoveAllowedDomain;ParsaPanel.RemoveAllowedIP;ParsaPanel.RemoveBlockedIP;ParsaPanel.RemoveBypassDomain;ParsaPanel.RemoveSlaveNode;ParsaPanel.RemoveUser;ParsaPanel.SetActiveConnections;ParsaPanel.SetAllowedDomains;ParsaPanel.SetAllowedIPs;ParsaPanel.SetBlockedIPs;ParsaPanel.SetBypassDomains;ParsaPanel.SetCacheEnabled;ParsaPanel.SetLogLevel;ParsaPanel.SetMasterKey;ParsaPanel.SetMaxConnections;ParsaPanel.SetProcessedCount;ParsaPanel.SetSlaveNodes;ParsaPanel.SetTimeout;ParsaPanel.SetUsers;ParsaPanel.SetVersion;ParsaPanel.SubNodeBilling;ParsaPanel.ValidateIPAddress;ParsaUser;ParsaUser.GetEnabled;ParsaUser.GetRequestCount;ParsaUser.GetRequestLimit;ParsaUser.GetUsername;ParsaUser.SetEnabled;ParsaUser.SetRequestCount;ParsaUser.SetRequestLimit;ParsaUser.SetUsername,promotion to governed lab,one-to-one,reference-only,"The source carries distinct dormant implementation value but has no live production consumer. Preserve it as an intentional, catalogued lab capability without granting runtime authority; later promotion must extract only target-native value behind a canonical owner.",daemon lab capability corpus,labs/daemon/proxy/parsa_panel.go,The lab source remains byte-identical to its baseline object and traceable by SHA-256.,Live daemon internal packages must not import lab code directly or treat lab presence as production readiness.,n/a,labs/daemon/CAPABILITIES.csv,Path-only promotion from experiments to labs; no live runtime dependency or persisted state change.,Repository-native baseline source; no new external donor bytes introduced.,medium,n/a,high,statically-validated
HVC-LAB-W20-PATHFINDER-291CEAA7,n/a,HVC-LAB-20-wave20-pathfinder,luminet-baseline-d73453f,daemon-labs,pathfinder lab capability,standalone source unit,executable-behaviour/reference implementation,standalone,server/internal/proxy/pathfinder.go,291ceaa713ad4b89b4d90e50fcfaa1d90ed6bc00ccdc3c55e6f4c1a9f92f5905,DijkstraPathfinder;DijkstraPathfinder.FindBestHopChain;PathNode;PriorityQueue;PriorityQueue.Len;PriorityQueue.Less;PriorityQueue.Pop;PriorityQueue.Push;PriorityQueue.Swap,promotion to governed lab,one-to-one,reference-only,"The source carries distinct dormant implementation value but has no live production consumer. Preserve it as an intentional, catalogued lab capability without granting runtime authority; later promotion must extract only target-native value behind a canonical owner.",daemon lab capability corpus,labs/daemon/proxy/pathfinder.go,The lab source remains byte-identical to its baseline object and traceable by SHA-256.,Live daemon internal packages must not import lab code directly or treat lab presence as production readiness.,labs/daemon/proxy/pathfinder_test.go,labs/daemon/CAPABILITIES.csv,Path-only promotion from experiments to labs; no live runtime dependency or persisted state change.,Repository-native baseline source; no new external donor bytes introduced.,medium,n/a,high,statically-validated
HVC-LAB-W20-PHISHING-VERIFIER-5FF2A6FC,n/a,HVC-LAB-20-wave20-phishing-verifier,luminet-baseline-d73453f,daemon-labs,phishing verifier lab capability,standalone source unit,executable-behaviour/reference implementation,standalone,server/internal/proxy/phishing_verifier.go,5ff2a6fc130b638e3f3d8d07f83ff633adcf94a34503456c4e2cb4c970bdef3b,GetPhishingVerifier;PhishingResponse;PhishingVerifier;PhishingVerifier.IsMalicious;PhishingVerifier.SetCheckURL,promotion to governed lab,one-to-one,reference-only,"The source carries distinct dormant implementation value but has no live production consumer. Preserve it as an intentional, catalogued lab capability without granting runtime authority; later promotion must extract only target-native value behind a canonical owner.",daemon lab capability corpus,labs/daemon/proxy/phishing_verifier.go,The lab source remains byte-identical to its baseline object and traceable by SHA-256.,Live daemon internal packages must not import lab code directly or treat lab presence as production readiness.,labs/daemon/proxy/phishing_verifier_test.go,labs/daemon/CAPABILITIES.csv,Path-only promotion from experiments to labs; no live runtime dependency or persisted state change.,Repository-native baseline source; no new external donor bytes introduced.,medium,n/a,high,statically-validated
HVC-LAB-W20-PHP-PROXY-WEB-8796C612,n/a,HVC-LAB-20-wave20-php-proxy-web,luminet-baseline-d73453f,daemon-labs,php proxy web lab capability,standalone source unit,executable-behaviour/reference implementation,standalone,server/internal/proxy/php_proxy_web.go,8796c61252aaec0a93e710d4302ee78ed844045aa30d9478ec5a64f507c23807,NewPHPProxyWeb;PHPProxyWeb;PHPProxyWeb.AddProxyUserAgent;PHPProxyWeb.CleanResponseHeaders;PHPProxyWeb.DecryptURL;PHPProxyWeb.EncryptURL;PHPProxyWeb.GetAppKey;PHPProxyWeb.GetEncryptionKey;PHPProxyWeb.GetHostname;PHPProxyWeb.GetURLMode;PHPProxyWeb.IsValidTargetURL;PHPProxyWeb.ObfuscateCookieHeaders;PHPProxyWeb.ObfuscateHeaders;PHPProxyWeb.RemoveHTMLTargetScripts;PHPProxyWeb.ServeHTTP;PHPProxyWeb.SetAppKey;PHPProxyWeb.SetURLMode,promotion to governed lab,one-to-one,reference-only,"The source carries distinct dormant implementation value but has no live production consumer. Preserve it as an intentional, catalogued lab capability without granting runtime authority; later promotion must extract only target-native value behind a canonical owner.",daemon lab capability corpus,labs/daemon/proxy/php_proxy_web.go,The lab source remains byte-identical to its baseline object and traceable by SHA-256.,Live daemon internal packages must not import lab code directly or treat lab presence as production readiness.,n/a,labs/daemon/CAPABILITIES.csv,Path-only promotion from experiments to labs; no live runtime dependency or persisted state change.,Repository-native baseline source; no new external donor bytes introduced.,medium,n/a,high,statically-validated
HVC-LAB-W20-PION-DTLS-7A34A533,n/a,HVC-LAB-20-wave20-pion-dtls,luminet-baseline-d73453f,daemon-labs,pion dtls lab capability,standalone source unit,executable-behaviour/reference implementation,standalone,server/internal/proxy/pion_dtls.go,7a34a5331a92bd413e97a31e0c8b84cb8abcffaef31a51ac230e98326056da9b,NewPionDTLS;PionDTLS;PionDTLS.StartTransport,promotion to governed lab,one-to-one,reference-only,"The source carries distinct dormant implementation value but has no live production consumer. Preserve it as an intentional, catalogued lab capability without granting runtime authority; later promotion must extract only target-native value behind a canonical owner.",daemon lab capability corpus,labs/daemon/proxy/pion_dtls.go,The lab source remains byte-identical to its baseline object and traceable by SHA-256.,Live daemon internal packages must not import lab code directly or treat lab presence as production readiness.,n/a,labs/daemon/CAPABILITIES.csv,Path-only promotion from experiments to labs; no live runtime dependency or persisted state change.,Repository-native baseline source; no new external donor bytes introduced.,medium,n/a,high,statically-validated
HVC-LAB-W20-PION-TRANSPORT-8F154F29,n/a,HVC-LAB-20-wave20-pion-transport,luminet-baseline-d73453f,daemon-labs,pion transport lab capability,standalone source unit,executable-behaviour/reference implementation,standalone,server/internal/proxy/pion_transport.go,8f154f29f0985b2b8b41a82a9403b0d6b140f67edadd5e9be46bbb3829b22b67,NewPionTransport;PionTransport;PionTransport.Setup,promotion to governed lab,one-to-one,reference-only,"The source carries distinct dormant implementation value but has no live production consumer. Preserve it as an intentional, catalogued lab capability without granting runtime authority; later promotion must extract only target-native value behind a canonical owner.",daemon lab capability corpus,labs/daemon/proxy/pion_transport.go,The lab source remains byte-identical to its baseline object and traceable by SHA-256.,Live daemon internal packages must not import lab code directly or treat lab presence as production readiness.,n/a,labs/daemon/CAPABILITIES.csv,Path-only promotion from experiments to labs; no live runtime dependency or persisted state change.,Repository-native baseline source; no new external donor bytes introduced.,medium,n/a,high,statically-validated
HVC-LAB-W20-PORT-BRIDGE-6040EF04,n/a,HVC-LAB-20-wave20-port-bridge,luminet-baseline-d73453f,daemon-labs,port bridge lab capability,standalone source unit,executable-behaviour/reference implementation,standalone,server/internal/proxy/port_bridge.go,6040ef0407902321b8db58cbbf32ff8c53e1f102c17ae0d15493caa9c350760e,NewPortBridge;PortBridge;PortBridge.Redirect,promotion to governed lab,one-to-one,reference-only,"The source carries distinct dormant implementation value but has no live production consumer. Preserve it as an intentional, catalogued lab capability without granting runtime authority; later promotion must extract only target-native value behind a canonical owner.",daemon lab capability corpus,labs/daemon/proxy/port_bridge.go,The lab source remains byte-identical to its baseline object and traceable by SHA-256.,Live daemon internal packages must not import lab code directly or treat lab presence as production readiness.,n/a,labs/daemon/CAPABILITIES.csv,Path-only promotion from experiments to labs; no live runtime dependency or persisted state change.,Repository-native baseline source; no new external donor bytes introduced.,medium,n/a,high,statically-validated
HVC-LAB-W20-PREFIX-LIST-F3E544C2,n/a,HVC-LAB-20-wave20-prefix-list,luminet-baseline-d73453f,daemon-labs,prefix list lab capability,standalone source unit,executable-behaviour/reference implementation,standalone,server/internal/proxy/prefix_list.go,f3e544c227f44515275fa25a2ac41eb34266607288afba4b30a79d5840fa2f8b,LoadFromReader;NewPrefixList;PrefixList;PrefixList.Add;PrefixList.Contains;PrefixList.ContainsAddr,promotion to governed lab,one-to-one,reference-only,"The source carries distinct dormant implementation value but has no live production consumer. Preserve it as an intentional, catalogued lab capability without granting runtime authority; later promotion must extract only target-native value behind a canonical owner.",daemon lab capability corpus,labs/daemon/proxy/prefix_list.go,The lab source remains byte-identical to its baseline object and traceable by SHA-256.,Live daemon internal packages must not import lab code directly or treat lab presence as production readiness.,n/a,labs/daemon/CAPABILITIES.csv,Path-only promotion from experiments to labs; no live runtime dependency or persisted state change.,Repository-native baseline source; no new external donor bytes introduced.,medium,n/a,high,statically-validated
HVC-LAB-W20-PROFILE-MORPHER-BAF4BF79,n/a,HVC-LAB-20-wave20-profile-morpher,luminet-baseline-d73453f,daemon-labs,profile morpher lab capability,standalone source unit,executable-behaviour/reference implementation,standalone,server/internal/proxy/profile_morpher.go,baf4bf7954516af832e72648bf3e0c671a8bfc11c7ad18bfa3f512e0a2323cb2,BaiduVideoProfile;NewProfileMorpher;ProfileMorpher;ProfileMorpher.ChooseTargetSize;ProfileMorpher.Morph;ProfileMorpher.Restore;TrafficProfile;YandexVideoProfile,promotion to governed lab,one-to-one,reference-only,"The source carries distinct dormant implementation value but has no live production consumer. Preserve it as an intentional, catalogued lab capability without granting runtime authority; later promotion must extract only target-native value behind a canonical owner.",daemon lab capability corpus,labs/daemon/proxy/profile_morpher.go,The lab source remains byte-identical to its baseline object and traceable by SHA-256.,Live daemon internal packages must not import lab code directly or treat lab presence as production readiness.,labs/daemon/proxy/profile_morpher_test.go,labs/daemon/CAPABILITIES.csv,Path-only promotion from experiments to labs; no live runtime dependency or persisted state change.,Repository-native baseline source; no new external donor bytes introduced.,medium,n/a,high,statically-validated
HVC-LAB-W20-PROTOBUF-CODEC-0FB8A435,n/a,HVC-LAB-20-wave20-protobuf-codec,luminet-baseline-d73453f,daemon-labs,protobuf codec lab capability,standalone source unit,executable-behaviour/reference implementation,standalone,server/internal/proxy/protobuf_codec.go,0fb8a4355f8d9ce8a35aff7d35582572315142f0b6c669b4ae5865be8cc8788c,NewProtobufCodec;ProtobufCodec;ProtobufCodec.Encode,promotion to governed lab,one-to-one,reference-only,"The source carries distinct dormant implementation value but has no live production consumer. Preserve it as an intentional, catalogued lab capability without granting runtime authority; later promotion must extract only target-native value behind a canonical owner.",daemon lab capability corpus,labs/daemon/proxy/protobuf_codec.go,The lab source remains byte-identical to its baseline object and traceable by SHA-256.,Live daemon internal packages must not import lab code directly or treat lab presence as production readiness.,n/a,labs/daemon/CAPABILITIES.csv,Path-only promotion from experiments to labs; no live runtime dependency or persisted state change.,Repository-native baseline source; no new external donor bytes introduced.,medium,n/a,high,statically-validated
HVC-LAB-W20-PROXY2SINGBOX-EEA12DCD,n/a,HVC-LAB-20-wave20-proxy2singbox,luminet-baseline-d73453f,daemon-labs,proxy2singbox lab capability,standalone source unit,executable-behaviour/reference implementation,standalone,server/internal/proxy/proxy2singbox.go,eea12dcd252a101fc55ca3d5724a4384a08666dd40abb898f5699519fad57bc5,NewProxyToSingboxConverter;ProxyToSingboxConverter;ProxyToSingboxConverter.ConvertURIToOutbound,promotion to governed lab,one-to-one,reference-only,"The source carries distinct dormant implementation value but has no live production consumer. Preserve it as an intentional, catalogued lab capability without granting runtime authority; later promotion must extract only target-native value behind a canonical owner.",daemon lab capability corpus,labs/daemon/proxy/proxy2singbox.go,The lab source remains byte-identical to its baseline object and traceable by SHA-256.,Live daemon internal packages must not import lab code directly or treat lab presence as production readiness.,n/a,labs/daemon/CAPABILITIES.csv,Path-only promotion from experiments to labs; no live runtime dependency or persisted state change.,Repository-native baseline source; no new external donor bytes introduced.,medium,n/a,high,statically-validated
HVC-LAB-W20-PROXY-CHAIN-MANAGER-9FE0B08A,n/a,HVC-LAB-20-wave20-proxy-chain-manager,luminet-baseline-d73453f,daemon-labs,proxy chain manager lab capability,standalone source unit,executable-behaviour/reference implementation,standalone,server/internal/proxy/proxy_chain_manager.go,9fe0b08aa367f94c44e29598ab36f0c6fd22c40df46fc0ad8d449672f0dd5a36,GostChain;GostChain.Chain;NewGostChain,promotion to governed lab,one-to-one,reference-only,"The source carries distinct dormant implementation value but has no live production consumer. Preserve it as an intentional, catalogued lab capability without granting runtime authority; later promotion must extract only target-native value behind a canonical owner.",daemon lab capability corpus,labs/daemon/proxy/proxy_chain_manager.go,The lab source remains byte-identical to its baseline object and traceable by SHA-256.,Live daemon internal packages must not import lab code directly or treat lab presence as production readiness.,n/a,labs/daemon/CAPABILITIES.csv,Path-only promotion from experiments to labs; no live runtime dependency or persisted state change.,Repository-native baseline source; no new external donor bytes introduced.,medium,n/a,high,statically-validated
HVC-LAB-W20-PROXY-CLUSTER-0A93CCB6,n/a,HVC-LAB-20-wave20-proxy-cluster,luminet-baseline-d73453f,daemon-labs,proxy cluster lab capability,standalone source unit,executable-behaviour/reference implementation,standalone,server/internal/proxy/proxy_cluster.go,0a93ccb692b654ef977d4395e42d1b333db7e7016d5ef0cfa8530dbf5d461631,InboundConfig;NewProxyClusterManager;ProxyClusterManager;ProxyClusterManager.AllocateCluster;ProxyClusterNode;RouteRuleConfig,promotion to governed lab,one-to-one,reference-only,"The source carries distinct dormant implementation value but has no live production consumer. Preserve it as an intentional, catalogued lab capability without granting runtime authority; later promotion must extract only target-native value behind a canonical owner.",daemon lab capability corpus,labs/daemon/proxy/proxy_cluster.go,The lab source remains byte-identical to its baseline object and traceable by SHA-256.,Live daemon internal packages must not import lab code directly or treat lab presence as production readiness.,labs/daemon/proxy/proxy_cluster_test.go,labs/daemon/CAPABILITIES.csv,Path-only promotion from experiments to labs; no live runtime dependency or persisted state change.,Repository-native baseline source; no new external donor bytes introduced.,medium,n/a,high,statically-validated
HVC-LAB-W20-PROXY-CORE-DAEMON-6F2B8AD3,n/a,HVC-LAB-20-wave20-proxy-core-daemon,luminet-baseline-d73453f,daemon-labs,proxy core daemon lab capability,standalone source unit,executable-behaviour/reference implementation,standalone,server/internal/proxy/proxy_core_daemon.go,6f2b8ad3c78cdc5cab16bb13f170fddad6b862a67ec29021c872a95de0b0acb0,NewV2RayA;V2RayA;V2RayA.SetupRouter,promotion to governed lab,one-to-one,reference-only,"The source carries distinct dormant implementation value but has no live production consumer. Preserve it as an intentional, catalogued lab capability without granting runtime authority; later promotion must extract only target-native value behind a canonical owner.",daemon lab capability corpus,labs/daemon/proxy/proxy_core_daemon.go,The lab source remains byte-identical to its baseline object and traceable by SHA-256.,Live daemon internal packages must not import lab code directly or treat lab presence as production readiness.,n/a,labs/daemon/CAPABILITIES.csv,Path-only promotion from experiments to labs; no live runtime dependency or persisted state change.,Repository-native baseline source; no new external donor bytes introduced.,medium,n/a,high,statically-validated
HVC-LAB-W20-PROXY-HARVESTER-00E25272,n/a,HVC-LAB-20-wave20-proxy-harvester,luminet-baseline-d73453f,daemon-labs,proxy harvester lab capability,standalone source unit,executable-behaviour/reference implementation,standalone,server/internal/proxy/proxy_harvester.go,00e2527262c9839fe4f78c4dcd182ce0797ece1a6ad4ebb298f6e34feefd0659,DialHTTPConnect;NewProxyHarvester;ProxyEndpoint;ProxyHarvester;ProxyHarvester.AddEndpoint;ProxyHarvester.GetNextEndpoint,promotion to governed lab,one-to-one,reference-only,"The source carries distinct dormant implementation value but has no live production consumer. Preserve it as an intentional, catalogued lab capability without granting runtime authority; later promotion must extract only target-native value behind a canonical owner.",daemon lab capability corpus,labs/daemon/proxy/proxy_harvester.go,The lab source remains byte-identical to its baseline object and traceable by SHA-256.,Live daemon internal packages must not import lab code directly or treat lab presence as production readiness.,n/a,labs/daemon/CAPABILITIES.csv,Path-only promotion from experiments to labs; no live runtime dependency or persisted state change.,Repository-native baseline source; no new external donor bytes introduced.,medium,n/a,high,statically-validated
HVC-LAB-W20-PROXY-PANEL-BRIDGE-6D985F94,n/a,HVC-LAB-20-wave20-proxy-panel-bridge,luminet-baseline-d73453f,daemon-labs,proxy panel bridge lab capability,standalone source unit,executable-behaviour/reference implementation,standalone,server/internal/proxy/proxy_panel_bridge.go,6d985f94d6d9540d17e82f57d54bcb4508cc97f3eff6689f98d052716148bbb9,NewProxyPanelBridge;ProxyPanelBridge;ProxyPanelBridge.ParseDataRate;ProxyPanelBridge.SendBarkMessage;ProxyPanelBridge.SendDingTalkMessage;ProxyPanelBridge.Sign,promotion to governed lab,one-to-one,reference-only,"The source carries distinct dormant implementation value but has no live production consumer. Preserve it as an intentional, catalogued lab capability without granting runtime authority; later promotion must extract only target-native value behind a canonical owner.",daemon lab capability corpus,labs/daemon/proxy/proxy_panel_bridge.go,The lab source remains byte-identical to its baseline object and traceable by SHA-256.,Live daemon internal packages must not import lab code directly or treat lab presence as production readiness.,n/a,labs/daemon/CAPABILITIES.csv,Path-only promotion from experiments to labs; no live runtime dependency or persisted state change.,Repository-native baseline source; no new external donor bytes introduced.,medium,n/a,high,statically-validated
HVC-LAB-W20-PROXYCHAINS-2AFC20A1,n/a,HVC-LAB-20-wave20-proxychains,luminet-baseline-d73453f,daemon-labs,proxychains lab capability,standalone source unit,executable-behaviour/reference implementation,standalone,server/internal/proxy/proxychains.go,2afc20a1eb8c517c37267da1226e3ba501c40afba5cae51f24e503855580d259,NewProxychains;Proxychains;Proxychains.ChainConnections,promotion to governed lab,one-to-one,reference-only,"The source carries distinct dormant implementation value but has no live production consumer. Preserve it as an intentional, catalogued lab capability without granting runtime authority; later promotion must extract only target-native value behind a canonical owner.",daemon lab capability corpus,labs/daemon/proxy/proxychains.go,The lab source remains byte-identical to its baseline object and traceable by SHA-256.,Live daemon internal packages must not import lab code directly or treat lab presence as production readiness.,n/a,labs/daemon/CAPABILITIES.csv,Path-only promotion from experiments to labs; no live runtime dependency or persisted state change.,Repository-native baseline source; no new external donor bytes introduced.,medium,n/a,high,statically-validated
HVC-LAB-W20-PSIPHON-CHAIN-B20EB543,n/a,HVC-LAB-20-wave20-psiphon-chain,luminet-baseline-d73453f,daemon-labs,psiphon chain lab capability,standalone source unit,executable-behaviour/reference implementation,standalone,server/internal/proxy/psiphon_chain.go,b20eb54394d4981585e7e7de5d36c4df8380554e73c72c47c0066d63a8653cc1,NewPsiphonChain;PsiphonChain;PsiphonChain.Chain,promotion to governed lab,one-to-one,reference-only,"The source carries distinct dormant implementation value but has no live production consumer. Preserve it as an intentional, catalogued lab capability without granting runtime authority; later promotion must extract only target-native value behind a canonical owner.",daemon lab capability corpus,labs/daemon/proxy/psiphon_chain.go,The lab source remains byte-identical to its baseline object and traceable by SHA-256.,Live daemon internal packages must not import lab code directly or treat lab presence as production readiness.,n/a,labs/daemon/CAPABILITIES.csv,Path-only promotion from experiments to labs; no live runtime dependency or persisted state change.,Repository-native baseline source; no new external donor bytes introduced.,medium,n/a,high,statically-validated
HVC-LAB-W20-QLEARNING-A7EF16CF,n/a,HVC-LAB-20-wave20-qlearning,luminet-baseline-d73453f,daemon-labs,qlearning lab capability,standalone source unit,executable-behaviour/reference implementation,standalone,server/internal/proxy/qlearning.go,a7ef16cfd781961dcafd0d1550c77100e80c19282e431409570a78426fc063fd,ActionDelay;ActionNone;ActionPadding;ActionRotate;NewQTable;NumActions;QTable;QTable.SelectAction;QTable.UpdateQ;State,promotion to governed lab,one-to-one,reference-only,"The source carries distinct dormant implementation value but has no live production consumer. Preserve it as an intentional, catalogued lab capability without granting runtime authority; later promotion must extract only target-native value behind a canonical owner.",daemon lab capability corpus,labs/daemon/proxy/qlearning.go,The lab source remains byte-identical to its baseline object and traceable by SHA-256.,Live daemon internal packages must not import lab code directly or treat lab presence as production readiness.,labs/daemon/proxy/qlearning_test.go,labs/daemon/CAPABILITIES.csv,Path-only promotion from experiments to labs; no live runtime dependency or persisted state change.,Repository-native baseline source; no new external donor bytes introduced.,medium,n/a,high,statically-validated
HVC-LAB-W20-QTUN-5143E34E,n/a,HVC-LAB-20-wave20-qtun,luminet-baseline-d73453f,daemon-labs,qtun lab capability,standalone source unit,executable-behaviour/reference implementation,standalone,server/internal/proxy/qtun.go,5143e34eedc08125cd5dfd6d4799cda121ff0ce8de1f3e238ad89e2a0510dd2e,NewQtun;Qtun;Qtun.Start;Qtun.StartServer;Qtun.StopServer,promotion to governed lab,one-to-one,reference-only,"The source carries distinct dormant implementation value but has no live production consumer. Preserve it as an intentional, catalogued lab capability without granting runtime authority; later promotion must extract only target-native value behind a canonical owner.",daemon lab capability corpus,labs/daemon/proxy/qtun.go,The lab source remains byte-identical to its baseline object and traceable by SHA-256.,Live daemon internal packages must not import lab code directly or treat lab presence as production readiness.,n/a,labs/daemon/CAPABILITIES.csv,Path-only promotion from experiments to labs; no live runtime dependency or persisted state change.,Repository-native baseline source; no new external donor bytes introduced.,medium,n/a,high,statically-validated
HVC-LAB-W20-QUIC-CONGESTION-MANAGER-4D172E1D,n/a,HVC-LAB-20-wave20-quic-congestion-manager,luminet-baseline-d73453f,daemon-labs,quic congestion manager lab capability,standalone source unit,executable-behaviour/reference implementation,standalone,server/internal/proxy/quic_congestion_manager.go,4d172e1d425c0d5c39e1a957e7d7b100d3301e0d1d38ffdc3c116b7b7443ce95,CongestionAlgorithm;CongestionBBR;CongestionCubic;CongestionReno;NewQUICCongestionManager;QUICCongestionManager;QUICCongestionManager.GetStats;QUICCongestionManager.SetAlgorithm,promotion to governed lab,one-to-one,reference-only,"The source carries distinct dormant implementation value but has no live production consumer. Preserve it as an intentional, catalogued lab capability without granting runtime authority; later promotion must extract only target-native value behind a canonical owner.",daemon lab capability corpus,labs/daemon/proxy/quic_congestion_manager.go,The lab source remains byte-identical to its baseline object and traceable by SHA-256.,Live daemon internal packages must not import lab code directly or treat lab presence as production readiness.,n/a,labs/daemon/CAPABILITIES.csv,Path-only promotion from experiments to labs; no live runtime dependency or persisted state change.,Repository-native baseline source; no new external donor bytes introduced.,medium,n/a,high,statically-validated
HVC-LAB-W20-QUIC-SNIFFER-8F2115CB,n/a,HVC-LAB-20-wave20-quic-sniffer,luminet-baseline-d73453f,daemon-labs,quic sniffer lab capability,standalone source unit,executable-behaviour/reference implementation,standalone,server/internal/proxy/quic_sniffer.go,8f2115cbc38592e7998c2a6a0ec0f3174e6c100ea0bce029061621df54ea6660,SniffQuicInitialSNI,promotion to governed lab,one-to-one,reference-only,"The source carries distinct dormant implementation value but has no live production consumer. Preserve it as an intentional, catalogued lab capability without granting runtime authority; later promotion must extract only target-native value behind a canonical owner.",daemon lab capability corpus,labs/daemon/proxy/quic_sniffer.go,The lab source remains byte-identical to its baseline object and traceable by SHA-256.,Live daemon internal packages must not import lab code directly or treat lab presence as production readiness.,labs/daemon/proxy/quic_sniffer_test.go,labs/daemon/CAPABILITIES.csv,Path-only promotion from experiments to labs; no live runtime dependency or persisted state change.,Repository-native baseline source; no new external donor bytes introduced.,medium,n/a,high,statically-validated
HVC-LAB-W20-R2-STORAGE-GATEWAY-1C72C3F5,n/a,HVC-LAB-20-wave20-r2-storage-gateway,luminet-baseline-d73453f,daemon-labs,r2 storage gateway lab capability,standalone source unit,executable-behaviour/reference implementation,standalone,server/internal/proxy/r2_storage_gateway.go,1c72c3f59b7ca6f5eefb667ff6dc01b4be221b7f37839720da0503775223abc0,NewR2StorageGateway;R2StorageGateway;R2StorageGateway.CreateBucket;R2StorageGateway.DeleteBucket;R2StorageGateway.DeleteObject;R2StorageGateway.DownloadObject;R2StorageGateway.GetTimeout;R2StorageGateway.HeadObject;R2StorageGateway.ListObjects;R2StorageGateway.ObjectExists;R2StorageGateway.SetCredentials;R2StorageGateway.SetTimeout;R2StorageGateway.SignRequest;R2StorageGateway.Upload;R2StorageGateway.UploadObject,promotion to governed lab,one-to-one,reference-only,"The source carries distinct dormant implementation value but has no live production consumer. Preserve it as an intentional, catalogued lab capability without granting runtime authority; later promotion must extract only target-native value behind a canonical owner.",daemon lab capability corpus,labs/daemon/proxy/r2_storage_gateway.go,The lab source remains byte-identical to its baseline object and traceable by SHA-256.,Live daemon internal packages must not import lab code directly or treat lab presence as production readiness.,n/a,labs/daemon/CAPABILITIES.csv,Path-only promotion from experiments to labs; no live runtime dependency or persisted state change.,Repository-native baseline source; no new external donor bytes introduced.,medium,n/a,high,statically-validated
HVC-LAB-W20-REALITY-CORE-7A2EE3E0,n/a,HVC-LAB-20-wave20-reality-core,luminet-baseline-d73453f,daemon-labs,reality core lab capability,standalone source unit,executable-behaviour/reference implementation,standalone,server/internal/proxy/reality_core.go,7a2ee3e0d1e3a43317ed18e4d33b24cbe9bd3db0eea6329e3052bea271ea4327,NewRealityCore;RealityCore;RealityCore.Authenticate,promotion to governed lab,one-to-one,reference-only,"The source carries distinct dormant implementation value but has no live production consumer. Preserve it as an intentional, catalogued lab capability without granting runtime authority; later promotion must extract only target-native value behind a canonical owner.",daemon lab capability corpus,labs/daemon/proxy/reality_core.go,The lab source remains byte-identical to its baseline object and traceable by SHA-256.,Live daemon internal packages must not import lab code directly or treat lab presence as production readiness.,n/a,labs/daemon/CAPABILITIES.csv,Path-only promotion from experiments to labs; no live runtime dependency or persisted state change.,Repository-native baseline source; no new external donor bytes introduced.,medium,n/a,high,statically-validated
HVC-LAB-W20-RESTRICTED-GATEWAY-81914E9E,n/a,HVC-LAB-20-wave20-restricted-gateway,luminet-baseline-d73453f,daemon-labs,restricted gateway lab capability,standalone source unit,executable-behaviour/reference implementation,standalone,server/internal/proxy/restricted_gateway.go,81914e9ec1afc89cf5fc9e526934a153cff09f201ea454675ea8c10525938d29,NewRestrictedGateway;RestrictedGateway;RestrictedGateway.Start;RestrictedGateway.Stop,promotion to governed lab,one-to-one,reference-only,"The source carries distinct dormant implementation value but has no live production consumer. Preserve it as an intentional, catalogued lab capability without granting runtime authority; later promotion must extract only target-native value behind a canonical owner.",daemon lab capability corpus,labs/daemon/proxy/restricted_gateway.go,The lab source remains byte-identical to its baseline object and traceable by SHA-256.,Live daemon internal packages must not import lab code directly or treat lab presence as production readiness.,n/a,labs/daemon/CAPABILITIES.csv,Path-only promotion from experiments to labs; no live runtime dependency or persisted state change.,Repository-native baseline source; no new external donor bytes introduced.,medium,n/a,high,statically-validated
HVC-LAB-W20-REVERSE-TCP-BRIDGE-C50F31F5,n/a,HVC-LAB-20-wave20-reverse-tcp-bridge,luminet-baseline-d73453f,daemon-labs,reverse tcp bridge lab capability,standalone source unit,executable-behaviour/reference implementation,standalone,server/internal/proxy/reverse_tcp_bridge.go,c50f31f504308d902481be8f030962bd612a6e74d3750cce162356ba8f19738d,BackhaulManager;BackhaulManager.BuildTunnel;NewBackhaulManager,promotion to governed lab,one-to-one,reference-only,"The source carries distinct dormant implementation value but has no live production consumer. Preserve it as an intentional, catalogued lab capability without granting runtime authority; later promotion must extract only target-native value behind a canonical owner.",daemon lab capability corpus,labs/daemon/proxy/reverse_tcp_bridge.go,The lab source remains byte-identical to its baseline object and traceable by SHA-256.,Live daemon internal packages must not import lab code directly or treat lab presence as production readiness.,n/a,labs/daemon/CAPABILITIES.csv,Path-only promotion from experiments to labs; no live runtime dependency or persisted state change.,Repository-native baseline source; no new external donor bytes introduced.,medium,n/a,high,statically-validated
HVC-LAB-W20-REVERSE-TUNNEL-E68E22E7,n/a,HVC-LAB-20-wave20-reverse-tunnel,luminet-baseline-d73453f,daemon-labs,reverse tunnel lab capability,standalone source unit,executable-behaviour/reference implementation,standalone,server/internal/proxy/reverse_tunnel.go,e68e22e728ffa42c60294543b7ded626ba836afe1f9521e3b3678492ec0e8bb5,NewReverseTunnelClient;ReverseTunnelClient;ReverseTunnelClient.Start;ReverseTunnelClient.Stop;ReverseTunnelConfig,promotion to governed lab,one-to-one,reference-only,"The source carries distinct dormant implementation value but has no live production consumer. Preserve it as an intentional, catalogued lab capability without granting runtime authority; later promotion must extract only target-native value behind a canonical owner.",daemon lab capability corpus,labs/daemon/proxy/reverse_tunnel.go,The lab source remains byte-identical to its baseline object and traceable by SHA-256.,Live daemon internal packages must not import lab code directly or treat lab presence as production readiness.,n/a,labs/daemon/CAPABILITIES.csv,Path-only promotion from experiments to labs; no live runtime dependency or persisted state change.,Repository-native baseline source; no new external donor bytes introduced.,medium,n/a,high,statically-validated
HVC-LAB-W20-ROUTE-OPTIMIZER-7670F4D3,n/a,HVC-LAB-20-wave20-route-optimizer,luminet-baseline-d73453f,daemon-labs,route optimizer lab capability,standalone source unit,executable-behaviour/reference implementation,standalone,server/internal/proxy/route_optimizer.go,7670f4d37ca339304f3174b41a1123104b450dbbb3886de5966bade13d20d3ba,NewRahgozarClient;RahgozarClient;RahgozarClient.InitiateRelay,promotion to governed lab,one-to-one,reference-only,"The source carries distinct dormant implementation value but has no live production consumer. Preserve it as an intentional, catalogued lab capability without granting runtime authority; later promotion must extract only target-native value behind a canonical owner.",daemon lab capability corpus,labs/daemon/proxy/route_optimizer.go,The lab source remains byte-identical to its baseline object and traceable by SHA-256.,Live daemon internal packages must not import lab code directly or treat lab presence as production readiness.,n/a,labs/daemon/CAPABILITIES.csv,Path-only promotion from experiments to labs; no live runtime dependency or persisted state change.,Repository-native baseline source; no new external donor bytes introduced.,medium,n/a,high,statically-validated
HVC-LAB-W20-S3-SIGNER-EAA86B68,n/a,HVC-LAB-20-wave20-s3-signer,luminet-baseline-d73453f,daemon-labs,s3 signer lab capability,standalone source unit,executable-behaviour/reference implementation,standalone,server/internal/proxy/s3_signer.go,eaa86b6849f7e8734d6c0cadc6ad5c68bc0cdeefc1e9f9798e26275dc7bf4cba,NewS3Signer;S3Signer;S3Signer.CalculateSigningKey;S3Signer.GetAccessKeyId;S3Signer.GetAuthStatus;S3Signer.GetDateString;S3Signer.GetHost;S3Signer.GetMethod;S3Signer.GetPath;S3Signer.GetPayloadHash;S3Signer.GetQuery;S3Signer.GetRegion;S3Signer.GetScope;S3Signer.GetSecretAccessKey;S3Signer.GetService;S3Signer.GetTimestamp;S3Signer.HashSHA256;S3Signer.HmacSHA256;S3Signer.SetAccessKeyId;S3Signer.SetDateString;S3Signer.SetHost;S3Signer.SetMethod;S3Signer.SetPath;S3Signer.SetPayloadHash;S3Signer.SetQuery;S3Signer.SetRegion;S3Signer.SetScope;S3Signer.SetSecretAccessKey;S3Signer.SetService;S3Signer.SetTimestamp;S3Signer.SignRequest;S3Signer.WithAccessKeyId;S3Signer.WithDateString;S3Signer.WithHost;S3Signer.WithMethod;S3Signer.WithPath;S3Signer.WithPayloadHash;S3Signer.WithQuery;S3Signer.WithRegion;S3Signer.WithScope;S3Signer.WithSecretAccessKey;S3Signer.WithService;S3Signer.WithTimestamp,promotion to governed lab,one-to-one,reference-only,"The source carries distinct dormant implementation value but has no live production consumer. Preserve it as an intentional, catalogued lab capability without granting runtime authority; later promotion must extract only target-native value behind a canonical owner.",daemon lab capability corpus,labs/daemon/proxy/s3_signer.go,The lab source remains byte-identical to its baseline object and traceable by SHA-256.,Live daemon internal packages must not import lab code directly or treat lab presence as production readiness.,n/a,labs/daemon/CAPABILITIES.csv,Path-only promotion from experiments to labs; no live runtime dependency or persisted state change.,Repository-native baseline source; no new external donor bytes introduced.,medium,n/a,high,statically-validated
HVC-LAB-W20-SCAN-TELEMETRY-F871B2D8,n/a,HVC-LAB-20-wave20-scan-telemetry,luminet-baseline-d73453f,daemon-labs,scan telemetry lab capability,standalone source unit,executable-behaviour/reference implementation,standalone,server/internal/proxy/scan_telemetry.go,f871b2d8b0cb6965861b5109b3e3ff33941a381a66192f5c4e6512f839f3f5ff,ScanProgress;ScanProgress.PercentageCalculated,promotion to governed lab,one-to-one,reference-only,"The source carries distinct dormant implementation value but has no live production consumer. Preserve it as an intentional, catalogued lab capability without granting runtime authority; later promotion must extract only target-native value behind a canonical owner.",daemon lab capability corpus,labs/daemon/proxy/scan_telemetry.go,The lab source remains byte-identical to its baseline object and traceable by SHA-256.,Live daemon internal packages must not import lab code directly or treat lab presence as production readiness.,n/a,labs/daemon/CAPABILITIES.csv,Path-only promotion from experiments to labs; no live runtime dependency or persisted state change.,Repository-native baseline source; no new external donor bytes introduced.,medium,n/a,high,statically-validated
HVC-LAB-W20-SESSION-AUTHORITY-MANAGER-08057DC1,n/a,HVC-LAB-20-wave20-session-authority-manager,luminet-baseline-d73453f,daemon-labs,session authority manager lab capability,standalone source unit,executable-behaviour/reference implementation,standalone,server/internal/proxy/session_authority_manager.go,08057dc162858779f766c096497962db2698cdb0951d5430e7575f8edfb8a88c,NewThroneManager;ThroneManager;ThroneManager.AddSystemRoute;ThroneManager.CheckPolkitSupport;ThroneManager.EscalateTunPermissions;ThroneManager.FlushDNSCache;ThroneManager.GetDNSConfiguration;ThroneManager.HookSystemDNS;ThroneManager.IsTunDeviceConfigured;ThroneManager.LockResolvConf;ThroneManager.RemoveSystemRoute;ThroneManager.RemoveVirtualInterface;ThroneManager.RestoreDNSOnSignal;ThroneManager.SetDNSConfiguration;ThroneManager.SetupVirtualInterface;ThroneManager.UnlockResolvConf;ThroneManager.WriteResolvConf,promotion to governed lab,one-to-one,reference-only,"The source carries distinct dormant implementation value but has no live production consumer. Preserve it as an intentional, catalogued lab capability without granting runtime authority; later promotion must extract only target-native value behind a canonical owner.",daemon lab capability corpus,labs/daemon/proxy/session_authority_manager.go,The lab source remains byte-identical to its baseline object and traceable by SHA-256.,Live daemon internal packages must not import lab code directly or treat lab presence as production readiness.,n/a,labs/daemon/CAPABILITIES.csv,Path-only promotion from experiments to labs; no live runtime dependency or persisted state change.,Repository-native baseline source; no new external donor bytes introduced.,medium,n/a,high,statically-validated
HVC-LAB-W20-SHADOWSOCKS-MACOS-02C89E2B,n/a,HVC-LAB-20-wave20-shadowsocks-macos,luminet-baseline-d73453f,daemon-labs,shadowsocks macos lab capability,standalone source unit,executable-behaviour/reference implementation,standalone,server/internal/proxy/shadowsocks_macos.go,02c89e2b2a2b900ecd67f4e05211f47d4ef9841488b91d6da10ce9062b421947,NewShadowsocksMacOS;ShadowsocksMacOS;ShadowsocksMacOS.ConfigureProxy,promotion to governed lab,one-to-one,reference-only,"The source carries distinct dormant implementation value but has no live production consumer. Preserve it as an intentional, catalogued lab capability without granting runtime authority; later promotion must extract only target-native value behind a canonical owner.",daemon lab capability corpus,labs/daemon/proxy/shadowsocks_macos.go,The lab source remains byte-identical to its baseline object and traceable by SHA-256.,Live daemon internal packages must not import lab code directly or treat lab presence as production readiness.,n/a,labs/daemon/CAPABILITIES.csv,Path-only promotion from experiments to labs; no live runtime dependency or persisted state change.,Repository-native baseline source; no new external donor bytes introduced.,medium,n/a,high,statically-validated
HVC-LAB-W20-SHADOWSOCKS-MULTIPLEX-CLIENT-D7129E23,n/a,HVC-LAB-20-wave20-shadowsocks-multiplex-client,luminet-baseline-d73453f,daemon-labs,shadowsocks multiplex client lab capability,standalone source unit,executable-behaviour/reference implementation,standalone,server/internal/proxy/shadowsocks_multiplex_client.go,d7129e230d0c13509f6aed82406d38572b561cff4c488cf4f9716a7b25582ae7,NewShadowsocksReplayFilter;ShadowsocksAEADCipher;ShadowsocksAEADCipher.DeriveSubkey;ShadowsocksMuxConn;ShadowsocksObfsConfig;ShadowsocksReplayFilter;ShadowsocksReplayFilter.CheckReplay;ShadowsocksReplayFilter.Rotate,promotion to governed lab,one-to-one,reference-only,"The source carries distinct dormant implementation value but has no live production consumer. Preserve it as an intentional, catalogued lab capability without granting runtime authority; later promotion must extract only target-native value behind a canonical owner.",daemon lab capability corpus,labs/daemon/proxy/shadowsocks_multiplex_client.go,The lab source remains byte-identical to its baseline object and traceable by SHA-256.,Live daemon internal packages must not import lab code directly or treat lab presence as production readiness.,n/a,labs/daemon/CAPABILITIES.csv,Path-only promotion from experiments to labs; no live runtime dependency or persisted state change.,Repository-native baseline source; no new external donor bytes introduced.,medium,n/a,high,statically-validated
HVC-LAB-W20-SHAHAN-E8237F42,n/a,HVC-LAB-20-wave20-shahan,luminet-baseline-d73453f,daemon-labs,shahan lab capability,standalone source unit,executable-behaviour/reference implementation,standalone,server/internal/proxy/shahan.go,e8237f423afe42d50437713f373c3c66dd4bb4342d4726c451eb553d9713d875,NewShahanPanel;ShahanPanel;ShahanPanel.AddAllowedIP;ShahanPanel.AddBypassDomain;ShahanPanel.AddLog;ShahanPanel.BlockIranIPs;ShahanPanel.ClearAllowedIPs;ShahanPanel.ClearBypassDomains;ShahanPanel.ClearCache;ShahanPanel.ClearLogs;ShahanPanel.ClearSystemLogsAndReboot;ShahanPanel.ClearUsers;ShahanPanel.CreateTunnelUser;ShahanPanel.DecrementActiveConnections;ShahanPanel.DisableIPv6;ShahanPanel.ExportConfigJSON;ShahanPanel.GetActiveConnections;ShahanPanel.GetAdminUsers;ShahanPanel.GetAllowedIPs;ShahanPanel.GetBypassDomains;ShahanPanel.GetCacheSize;ShahanPanel.GetDesecDomain;ShahanPanel.GetDesecToken;ShahanPanel.GetHTTPClientTimeout;ShahanPanel.GetLockedUsers;ShahanPanel.GetLogLevel;ShahanPanel.GetLogs;ShahanPanel.GetMaxConnections;ShahanPanel.GetPanelVersion;ShahanPanel.GetProcessedCount;ShahanPanel.GetStatsMap;ShahanPanel.GetUserCount;ShahanPanel.GetUserExpires;ShahanPanel.GetUserPassword;ShahanPanel.GetUsers;ShahanPanel.ImportConfigJSON;ShahanPanel.IncrementActiveConnections;ShahanPanel.IncrementProcessedCount;ShahanPanel.InstallFakeWebsite;ShahanPanel.IsCacheEnabled;ShahanPanel.IsDomainBypassed;ShahanPanel.IsIPAllowed;ShahanPanel.IsUserLocked;ShahanPanel.LockUser;ShahanPanel.ManageUser;ShahanPanel.OptimizeBBR;ShahanPanel.RegisterFreeDomain;ShahanPanel.RemoveAllowedIP;ShahanPanel.RemoveBypassDomain;ShahanPanel.RemoveTunnelUser;ShahanPanel.ResetPanelPreset;ShahanPanel.ResetProcessedCount;ShahanPanel.SetAdminUsers;ShahanPanel.SetCacheEnabled;ShahanPanel.SetDesecDomain;ShahanPanel.SetDesecToken;ShahanPanel.SetHTTPClientTimeout;ShahanPanel.SetLockedUsers;ShahanPanel.SetLogLevel;ShahanPanel.SetMaxConnections;ShahanPanel.SetPanelVersion;ShahanPanel.SetUserExpires;ShahanPanel.TriggerDiagnosticReport;ShahanPanel.TypewriterPrint;ShahanPanel.UnlockUser;ShahanPanel.ValidateDomain;ShahanPanel.ValidateIPAddress;ShahanPanel.VerifyPanelPreset,promotion to governed lab,one-to-one,reference-only,"The source carries distinct dormant implementation value but has no live production consumer. Preserve it as an intentional, catalogued lab capability without granting runtime authority; later promotion must extract only target-native value behind a canonical owner.",daemon lab capability corpus,labs/daemon/proxy/shahan.go,The lab source remains byte-identical to its baseline object and traceable by SHA-256.,Live daemon internal packages must not import lab code directly or treat lab presence as production readiness.,n/a,labs/daemon/CAPABILITIES.csv,Path-only promotion from experiments to labs; no live runtime dependency or persisted state change.,Repository-native baseline source; no new external donor bytes introduced.,medium,n/a,high,statically-validated
HVC-LAB-W20-SIDECAR-DESYNC-5C64AFFC,n/a,HVC-LAB-20-wave20-sidecar-desync,luminet-baseline-d73453f,daemon-labs,sidecar desync lab capability,standalone source unit,executable-behaviour/reference implementation,standalone,server/internal/proxy/sidecar_desync.go,5c64affc6cf63468ba51cf325191af60bc17857cb07defe4dd234efe641c7b12,DesyncConfig;DesyncConfig.ApplyFakeSeq;DesyncConfig.CorruptChecksum;DesyncConfig.FindSNI;DesyncConfig.FragmentWrites;DesyncConfig.GetActiveEvasion;DesyncConfig.GetBypassMode;DesyncConfig.GetDelayMs;DesyncConfig.GetFakeSeqOffset;DesyncConfig.GetFragmentPayload;DesyncConfig.GetIsActive;DesyncConfig.GetMinPacketSize;DesyncConfig.GetSniChunkSize;DesyncConfig.GetStatusMessage;DesyncConfig.GetTargetHost;DesyncConfig.GetWrongChecksumValue;DesyncConfig.IsClientHello;DesyncConfig.ProcessOutboundPacket;DesyncConfig.ResetEvasion;DesyncConfig.SetActiveEvasion;DesyncConfig.SetBypassMode;DesyncConfig.SetDelayMs;DesyncConfig.SetFakeSeqOffset;DesyncConfig.SetFragmentPayload;DesyncConfig.SetIsActive;DesyncConfig.SetMinPacketSize;DesyncConfig.SetSniChunkSize;DesyncConfig.SetTargetHost;DesyncConfig.SetWrongChecksumValue;DesyncConfig.ValidatePacket;DesyncConfig.WithActiveEvasion;DesyncConfig.WithBypassMode;DesyncConfig.WithDelayMs;DesyncConfig.WithFragmentPayload;DesyncConfig.WithIsActive;DesyncConfig.WithMinPacketSize;DesyncConfig.WithSniChunkSize;DesyncConfig.WithTargetHost;GenerateRandomPayload;NewDesyncConfig;TlsRecordStats;TlsRecordStats.GetFragmentsCount;TlsRecordStats.GetLastRecordTime;TlsRecordStats.GetLastSniSeen;TlsRecordStats.GetRecordCount;TlsRecordStats.GetSniFoundCount;TlsRecordStats.GetTotalBytes;TlsRecordStats.SetFragmentsCount;TlsRecordStats.SetLastRecordTime;TlsRecordStats.SetLastSniSeen;TlsRecordStats.SetRecordCount;TlsRecordStats.SetSniFoundCount;TlsRecordStats.SetTotalBytes;TlsRecordStats.WithFragmentsCount;TlsRecordStats.WithLastRecordTime;TlsRecordStats.WithLastSniSeen;TlsRecordStats.WithRecordCount;TlsRecordStats.WithSniFoundCount;TlsRecordStats.WithTotalBytes,promotion to governed lab,one-to-one,reference-only,"The source carries distinct dormant implementation value but has no live production consumer. Preserve it as an intentional, catalogued lab capability without granting runtime authority; later promotion must extract only target-native value behind a canonical owner.",daemon lab capability corpus,labs/daemon/proxy/sidecar_desync.go,The lab source remains byte-identical to its baseline object and traceable by SHA-256.,Live daemon internal packages must not import lab code directly or treat lab presence as production readiness.,n/a,labs/daemon/CAPABILITIES.csv,Path-only promotion from experiments to labs; no live runtime dependency or persisted state change.,Repository-native baseline source; no new external donor bytes introduced.,medium,n/a,high,statically-validated
HVC-LAB-W20-SIMPLE-OBFS-DA5A0758,n/a,HVC-LAB-20-wave20-simple-obfs,luminet-baseline-d73453f,daemon-labs,simple obfs lab capability,standalone source unit,executable-behaviour/reference implementation,standalone,server/internal/proxy/simple_obfs.go,da5a0758fe87f5750040227f93ef4455997130c5f98daaf7b239c0e1f4940446,NewSimpleObfs;SimpleObfs;SimpleObfs.Obfuscate,promotion to governed lab,one-to-one,reference-only,"The source carries distinct dormant implementation value but has no live production consumer. Preserve it as an intentional, catalogued lab capability without granting runtime authority; later promotion must extract only target-native value behind a canonical owner.",daemon lab capability corpus,labs/daemon/proxy/simple_obfs.go,The lab source remains byte-identical to its baseline object and traceable by SHA-256.,Live daemon internal packages must not import lab code directly or treat lab presence as production readiness.,n/a,labs/daemon/CAPABILITIES.csv,Path-only promotion from experiments to labs; no live runtime dependency or persisted state change.,Repository-native baseline source; no new external donor bytes introduced.,medium,n/a,high,statically-validated
HVC-LAB-W20-SING-CLOUDFLARED-DFD4A992,n/a,HVC-LAB-20-wave20-sing-cloudflared,luminet-baseline-d73453f,daemon-labs,sing cloudflared lab capability,standalone source unit,executable-behaviour/reference implementation,standalone,server/internal/proxy/sing_cloudflared.go,dfd4a992db70e945c311099453b2cae3b94c02e46a507c374db122ddd5110f38,NewSingCloudflared;SingCloudflared;SingCloudflared.Route,promotion to governed lab,one-to-one,reference-only,"The source carries distinct dormant implementation value but has no live production consumer. Preserve it as an intentional, catalogued lab capability without granting runtime authority; later promotion must extract only target-native value behind a canonical owner.",daemon lab capability corpus,labs/daemon/proxy/sing_cloudflared.go,The lab source remains byte-identical to its baseline object and traceable by SHA-256.,Live daemon internal packages must not import lab code directly or treat lab presence as production readiness.,n/a,labs/daemon/CAPABILITIES.csv,Path-only promotion from experiments to labs; no live runtime dependency or persisted state change.,Repository-native baseline source; no new external donor bytes introduced.,medium,n/a,high,statically-validated
HVC-LAB-W20-SING-MUX-E785A001,n/a,HVC-LAB-20-wave20-sing-mux,luminet-baseline-d73453f,daemon-labs,sing mux lab capability,standalone source unit,executable-behaviour/reference implementation,standalone,server/internal/proxy/sing_mux.go,e785a001c19c741c3f5f747991d1f4692762faf96c9b012bcb8b2b441852dcb9,NewSingMux;SingMux;SingMux.Mux,promotion to governed lab,one-to-one,reference-only,"The source carries distinct dormant implementation value but has no live production consumer. Preserve it as an intentional, catalogued lab capability without granting runtime authority; later promotion must extract only target-native value behind a canonical owner.",daemon lab capability corpus,labs/daemon/proxy/sing_mux.go,The lab source remains byte-identical to its baseline object and traceable by SHA-256.,Live daemon internal packages must not import lab code directly or treat lab presence as production readiness.,n/a,labs/daemon/CAPABILITIES.csv,Path-only promotion from experiments to labs; no live runtime dependency or persisted state change.,Repository-native baseline source; no new external donor bytes introduced.,medium,n/a,high,statically-validated
HVC-LAB-W20-SING-QUIC-23B8E569,n/a,HVC-LAB-20-wave20-sing-quic,luminet-baseline-d73453f,daemon-labs,sing quic lab capability,standalone source unit,executable-behaviour/reference implementation,standalone,server/internal/proxy/sing_quic.go,23b8e5697933d999adffdba5be2caefbd2c1058d584c1eff32eb13fcbb981f1d,NewSingQUIC;SingQUIC;SingQUIC.Setup,promotion to governed lab,one-to-one,reference-only,"The source carries distinct dormant implementation value but has no live production consumer. Preserve it as an intentional, catalogued lab capability without granting runtime authority; later promotion must extract only target-native value behind a canonical owner.",daemon lab capability corpus,labs/daemon/proxy/sing_quic.go,The lab source remains byte-identical to its baseline object and traceable by SHA-256.,Live daemon internal packages must not import lab code directly or treat lab presence as production readiness.,n/a,labs/daemon/CAPABILITIES.csv,Path-only promotion from experiments to labs; no live runtime dependency or persisted state change.,Repository-native baseline source; no new external donor bytes introduced.,medium,n/a,high,statically-validated
HVC-LAB-W20-SING-VMESS-COMPAT-08F27C8F,n/a,HVC-LAB-20-wave20-sing-vmess-compat,luminet-baseline-d73453f,daemon-labs,sing vmess compat lab capability,standalone source unit,executable-behaviour/reference implementation,standalone,server/internal/proxy/sing_vmess_compat.go,08f27c8ff03afc09570f05a33e861d6d373942dc42c0c34db9f923995df7ad31,NewSingVMessCompat;SingVMessCompat;SingVMessCompat.Adapt,promotion to governed lab,one-to-one,reference-only,"The source carries distinct dormant implementation value but has no live production consumer. Preserve it as an intentional, catalogued lab capability without granting runtime authority; later promotion must extract only target-native value behind a canonical owner.",daemon lab capability corpus,labs/daemon/proxy/sing_vmess_compat.go,The lab source remains byte-identical to its baseline object and traceable by SHA-256.,Live daemon internal packages must not import lab code directly or treat lab presence as production readiness.,n/a,labs/daemon/CAPABILITIES.csv,Path-only promotion from experiments to labs; no live runtime dependency or persisted state change.,Repository-native baseline source; no new external donor bytes introduced.,medium,n/a,high,statically-validated
HVC-LAB-W20-SINGBOX-CORE-A7C346FD,n/a,HVC-LAB-20-wave20-singbox-core,luminet-baseline-d73453f,daemon-labs,singbox core lab capability,standalone source unit,executable-behaviour/reference implementation,standalone,server/internal/proxy/singbox_core.go,a7c346fdf421023dc2c44ee3124459ed627bd7e199a61ec2aaffc9fd37cff2d5,NewSingboxCore;SingboxCore;SingboxCore.Dial,promotion to governed lab,one-to-one,reference-only,"The source carries distinct dormant implementation value but has no live production consumer. Preserve it as an intentional, catalogued lab capability without granting runtime authority; later promotion must extract only target-native value behind a canonical owner.",daemon lab capability corpus,labs/daemon/proxy/singbox_core.go,The lab source remains byte-identical to its baseline object and traceable by SHA-256.,Live daemon internal packages must not import lab code directly or treat lab presence as production readiness.,n/a,labs/daemon/CAPABILITIES.csv,Path-only promotion from experiments to labs; no live runtime dependency or persisted state change.,Repository-native baseline source; no new external donor bytes introduced.,medium,n/a,high,statically-validated
HVC-LAB-W20-SINGBOX-TUN-3CCD4CC7,n/a,HVC-LAB-20-wave20-singbox-tun,luminet-baseline-d73453f,daemon-labs,singbox tun lab capability,standalone source unit,executable-behaviour/reference implementation,standalone,server/internal/proxy/singbox_tun.go,3ccd4cc7e4720011d3e6067cdd1ac641d7954713be1b17ddd9c570f1f6de9d3f,NewSingboxTun;SingboxTun;SingboxTun.Setup,promotion to governed lab,one-to-one,reference-only,"The source carries distinct dormant implementation value but has no live production consumer. Preserve it as an intentional, catalogued lab capability without granting runtime authority; later promotion must extract only target-native value behind a canonical owner.",daemon lab capability corpus,labs/daemon/proxy/singbox_tun.go,The lab source remains byte-identical to its baseline object and traceable by SHA-256.,Live daemon internal packages must not import lab code directly or treat lab presence as production readiness.,n/a,labs/daemon/CAPABILITIES.csv,Path-only promotion from experiments to labs; no live runtime dependency or persisted state change.,Repository-native baseline source; no new external donor bytes introduced.,medium,n/a,high,statically-validated
HVC-LAB-W20-SMUX-POOL-D8C9A965,n/a,HVC-LAB-20-wave20-smux-pool,luminet-baseline-d73453f,daemon-labs,smux pool lab capability,standalone source unit,executable-behaviour/reference implementation,standalone,server/internal/proxy/smux_pool.go,d8c9a96504bafa9da756896a633c47a14ba0b1585412814049c130e8c8bd1819,NewSMUXPool;SMUXPool;SMUXPool.GetOrDial;SMUXSession,promotion to governed lab,one-to-one,reference-only,"The source carries distinct dormant implementation value but has no live production consumer. Preserve it as an intentional, catalogued lab capability without granting runtime authority; later promotion must extract only target-native value behind a canonical owner.",daemon lab capability corpus,labs/daemon/proxy/smux_pool.go,The lab source remains byte-identical to its baseline object and traceable by SHA-256.,Live daemon internal packages must not import lab code directly or treat lab presence as production readiness.,n/a,labs/daemon/CAPABILITIES.csv,Path-only promotion from experiments to labs; no live runtime dependency or persisted state change.,Repository-native baseline source; no new external donor bytes introduced.,medium,n/a,high,statically-validated
HVC-LAB-W20-SNELL-MANAGER-60912151,n/a,HVC-LAB-20-wave20-snell-manager,luminet-baseline-d73453f,daemon-labs,snell manager lab capability,standalone source unit,executable-behaviour/reference implementation,standalone,server/internal/proxy/snell_manager.go,60912151a17149ba7438e60e758c00b987d04188f8c0693d7077450f81ec1a64,NewSnellManager;SnellManager;SnellManager.HandleCreateNode;SnellManager.HandleGetNodes;SnellManager.InitSchema,promotion to governed lab,one-to-one,reference-only,"The source carries distinct dormant implementation value but has no live production consumer. Preserve it as an intentional, catalogued lab capability without granting runtime authority; later promotion must extract only target-native value behind a canonical owner.",daemon lab capability corpus,labs/daemon/proxy/snell_manager.go,The lab source remains byte-identical to its baseline object and traceable by SHA-256.,Live daemon internal packages must not import lab code directly or treat lab presence as production readiness.,n/a,labs/daemon/CAPABILITIES.csv,Path-only promotion from experiments to labs; no live runtime dependency or persisted state change.,Repository-native baseline source; no new external donor bytes introduced.,medium,n/a,high,statically-validated
HVC-LAB-W20-SNI-INJECTOR-01CDF9F6,n/a,HVC-LAB-20-wave20-sni-injector,luminet-baseline-d73453f,daemon-labs,sni injector lab capability,standalone source unit,executable-behaviour/reference implementation,standalone,server/internal/proxy/sni_injector.go,01cdf9f67cb203d57f1a8d1c17a53327bd17840e801c4a6df47ab458ef9db448,NewSNIInjector;SNIInjector;SNIInjector.Inject,promotion to governed lab,one-to-one,reference-only,"The source carries distinct dormant implementation value but has no live production consumer. Preserve it as an intentional, catalogued lab capability without granting runtime authority; later promotion must extract only target-native value behind a canonical owner.",daemon lab capability corpus,labs/daemon/proxy/sni_injector.go,The lab source remains byte-identical to its baseline object and traceable by SHA-256.,Live daemon internal packages must not import lab code directly or treat lab presence as production readiness.,n/a,labs/daemon/CAPABILITIES.csv,Path-only promotion from experiments to labs; no live runtime dependency or persisted state change.,Repository-native baseline source; no new external donor bytes introduced.,medium,n/a,high,statically-validated
HVC-LAB-W20-SNI-INJECTOR-RUST-6D744D60,n/a,HVC-LAB-20-wave20-sni-injector-rust,luminet-baseline-d73453f,daemon-labs,sni injector rust lab capability,standalone source unit,executable-behaviour/reference implementation,standalone,server/internal/proxy/sni_injector_rust.go,6d744d600ac2e1d4972827f5665fc93813e42ef2abe8536e76bb25ff519a9361,NewSNIInjectorRust;SNIInjectorRust;SNIInjectorRust.Inject,promotion to governed lab,one-to-one,reference-only,"The source carries distinct dormant implementation value but has no live production consumer. Preserve it as an intentional, catalogued lab capability without granting runtime authority; later promotion must extract only target-native value behind a canonical owner.",daemon lab capability corpus,labs/daemon/proxy/sni_injector_rust.go,The lab source remains byte-identical to its baseline object and traceable by SHA-256.,Live daemon internal packages must not import lab code directly or treat lab presence as production readiness.,n/a,labs/daemon/CAPABILITIES.csv,Path-only promotion from experiments to labs; no live runtime dependency or persisted state change.,Repository-native baseline source; no new external donor bytes introduced.,medium,n/a,high,statically-validated
HVC-LAB-W20-SNI-PROXY-89BDD512,n/a,HVC-LAB-20-wave20-sni-proxy,luminet-baseline-d73453f,daemon-labs,sni proxy lab capability,standalone source unit,executable-behaviour/reference implementation,standalone,server/internal/proxy/sni_proxy.go,89bdd512fbd7755a8accbd60224c3945ca8f434a5db9bb64d870817b21cba190,NewSNIProxyServer;ParseSNIFromClientHello;SNIProxyServer;SNIProxyServer.Start;SNIProxyServer.Stop,promotion to governed lab,one-to-one,reference-only,"The source carries distinct dormant implementation value but has no live production consumer. Preserve it as an intentional, catalogued lab capability without granting runtime authority; later promotion must extract only target-native value behind a canonical owner.",daemon lab capability corpus,labs/daemon/proxy/sni_proxy.go,The lab source remains byte-identical to its baseline object and traceable by SHA-256.,Live daemon internal packages must not import lab code directly or treat lab presence as production readiness.,n/a,labs/daemon/CAPABILITIES.csv,Path-only promotion from experiments to labs; no live runtime dependency or persisted state change.,Repository-native baseline source; no new external donor bytes introduced.,medium,n/a,high,statically-validated
HVC-LAB-W20-SOCKS5-ISOLATION-E2A116DB,n/a,HVC-LAB-20-wave20-socks5-isolation,luminet-baseline-d73453f,daemon-labs,socks5 isolation lab capability,standalone source unit,executable-behaviour/reference implementation,standalone,server/internal/proxy/socks5_isolation.go,e2a116dba47205b22355f97d938d36c770ca1935df1ccacc1d644a488db74e71,IsolationConfig;IsolationResult;ParallelMultiCircuitDownload,promotion to governed lab,one-to-one,reference-only,"The source carries distinct dormant implementation value but has no live production consumer. Preserve it as an intentional, catalogued lab capability without granting runtime authority; later promotion must extract only target-native value behind a canonical owner.",daemon lab capability corpus,labs/daemon/proxy/socks5_isolation.go,The lab source remains byte-identical to its baseline object and traceable by SHA-256.,Live daemon internal packages must not import lab code directly or treat lab presence as production readiness.,n/a,labs/daemon/CAPABILITIES.csv,Path-only promotion from experiments to labs; no live runtime dependency or persisted state change.,Repository-native baseline source; no new external donor bytes introduced.,medium,n/a,high,statically-validated
HVC-LAB-W20-SRSC-REDIRECTOR-ECE532A2,n/a,HVC-LAB-20-wave20-srsc-redirector,luminet-baseline-d73453f,daemon-labs,srsc redirector lab capability,standalone source unit,executable-behaviour/reference implementation,standalone,server/internal/proxy/srsc_redirector.go,ece532a21785930834eb827eae7106fc157f256f1b5652d5a159ad1ad946fb12,NewSRSCRedirector;SRSCRedirector;SRSCRedirector.Redirect,promotion to governed lab,one-to-one,reference-only,"The source carries distinct dormant implementation value but has no live production consumer. Preserve it as an intentional, catalogued lab capability without granting runtime authority; later promotion must extract only target-native value behind a canonical owner.",daemon lab capability corpus,labs/daemon/proxy/srsc_redirector.go,The lab source remains byte-identical to its baseline object and traceable by SHA-256.,Live daemon internal packages must not import lab code directly or treat lab presence as production readiness.,n/a,labs/daemon/CAPABILITIES.csv,Path-only promotion from experiments to labs; no live runtime dependency or persisted state change.,Repository-native baseline source; no new external donor bytes introduced.,medium,n/a,high,statically-validated
HVC-LAB-W20-STREAM-SCHEDULER-DD52665A,n/a,HVC-LAB-20-wave20-stream-scheduler,luminet-baseline-d73453f,daemon-labs,stream scheduler lab capability,standalone source unit,executable-behaviour/reference implementation,standalone,server/internal/proxy/stream_scheduler.go,dd52665aff868a973f49bf8e7d4841ea04fc1820382e26315920c876b25cf720,NewStreamScheduler;ScheduledWriteRequest;StreamScheduler;StreamScheduler.Len;StreamScheduler.Pop;StreamScheduler.Push;writeRequestHeap.Len;writeRequestHeap.Less;writeRequestHeap.Pop;writeRequestHeap.Push;writeRequestHeap.Swap,promotion to governed lab,one-to-one,reference-only,"The source carries distinct dormant implementation value but has no live production consumer. Preserve it as an intentional, catalogued lab capability without granting runtime authority; later promotion must extract only target-native value behind a canonical owner.",daemon lab capability corpus,labs/daemon/proxy/stream_scheduler.go,The lab source remains byte-identical to its baseline object and traceable by SHA-256.,Live daemon internal packages must not import lab code directly or treat lab presence as production readiness.,labs/daemon/proxy/stream_scheduler_test.go,labs/daemon/CAPABILITIES.csv,Path-only promotion from experiments to labs; no live runtime dependency or persisted state change.,Repository-native baseline source; no new external donor bytes introduced.,medium,n/a,high,statically-validated
HVC-LAB-W20-SYP-MULTIPLEXER-DF4FF6C0,n/a,HVC-LAB-20-wave20-syp-multiplexer,luminet-baseline-d73453f,daemon-labs,syp multiplexer lab capability,standalone source unit,executable-behaviour/reference implementation,standalone,server/internal/proxy/syp_multiplexer.go,df4ff6c03b77272b5f7286a5a94a510eac83002eb60a4531280ea4411777bf4c,NewSYPMultiplexer;SYPMultiplexer;SYPMultiplexer.Multiplex,promotion to governed lab,one-to-one,reference-only,"The source carries distinct dormant implementation value but has no live production consumer. Preserve it as an intentional, catalogued lab capability without granting runtime authority; later promotion must extract only target-native value behind a canonical owner.",daemon lab capability corpus,labs/daemon/proxy/syp_multiplexer.go,The lab source remains byte-identical to its baseline object and traceable by SHA-256.,Live daemon internal packages must not import lab code directly or treat lab presence as production readiness.,n/a,labs/daemon/CAPABILITIES.csv,Path-only promotion from experiments to labs; no live runtime dependency or persisted state change.,Repository-native baseline source; no new external donor bytes introduced.,medium,n/a,high,statically-validated
HVC-LAB-W20-TCP-BRUTAL-1F232703,n/a,HVC-LAB-20-wave20-tcp-brutal,luminet-baseline-d73453f,daemon-labs,tcp brutal lab capability,standalone source unit,executable-behaviour/reference implementation,standalone,server/internal/proxy/tcp_brutal.go,1f23270341e3c389f196117f6dd5e62968c4e2d34cdcf7ec7c1ba57ec6b2b9fa,NewTCPBrutal;TCPBrutal;TCPBrutal.ApplySocketOptions,promotion to governed lab,one-to-one,reference-only,"The source carries distinct dormant implementation value but has no live production consumer. Preserve it as an intentional, catalogued lab capability without granting runtime authority; later promotion must extract only target-native value behind a canonical owner.",daemon lab capability corpus,labs/daemon/proxy/tcp_brutal.go,The lab source remains byte-identical to its baseline object and traceable by SHA-256.,Live daemon internal packages must not import lab code directly or treat lab presence as production readiness.,n/a,labs/daemon/CAPABILITIES.csv,Path-only promotion from experiments to labs; no live runtime dependency or persisted state change.,Repository-native baseline source; no new external donor bytes introduced.,medium,n/a,high,statically-validated
HVC-LAB-W20-TCP-RELAY-4EA18416,n/a,HVC-LAB-20-wave20-tcp-relay,luminet-baseline-d73453f,daemon-labs,tcp relay lab capability,standalone source unit,executable-behaviour/reference implementation,standalone,server/internal/proxy/tcp_relay.go,4ea184165b26aa5749e28067320c5fe759fa56b4833525e94fc6e22c0138f7dd,NewTCPRelay;TCPRelay;TCPRelay.Relay,promotion to governed lab,one-to-one,reference-only,"The source carries distinct dormant implementation value but has no live production consumer. Preserve it as an intentional, catalogued lab capability without granting runtime authority; later promotion must extract only target-native value behind a canonical owner.",daemon lab capability corpus,labs/daemon/proxy/tcp_relay.go,The lab source remains byte-identical to its baseline object and traceable by SHA-256.,Live daemon internal packages must not import lab code directly or treat lab presence as production readiness.,n/a,labs/daemon/CAPABILITIES.csv,Path-only promotion from experiments to labs; no live runtime dependency or persisted state change.,Repository-native baseline source; no new external donor bytes introduced.,medium,n/a,high,statically-validated
HVC-LAB-W20-TELEGRAM-BOT-563D2F62,n/a,HVC-LAB-20-wave20-telegram-bot,luminet-baseline-d73453f,daemon-labs,telegram bot lab capability,standalone source unit,executable-behaviour/reference implementation,standalone,server/internal/proxy/telegram_bot.go,563d2f624885dbd9d35f4f905fe24bcd862bf018732f9bd282f47e29ce83fc14,NewTelegramBotClient;TelegramBotClient;TelegramBotClient.HandleWebhookUpdate;TelegramBotClient.SendAlert;WebhookUpdate,promotion to governed lab,one-to-one,reference-only,"The source carries distinct dormant implementation value but has no live production consumer. Preserve it as an intentional, catalogued lab capability without granting runtime authority; later promotion must extract only target-native value behind a canonical owner.",daemon lab capability corpus,labs/daemon/proxy/telegram_bot.go,The lab source remains byte-identical to its baseline object and traceable by SHA-256.,Live daemon internal packages must not import lab code directly or treat lab presence as production readiness.,n/a,labs/daemon/CAPABILITIES.csv,Path-only promotion from experiments to labs; no live runtime dependency or persisted state change.,Repository-native baseline source; no new external donor bytes introduced.,medium,n/a,high,statically-validated
HVC-LAB-W20-TINYDNS-17BC2E8A,n/a,HVC-LAB-20-wave20-tinydns,luminet-baseline-d73453f,daemon-labs,tinydns lab capability,standalone source unit,executable-behaviour/reference implementation,standalone,server/internal/proxy/tinydns.go,17bc2e8a1d3db73a9efd330b6b0e6c38c7a06d15e5d2f776c9b88a2b3370f011,NewOfflineDNSCache;OfflineDNSCache;OfflineDNSCache.Lookup;OfflineDNSCache.Set,promotion to governed lab,one-to-one,reference-only,"The source carries distinct dormant implementation value but has no live production consumer. Preserve it as an intentional, catalogued lab capability without granting runtime authority; later promotion must extract only target-native value behind a canonical owner.",daemon lab capability corpus,labs/daemon/proxy/tinydns.go,The lab source remains byte-identical to its baseline object and traceable by SHA-256.,Live daemon internal packages must not import lab code directly or treat lab presence as production readiness.,n/a,labs/daemon/CAPABILITIES.csv,Path-only promotion from experiments to labs; no live runtime dependency or persisted state change.,Repository-native baseline source; no new external donor bytes introduced.,medium,n/a,high,statically-validated
HVC-LAB-W20-TLS-FRAGMENT-TUNNEL-1229B6B4,n/a,HVC-LAB-20-wave20-tls-fragment-tunnel,luminet-baseline-d73453f,daemon-labs,tls fragment tunnel lab capability,standalone source unit,executable-behaviour/reference implementation,standalone,server/internal/proxy/tls_fragment_tunnel.go,1229b6b4b0eb14778acb4cbba598baa7650e3498555060059d50ef08b84f95f6,GreenTunnel;GreenTunnel.BypassDPI;GreenTunnel.FragmentAndWrite;NewGreenTunnel,promotion to governed lab,one-to-one,reference-only,"The source carries distinct dormant implementation value but has no live production consumer. Preserve it as an intentional, catalogued lab capability without granting runtime authority; later promotion must extract only target-native value behind a canonical owner.",daemon lab capability corpus,labs/daemon/proxy/tls_fragment_tunnel.go,The lab source remains byte-identical to its baseline object and traceable by SHA-256.,Live daemon internal packages must not import lab code directly or treat lab presence as production readiness.,n/a,labs/daemon/CAPABILITIES.csv,Path-only promotion from experiments to labs; no live runtime dependency or persisted state change.,Repository-native baseline source; no new external donor bytes introduced.,medium,n/a,high,statically-validated
HVC-LAB-W20-TOR-CLIENT-3C851332,n/a,HVC-LAB-20-wave20-tor-client,luminet-baseline-d73453f,daemon-labs,tor client lab capability,standalone source unit,executable-behaviour/reference implementation,standalone,server/internal/proxy/tor_client.go,3c8513322a7da9fc607bbe4e041bc5d73b25211853e23233d3a8bb98114d8374,NewTorController;TorController;TorController.Close;TorController.Connect;TorController.GetBootstrapProgress;TorController.SignalNewNym,promotion to governed lab,one-to-one,reference-only,"The source carries distinct dormant implementation value but has no live production consumer. Preserve it as an intentional, catalogued lab capability without granting runtime authority; later promotion must extract only target-native value behind a canonical owner.",daemon lab capability corpus,labs/daemon/proxy/tor_client.go,The lab source remains byte-identical to its baseline object and traceable by SHA-256.,Live daemon internal packages must not import lab code directly or treat lab presence as production readiness.,n/a,labs/daemon/CAPABILITIES.csv,Path-only promotion from experiments to labs; no live runtime dependency or persisted state change.,Repository-native baseline source; no new external donor bytes introduced.,medium,n/a,high,statically-validated
HVC-LAB-W20-TRIPLE-PROXY-UI-MANAGER-03F4691E,n/a,HVC-LAB-20-wave20-triple-proxy-ui-manager,luminet-baseline-d73453f,daemon-labs,triple proxy ui manager lab capability,standalone source unit,executable-behaviour/reference implementation,standalone,server/internal/proxy/triple_proxy_ui_manager.go,03f4691eed2c5b04863e468a0b0bce52e7a0f0faa6f5a4be34d135022a8f9d2a,AmneziaWGConfig;AxUIOrchestrator;AxUIOrchestrator.ConfigureAmneziaWG;AxUIOrchestrator.StartMTProtoFakeTLS;NewAxUIOrchestrator,promotion to governed lab,one-to-one,reference-only,"The source carries distinct dormant implementation value but has no live production consumer. Preserve it as an intentional, catalogued lab capability without granting runtime authority; later promotion must extract only target-native value behind a canonical owner.",daemon lab capability corpus,labs/daemon/proxy/triple_proxy_ui_manager.go,The lab source remains byte-identical to its baseline object and traceable by SHA-256.,Live daemon internal packages must not import lab code directly or treat lab presence as production readiness.,n/a,labs/daemon/CAPABILITIES.csv,Path-only promotion from experiments to labs; no live runtime dependency or persisted state change.,Repository-native baseline source; no new external donor bytes introduced.,medium,n/a,high,statically-validated
HVC-LAB-W20-TROJAN-PANEL-CONTROLLER-1D6C619F,n/a,HVC-LAB-20-wave20-trojan-panel-controller,luminet-baseline-d73453f,daemon-labs,trojan panel controller lab capability,standalone source unit,executable-behaviour/reference implementation,standalone,server/internal/proxy/trojan_panel_controller.go,1d6c619f22bcb9359face4e5df3c8515c79d1f714de0a934682327ad66033ad8,NahanPanel;NahanPanel.GetAPIRoute;NahanPanel.GetAgent;NahanPanel.GetAutoUpdate;NahanPanel.GetAutoUpdateFmt;NahanPanel.GetBackupRelay;NahanPanel.GetCFAccountID;NahanPanel.GetCFApiToken;NahanPanel.GetCFWorkerName;NahanPanel.GetCascade;NahanPanel.GetCleanIPs;NahanPanel.GetCustomDNS;NahanPanel.GetCustomPanelURL;NahanPanel.GetCustomRelay;NahanPanel.GetDefaultConfig;NahanPanel.GetDeviceID;NahanPanel.GetEnableDirect;NahanPanel.GetEnableOpt1;NahanPanel.GetEnableOpt2;NahanPanel.GetExpiryMs;NahanPanel.GetGithubRepo;NahanPanel.GetHubPanelURL;NahanPanel.GetIsPaused;NahanPanel.GetLimitTotalReq;NahanPanel.GetMaintenanceHost;NahanPanel.GetMasterKey;NahanPanel.GetMetricNode;NahanPanel.GetMode;NahanPanel.GetName;NahanPanel.GetNamePrefix;NahanPanel.GetNameStrategy;NahanPanel.GetNat64Prefix;NahanPanel.GetResolveIP;NahanPanel.GetSilentAlerts;NahanPanel.GetSlaveNodes;NahanPanel.GetSocketPorts;NahanPanel.GetSubUserAgent;NahanPanel.GetSyncAPIKey;NahanPanel.GetTGAdminID;NahanPanel.GetTGBotLang;NahanPanel.GetTGChatID;NahanPanel.GetTGToken;NahanPanel.SetAPIRoute;NahanPanel.SetAgent;NahanPanel.SetAutoUpdate;NahanPanel.SetAutoUpdateFmt;NahanPanel.SetBackupRelay;NahanPanel.SetCFAccountID;NahanPanel.SetCFApiToken;NahanPanel.SetCFWorkerName;NahanPanel.SetCascade;NahanPanel.SetCleanIPs;NahanPanel.SetCustomDNS;NahanPanel.SetCustomPanelURL;NahanPanel.SetCustomRelay;NahanPanel.SetDeviceID;NahanPanel.SetEnableDirect;NahanPanel.SetEnableOpt1;NahanPanel.SetEnableOpt2;NahanPanel.SetExpiryMs;NahanPanel.SetGithubRepo;NahanPanel.SetHubPanelURL;NahanPanel.SetIsPaused;NahanPanel.SetLimitTotalReq;NahanPanel.SetMaintenanceHost;NahanPanel.SetMasterKey;NahanPanel.SetMetricNode;NahanPanel.SetMode;NahanPanel.SetName;NahanPanel.SetNamePrefix;NahanPanel.SetNameStrategy;NahanPanel.SetNat64Prefix;NahanPanel.SetResolveIP;NahanPanel.SetSilentAlerts;NahanPanel.SetSlaveNodes;NahanPanel.SetSocketPorts;NahanPanel.SetSubUserAgent;NahanPanel.SetSyncAPIKey;NahanPanel.SetTGAdminID;NahanPanel.SetTGBotLang;NahanPanel.SetTGChatID;NahanPanel.SetTGToken;NahanPanel.SubNodeRouting;NahanSystemConfig;NewNahanPanel,promotion to governed lab,one-to-one,reference-only,"The source carries distinct dormant implementation value but has no live production consumer. Preserve it as an intentional, catalogued lab capability without granting runtime authority; later promotion must extract only target-native value behind a canonical owner.",daemon lab capability corpus,labs/daemon/proxy/trojan_panel_controller.go,The lab source remains byte-identical to its baseline object and traceable by SHA-256.,Live daemon internal packages must not import lab code directly or treat lab presence as production readiness.,n/a,labs/daemon/CAPABILITIES.csv,Path-only promotion from experiments to labs; no live runtime dependency or persisted state change.,Repository-native baseline source; no new external donor bytes introduced.,medium,n/a,high,statically-validated
HVC-LAB-W20-TUIC-TRANSPORT-269226F4,n/a,HVC-LAB-20-wave20-tuic-transport,luminet-baseline-d73453f,daemon-labs,tuic transport lab capability,standalone source unit,executable-behaviour/reference implementation,standalone,server/internal/proxy/tuic_transport.go,269226f46b6da5e6429ba49c8d25f02cdb8947589060280ec8ba17dead6fcd3b,NewTUICTransport;TUICTransport;TUICTransport.Transport,promotion to governed lab,one-to-one,reference-only,"The source carries distinct dormant implementation value but has no live production consumer. Preserve it as an intentional, catalogued lab capability without granting runtime authority; later promotion must extract only target-native value behind a canonical owner.",daemon lab capability corpus,labs/daemon/proxy/tuic_transport.go,The lab source remains byte-identical to its baseline object and traceable by SHA-256.,Live daemon internal packages must not import lab code directly or treat lab presence as production readiness.,n/a,labs/daemon/CAPABILITIES.csv,Path-only promotion from experiments to labs; no live runtime dependency or persisted state change.,Repository-native baseline source; no new external donor bytes introduced.,medium,n/a,high,statically-validated
HVC-LAB-W20-TUN2SOCKS-HEV-ADAPTER-D554227F,n/a,HVC-LAB-20-wave20-tun2socks-hev-adapter,luminet-baseline-d73453f,daemon-labs,tun2socks hev adapter lab capability,standalone source unit,executable-behaviour/reference implementation,standalone,server/internal/proxy/tun2socks_hev_adapter.go,d554227feb70773a60b1c04b00bed28f7ae46efb62f2e55bdb00716aeeb90e44,HevSocksTunnel;HevSocksTunnel.StartTunnel;NewHevSocksTunnel,promotion to governed lab,one-to-one,reference-only,"The source carries distinct dormant implementation value but has no live production consumer. Preserve it as an intentional, catalogued lab capability without granting runtime authority; later promotion must extract only target-native value behind a canonical owner.",daemon lab capability corpus,labs/daemon/proxy/tun2socks_hev_adapter.go,The lab source remains byte-identical to its baseline object and traceable by SHA-256.,Live daemon internal packages must not import lab code directly or treat lab presence as production readiness.,n/a,labs/daemon/CAPABILITIES.csv,Path-only promotion from experiments to labs; no live runtime dependency or persisted state change.,Repository-native baseline source; no new external donor bytes introduced.,medium,n/a,high,statically-validated
HVC-LAB-W20-TUNL-RELAY-3B0A40A1,n/a,HVC-LAB-20-wave20-tunl-relay,luminet-baseline-d73453f,daemon-labs,tunl relay lab capability,standalone source unit,executable-behaviour/reference implementation,standalone,server/internal/proxy/tunl_relay.go,3b0a40a1fa7b2940c4d73ac95a3992a2c030a23f38b84959c2cbad5ae3ac9fa3,HandleTCPRelay;HandleUDPRelay;Header;Network;Network.String;NetworkTCP;NetworkUDP;ParseV1Header;ReadHeader;RelayConnection;Version;VersionV2,promotion to governed lab,one-to-one,reference-only,"The source carries distinct dormant implementation value but has no live production consumer. Preserve it as an intentional, catalogued lab capability without granting runtime authority; later promotion must extract only target-native value behind a canonical owner.",daemon lab capability corpus,labs/daemon/proxy/tunl_relay.go,The lab source remains byte-identical to its baseline object and traceable by SHA-256.,Live daemon internal packages must not import lab code directly or treat lab presence as production readiness.,labs/daemon/proxy/tunl_relay_test.go,labs/daemon/CAPABILITIES.csv,Path-only promotion from experiments to labs; no live runtime dependency or persisted state change.,Repository-native baseline source; no new external donor bytes introduced.,medium,n/a,high,statically-validated
HVC-LAB-W20-UDP-TABLE-2872A601,n/a,HVC-LAB-20-wave20-udp-table,luminet-baseline-d73453f,daemon-labs,udp table lab capability,standalone source unit,executable-behaviour/reference implementation,standalone,server/internal/proxy/udp_table.go,2872a6010cd41f219db07704dfd50cfe988f347adbde1d1b425b259268cbcacf,NewUDPTable;UDPAssoc;UDPAssocKey;UDPAssocKey.String;UDPShard;UDPTable;UDPTable.Count;UDPTable.Delete;UDPTable.Put;UDPTable.Reap;UDPTable.StartReaper;UDPTable.Touch;UDPTableMetrics,promotion to governed lab,one-to-one,reference-only,"The source carries distinct dormant implementation value but has no live production consumer. Preserve it as an intentional, catalogued lab capability without granting runtime authority; later promotion must extract only target-native value behind a canonical owner.",daemon lab capability corpus,labs/daemon/proxy/udp_table.go,The lab source remains byte-identical to its baseline object and traceable by SHA-256.,Live daemon internal packages must not import lab code directly or treat lab presence as production readiness.,n/a,labs/daemon/CAPABILITIES.csv,Path-only promotion from experiments to labs; no live runtime dependency or persisted state change.,Repository-native baseline source; no new external donor bytes introduced.,medium,n/a,high,statically-validated
HVC-LAB-W20-UPSTREAM-TEST-SUITES-12E06456,n/a,HVC-LAB-20-wave20-upstream-test-suites,luminet-baseline-d73453f,daemon-labs,upstream test suites lab capability,standalone source unit,executable-behaviour/reference implementation,standalone,server/internal/proxy/upstream_test_suites.go,12e06456029f185fdafeb1846458ea40e44ccaae87367a8c4f55d42feb58d9f1,AcmePreflightHarness;AcmePreflightHarness.GetP1;AcmePreflightHarness.GetP10;AcmePreflightHarness.GetP11;AcmePreflightHarness.GetP12;AcmePreflightHarness.GetP13;AcmePreflightHarness.GetP14;AcmePreflightHarness.GetP15;AcmePreflightHarness.GetP16;AcmePreflightHarness.GetP17;AcmePreflightHarness.GetP18;AcmePreflightHarness.GetP19;AcmePreflightHarness.GetP2;AcmePreflightHarness.GetP20;AcmePreflightHarness.GetP21;AcmePreflightHarness.GetP22;AcmePreflightHarness.GetP23;AcmePreflightHarness.GetP24;AcmePreflightHarness.GetP25;AcmePreflightHarness.GetP3;AcmePreflightHarness.GetP4;AcmePreflightHarness.GetP5;AcmePreflightHarness.GetP6;AcmePreflightHarness.GetP7;AcmePreflightHarness.GetP8;AcmePreflightHarness.GetP9;AcmePreflightHarness.RunSuite;AcmePreflightHarness.SetP1;AcmePreflightHarness.SetP10;AcmePreflightHarness.SetP11;AcmePreflightHarness.SetP12;AcmePreflightHarness.SetP13;AcmePreflightHarness.SetP14;AcmePreflightHarness.SetP15;AcmePreflightHarness.SetP16;AcmePreflightHarness.SetP17;AcmePreflightHarness.SetP18;AcmePreflightHarness.SetP19;AcmePreflightHarness.SetP2;AcmePreflightHarness.SetP20;AcmePreflightHarness.SetP21;AcmePreflightHarness.SetP22;AcmePreflightHarness.SetP23;AcmePreflightHarness.SetP24;AcmePreflightHarness.SetP25;AcmePreflightHarness.SetP3;AcmePreflightHarness.SetP4;AcmePreflightHarness.SetP5;AcmePreflightHarness.SetP6;AcmePreflightHarness.SetP7;AcmePreflightHarness.SetP8;AcmePreflightHarness.SetP9;AcmePreflightHarness.VerifyAll;AdaptiveThrottleHarness;AdaptiveThrottleHarness.GetE1;AdaptiveThrottleHarness.GetE10;AdaptiveThrottleHarness.GetE11;AdaptiveThrottleHarness.GetE12;AdaptiveThrottleHarness.GetE13;AdaptiveThrottleHarness.GetE14;AdaptiveThrottleHarness.GetE15;AdaptiveThrottleHarness.GetE16;AdaptiveThrottleHarness.GetE17;AdaptiveThrottleHarness.GetE18;AdaptiveThrottleHarness.GetE19;AdaptiveThrottleHarness.GetE2;AdaptiveThrottleHarness.GetE20;AdaptiveThrottleHarness.GetE3;AdaptiveThrottleHarness.GetE4;AdaptiveThrottleHarness.GetE5;AdaptiveThrottleHarness.GetE6;AdaptiveThrottleHarness.GetE7;AdaptiveThrottleHarness.GetE8;AdaptiveThrottleHarness.GetE9;AdaptiveThrottleHarness.GetP1;AdaptiveThrottleHarness.GetP10;AdaptiveThrottleHarness.GetP11;AdaptiveThrottleHarness.GetP12;AdaptiveThrottleHarness.GetP13;AdaptiveThrottleHarness.GetP14;AdaptiveThrottleHarness.GetP15;AdaptiveThrottleHarness.GetP16;AdaptiveThrottleHarness.GetP17;AdaptiveThrottleHarness.GetP18;AdaptiveThrottleHarness.GetP19;AdaptiveThrottleHarness.GetP2;AdaptiveThrottleHarness.GetP20;AdaptiveThrottleHarness.GetP21;AdaptiveThrottleHarness.GetP22;AdaptiveThrottleHarness.GetP23;AdaptiveThrottleHarness.GetP24;AdaptiveThrottleHarness.GetP25;AdaptiveThrottleHarness.GetP3;AdaptiveThrottleHarness.GetP4;AdaptiveThrottleHarness.GetP5;AdaptiveThrottleHarness.GetP6;AdaptiveThrottleHarness.GetP7;AdaptiveThrottleHarness.GetP8;AdaptiveThrottleHarness.GetP9;AdaptiveThrottleHarness.RunSuite;AdaptiveThrottleHarness.SetE1;AdaptiveThrottleHarness.SetE10;AdaptiveThrottleHarness.SetE11;AdaptiveThrottleHarness.SetE12;AdaptiveThrottleHarness.SetE13;AdaptiveThrottleHarness.SetE14;AdaptiveThrottleHarness.SetE15;AdaptiveThrottleHarness.SetE16;AdaptiveThrottleHarness.SetE17;AdaptiveThrottleHarness.SetE18;AdaptiveThrottleHarness.SetE19;AdaptiveThrottleHarness.SetE2;AdaptiveThrottleHarness.SetE20;AdaptiveThrottleHarness.SetE3;AdaptiveThrottleHarness.SetE4;AdaptiveThrottleHarness.SetE5;AdaptiveThrottleHarness.SetE6;AdaptiveThrottleHarness.SetE7;AdaptiveThrottleHarness.SetE8;AdaptiveThrottleHarness.SetE9;AdaptiveThrottleHarness.SetP1;AdaptiveThrottleHarness.SetP10;AdaptiveThrottleHarness.SetP11;AdaptiveThrottleHarness.SetP12;AdaptiveThrottleHarness.SetP13;AdaptiveThrottleHarness.SetP14;AdaptiveThrottleHarness.SetP15;AdaptiveThrottleHarness.SetP16;AdaptiveThrottleHarness.SetP17;AdaptiveThrottleHarness.SetP18;AdaptiveThrottleHarness.SetP19;AdaptiveThrottleHarness.SetP2;AdaptiveThrottleHarness.SetP20;AdaptiveThrottleHarness.SetP21;AdaptiveThrottleHarness.SetP22;AdaptiveThrottleHarness.SetP23;AdaptiveThrottleHarness.SetP24;AdaptiveThrottleHarness.SetP25;AdaptiveThrottleHarness.SetP3;AdaptiveThrottleHarness.SetP4;AdaptiveThrottleHarness.SetP5;AdaptiveThrottleHarness.SetP6;AdaptiveThrottleHarness.SetP7;AdaptiveThrottleHarness.SetP8;AdaptiveThrottleHarness.SetP9;AdaptiveThrottleHarness.VerifyAll;BlackRockHarness;BlackRockHarness.GetP1;BlackRockHarness.GetP10;BlackRockHarness.GetP11;BlackRockHarness.GetP12;BlackRockHarness.GetP13;BlackRockHarness.GetP14;BlackRockHarness.GetP15;BlackRockHarness.GetP16;BlackRockHarness.GetP17;BlackRockHarness.GetP18;BlackRockHarness.GetP19;BlackRockHarness.GetP2;BlackRockHarness.GetP20;BlackRockHarness.GetP21;BlackRockHarness.GetP22;BlackRockHarness.GetP23;BlackRockHarness.GetP24;BlackRockHarness.GetP25;BlackRockHarness.GetP3;BlackRockHarness.GetP4;BlackRockHarness.GetP5;BlackRockHarness.GetP6;BlackRockHarness.GetP7;BlackRockHarness.GetP8;BlackRockHarness.GetP9;BlackRockHarness.RunSuite;BlackRockHarness.SetP1;BlackRockHarness.SetP10;BlackRockHarness.SetP11;BlackRockHarness.SetP12;BlackRockHarness.SetP13;BlackRockHarness.SetP14;BlackRockHarness.SetP15;BlackRockHarness.SetP16;BlackRockHarness.SetP17;BlackRockHarness.SetP18;BlackRockHarness.SetP19;BlackRockHarness.SetP2;BlackRockHarness.SetP20;BlackRockHarness.SetP21;BlackRockHarness.SetP22;BlackRockHarness.SetP23;BlackRockHarness.SetP24;BlackRockHarness.SetP25;BlackRockHarness.SetP3;BlackRockHarness.SetP4;BlackRockHarness.SetP5;BlackRockHarness.SetP6;BlackRockHarness.SetP7;BlackRockHarness.SetP8;BlackRockHarness.SetP9;BlackRockHarness.VerifyAll;CfBypassProxyHarness;CfBypassProxyHarness.GetP1;CfBypassProxyHarness.GetP10;CfBypassProxyHarness.GetP11;CfBypassProxyHarness.GetP12;CfBypassProxyHarness.GetP13;CfBypassProxyHarness.GetP14;CfBypassProxyHarness.GetP15;CfBypassProxyHarness.GetP16;CfBypassProxyHarness.GetP17;CfBypassProxyHarness.GetP18;CfBypassProxyHarness.GetP19;CfBypassProxyHarness.GetP2;CfBypassProxyHarness.GetP20;CfBypassProxyHarness.GetP21;CfBypassProxyHarness.GetP22;CfBypassProxyHarness.GetP23;CfBypassProxyHarness.GetP24;CfBypassProxyHarness.GetP25;CfBypassProxyHarness.GetP3;CfBypassProxyHarness.GetP4;CfBypassProxyHarness.GetP5;CfBypassProxyHarness.GetP6;CfBypassProxyHarness.GetP7;CfBypassProxyHarness.GetP8;CfBypassProxyHarness.GetP9;CfBypassProxyHarness.RunSuite;CfBypassProxyHarness.SetP1;CfBypassProxyHarness.SetP10;CfBypassProxyHarness.SetP11;CfBypassProxyHarness.SetP12;CfBypassProxyHarness.SetP13;CfBypassProxyHarness.SetP14;CfBypassProxyHarness.SetP15;CfBypassProxyHarness.SetP16;CfBypassProxyHarness.SetP17;CfBypassProxyHarness.SetP18;CfBypassProxyHarness.SetP19;CfBypassProxyHarness.SetP2;CfBypassProxyHarness.SetP20;CfBypassProxyHarness.SetP21;CfBypassProxyHarness.SetP22;CfBypassProxyHarness.SetP23;CfBypassProxyHarness.SetP24;CfBypassProxyHarness.SetP25;CfBypassProxyHarness.SetP3;CfBypassProxyHarness.SetP4;CfBypassProxyHarness.SetP5;CfBypassProxyHarness.SetP6;CfBypassProxyHarness.SetP7;CfBypassProxyHarness.SetP8;CfBypassProxyHarness.SetP9;CfBypassProxyHarness.VerifyAll;DesyncEvasionHarness;DesyncEvasionHarness.GetP1;DesyncEvasionHarness.GetP10;DesyncEvasionHarness.GetP11;DesyncEvasionHarness.GetP12;DesyncEvasionHarness.GetP13;DesyncEvasionHarness.GetP14;DesyncEvasionHarness.GetP15;DesyncEvasionHarness.GetP16;DesyncEvasionHarness.GetP17;DesyncEvasionHarness.GetP18;DesyncEvasionHarness.GetP19;DesyncEvasionHarness.GetP2;DesyncEvasionHarness.GetP20;DesyncEvasionHarness.GetP21;DesyncEvasionHarness.GetP22;DesyncEvasionHarness.GetP23;DesyncEvasionHarness.GetP24;DesyncEvasionHarness.GetP25;DesyncEvasionHarness.GetP3;DesyncEvasionHarness.GetP4;DesyncEvasionHarness.GetP5;DesyncEvasionHarness.GetP6;DesyncEvasionHarness.GetP7;DesyncEvasionHarness.GetP8;DesyncEvasionHarness.GetP9;DesyncEvasionHarness.RunSuite;DesyncEvasionHarness.SetP1;DesyncEvasionHarness.SetP10;DesyncEvasionHarness.SetP11;DesyncEvasionHarness.SetP12;DesyncEvasionHarness.SetP13;DesyncEvasionHarness.SetP14;DesyncEvasionHarness.SetP15;DesyncEvasionHarness.SetP16;DesyncEvasionHarness.SetP17;DesyncEvasionHarness.SetP18;DesyncEvasionHarness.SetP19;DesyncEvasionHarness.SetP2;DesyncEvasionHarness.SetP20;DesyncEvasionHarness.SetP21;DesyncEvasionHarness.SetP22;DesyncEvasionHarness.SetP23;DesyncEvasionHarness.SetP24;DesyncEvasionHarness.SetP25;DesyncEvasionHarness.SetP3;DesyncEvasionHarness.SetP4;DesyncEvasionHarness.SetP5;DesyncEvasionHarness.SetP6;DesyncEvasionHarness.SetP7;DesyncEvasionHarness.SetP8;DesyncEvasionHarness.SetP9;DesyncEvasionHarness.VerifyAll;NewAcmePreflightHarness;NewAdaptiveThrottleHarness;NewBlackRockHarness;NewCfBypassProxyHarness;NewDesyncEvasionHarness;NewS3SignerHarness;NewSocketTagHarness;NewTruthTableHarness;NewTxtModeHarness;NewVlessProxyHarness;NewWhiteDNSZoneHarness;NewWhiteDnsManagerHarness;S3SignerHarness;S3SignerHarness.GetP1;S3SignerHarness.GetP10;S3SignerHarness.GetP11;S3SignerHarness.GetP12;S3SignerHarness.GetP13;S3SignerHarness.GetP14;S3SignerHarness.GetP15;S3SignerHarness.GetP16;S3SignerHarness.GetP17;S3SignerHarness.GetP18;S3SignerHarness.GetP19;S3SignerHarness.GetP2;S3SignerHarness.GetP20;S3SignerHarness.GetP21;S3SignerHarness.GetP22;S3SignerHarness.GetP23;S3SignerHarness.GetP24;S3SignerHarness.GetP25;S3SignerHarness.GetP3;S3SignerHarness.GetP4;S3SignerHarness.GetP5;S3SignerHarness.GetP6;S3SignerHarness.GetP7;S3SignerHarness.GetP8;S3SignerHarness.GetP9;S3SignerHarness.RunSuite;S3SignerHarness.SetP1;S3SignerHarness.SetP10;S3SignerHarness.SetP11;S3SignerHarness.SetP12;S3SignerHarness.SetP13;S3SignerHarness.SetP14;S3SignerHarness.SetP15;S3SignerHarness.SetP16;S3SignerHarness.SetP17;S3SignerHarness.SetP18;S3SignerHarness.SetP19;S3SignerHarness.SetP2;S3SignerHarness.SetP20;S3SignerHarness.SetP21;S3SignerHarness.SetP22;S3SignerHarness.SetP23;S3SignerHarness.SetP24;S3SignerHarness.SetP25;S3SignerHarness.SetP3;S3SignerHarness.SetP4;S3SignerHarness.SetP5;S3SignerHarness.SetP6;S3SignerHarness.SetP7;S3SignerHarness.SetP8;S3SignerHarness.SetP9;S3SignerHarness.VerifyAll;SocketTagHarness;SocketTagHarness.GetP1;SocketTagHarness.GetP10;SocketTagHarness.GetP11;SocketTagHarness.GetP12;SocketTagHarness.GetP13;SocketTagHarness.GetP14;SocketTagHarness.GetP15;SocketTagHarness.GetP16;SocketTagHarness.GetP17;SocketTagHarness.GetP18;SocketTagHarness.GetP19;SocketTagHarness.GetP2;SocketTagHarness.GetP20;SocketTagHarness.GetP21;SocketTagHarness.GetP22;SocketTagHarness.GetP23;SocketTagHarness.GetP24;SocketTagHarness.GetP25;SocketTagHarness.GetP3;SocketTagHarness.GetP4;SocketTagHarness.GetP5;SocketTagHarness.GetP6;SocketTagHarness.GetP7;SocketTagHarness.GetP8;SocketTagHarness.GetP9;SocketTagHarness.RunSuite;SocketTagHarness.SetP1;SocketTagHarness.SetP10;SocketTagHarness.SetP11;SocketTagHarness.SetP12;SocketTagHarness.SetP13;SocketTagHarness.SetP14;SocketTagHarness.SetP15;SocketTagHarness.SetP16;SocketTagHarness.SetP17;SocketTagHarness.SetP18;SocketTagHarness.SetP19;SocketTagHarness.SetP2;SocketTagHarness.SetP20;SocketTagHarness.SetP21;SocketTagHarness.SetP22;SocketTagHarness.SetP23;SocketTagHarness.SetP24;SocketTagHarness.SetP25;SocketTagHarness.SetP3;SocketTagHarness.SetP4;SocketTagHarness.SetP5;SocketTagHarness.SetP6;SocketTagHarness.SetP7;SocketTagHarness.SetP8;SocketTagHarness.SetP9;SocketTagHarness.VerifyAll;TruthTableHarness;TruthTableHarness.GetP1;TruthTableHarness.GetP10;TruthTableHarness.GetP11;TruthTableHarness.GetP12;TruthTableHarness.GetP13;TruthTableHarness.GetP14;TruthTableHarness.GetP15;TruthTableHarness.GetP16;TruthTableHarness.GetP17;TruthTableHarness.GetP18;TruthTableHarness.GetP19;TruthTableHarness.GetP2;TruthTableHarness.GetP20;TruthTableHarness.GetP21;TruthTableHarness.GetP22;TruthTableHarness.GetP23;TruthTableHarness.GetP24;TruthTableHarness.GetP25;TruthTableHarness.GetP3;TruthTableHarness.GetP4;TruthTableHarness.GetP5;TruthTableHarness.GetP6;TruthTableHarness.GetP7;TruthTableHarness.GetP8;TruthTableHarness.GetP9;TruthTableHarness.RunSuite;TruthTableHarness.SetP1;TruthTableHarness.SetP10;TruthTableHarness.SetP11;TruthTableHarness.SetP12;TruthTableHarness.SetP13;TruthTableHarness.SetP14;TruthTableHarness.SetP15;TruthTableHarness.SetP16;TruthTableHarness.SetP17;TruthTableHarness.SetP18;TruthTableHarness.SetP19;TruthTableHarness.SetP2;TruthTableHarness.SetP20;TruthTableHarness.SetP21;TruthTableHarness.SetP22;TruthTableHarness.SetP23;TruthTableHarness.SetP24;TruthTableHarness.SetP25;TruthTableHarness.SetP3;TruthTableHarness.SetP4;TruthTableHarness.SetP5;TruthTableHarness.SetP6;TruthTableHarness.SetP7;TruthTableHarness.SetP8;TruthTableHarness.SetP9;TruthTableHarness.VerifyAll;TxtModeHarness;TxtModeHarness.GetP1;TxtModeHarness.GetP10;TxtModeHarness.GetP11;TxtModeHarness.GetP12;TxtModeHarness.GetP13;TxtModeHarness.GetP14;TxtModeHarness.GetP15;TxtModeHarness.GetP16;TxtModeHarness.GetP17;TxtModeHarness.GetP18;TxtModeHarness.GetP19;TxtModeHarness.GetP2;TxtModeHarness.GetP20;TxtModeHarness.GetP21;TxtModeHarness.GetP22;TxtModeHarness.GetP23;TxtModeHarness.GetP24;TxtModeHarness.GetP25;TxtModeHarness.GetP3;TxtModeHarness.GetP4;TxtModeHarness.GetP5;TxtModeHarness.GetP6;TxtModeHarness.GetP7;TxtModeHarness.GetP8;TxtModeHarness.GetP9;TxtModeHarness.RunSuite;TxtModeHarness.SetP1;TxtModeHarness.SetP10;TxtModeHarness.SetP11;TxtModeHarness.SetP12;TxtModeHarness.SetP13;TxtModeHarness.SetP14;TxtModeHarness.SetP15;TxtModeHarness.SetP16;TxtModeHarness.SetP17;TxtModeHarness.SetP18;TxtModeHarness.SetP19;TxtModeHarness.SetP2;TxtModeHarness.SetP20;TxtModeHarness.SetP21;TxtModeHarness.SetP22;TxtModeHarness.SetP23;TxtModeHarness.SetP24;TxtModeHarness.SetP25;TxtModeHarness.SetP3;TxtModeHarness.SetP4;TxtModeHarness.SetP5;TxtModeHarness.SetP6;TxtModeHarness.SetP7;TxtModeHarness.SetP8;TxtModeHarness.SetP9;TxtModeHarness.VerifyAll;VlessProxyHarness;VlessProxyHarness.GetP1;VlessProxyHarness.GetP10;VlessProxyHarness.GetP11;VlessProxyHarness.GetP12;VlessProxyHarness.GetP13;VlessProxyHarness.GetP14;VlessProxyHarness.GetP15;VlessProxyHarness.GetP16;VlessProxyHarness.GetP17;VlessProxyHarness.GetP18;VlessProxyHarness.GetP19;VlessProxyHarness.GetP2;VlessProxyHarness.GetP20;VlessProxyHarness.GetP21;VlessProxyHarness.GetP22;VlessProxyHarness.GetP23;VlessProxyHarness.GetP24;VlessProxyHarness.GetP25;VlessProxyHarness.GetP3;VlessProxyHarness.GetP4;VlessProxyHarness.GetP5;VlessProxyHarness.GetP6;VlessProxyHarness.GetP7;VlessProxyHarness.GetP8;VlessProxyHarness.GetP9;VlessProxyHarness.RunSuite;VlessProxyHarness.SetP1;VlessProxyHarness.SetP10;VlessProxyHarness.SetP11;VlessProxyHarness.SetP12;VlessProxyHarness.SetP13;VlessProxyHarness.SetP14;VlessProxyHarness.SetP15;VlessProxyHarness.SetP16;VlessProxyHarness.SetP17;VlessProxyHarness.SetP18;VlessProxyHarness.SetP19;VlessProxyHarness.SetP2;VlessProxyHarness.SetP20;VlessProxyHarness.SetP21;VlessProxyHarness.SetP22;VlessProxyHarness.SetP23;VlessProxyHarness.SetP24;VlessProxyHarness.SetP25;VlessProxyHarness.SetP3;VlessProxyHarness.SetP4;VlessProxyHarness.SetP5;VlessProxyHarness.SetP6;VlessProxyHarness.SetP7;VlessProxyHarness.SetP8;VlessProxyHarness.SetP9;VlessProxyHarness.VerifyAll;WhiteDNSZoneHarness;WhiteDNSZoneHarness.GetP1;WhiteDNSZoneHarness.GetP10;WhiteDNSZoneHarness.GetP11;WhiteDNSZoneHarness.GetP12;WhiteDNSZoneHarness.GetP13;WhiteDNSZoneHarness.GetP14;WhiteDNSZoneHarness.GetP15;WhiteDNSZoneHarness.GetP16;WhiteDNSZoneHarness.GetP17;WhiteDNSZoneHarness.GetP18;WhiteDNSZoneHarness.GetP19;WhiteDNSZoneHarness.GetP2;WhiteDNSZoneHarness.GetP20;WhiteDNSZoneHarness.GetP21;WhiteDNSZoneHarness.GetP22;WhiteDNSZoneHarness.GetP23;WhiteDNSZoneHarness.GetP24;WhiteDNSZoneHarness.GetP25;WhiteDNSZoneHarness.GetP3;WhiteDNSZoneHarness.GetP4;WhiteDNSZoneHarness.GetP5;WhiteDNSZoneHarness.GetP6;WhiteDNSZoneHarness.GetP7;WhiteDNSZoneHarness.GetP8;WhiteDNSZoneHarness.GetP9;WhiteDNSZoneHarness.RunSuite;WhiteDNSZoneHarness.SetP1;WhiteDNSZoneHarness.SetP10;WhiteDNSZoneHarness.SetP11;WhiteDNSZoneHarness.SetP12;WhiteDNSZoneHarness.SetP13;WhiteDNSZoneHarness.SetP14;WhiteDNSZoneHarness.SetP15;WhiteDNSZoneHarness.SetP16;WhiteDNSZoneHarness.SetP17;WhiteDNSZoneHarness.SetP18;WhiteDNSZoneHarness.SetP19;WhiteDNSZoneHarness.SetP2;WhiteDNSZoneHarness.SetP20;WhiteDNSZoneHarness.SetP21;WhiteDNSZoneHarness.SetP22;WhiteDNSZoneHarness.SetP23;WhiteDNSZoneHarness.SetP24;WhiteDNSZoneHarness.SetP25;WhiteDNSZoneHarness.SetP3;WhiteDNSZoneHarness.SetP4;WhiteDNSZoneHarness.SetP5;WhiteDNSZoneHarness.SetP6;WhiteDNSZoneHarness.SetP7;WhiteDNSZoneHarness.SetP8;WhiteDNSZoneHarness.SetP9;WhiteDNSZoneHarness.VerifyAll;WhiteDnsManagerHarness;WhiteDnsManagerHarness.GetP1;WhiteDnsManagerHarness.GetP10;WhiteDnsManagerHarness.GetP11;WhiteDnsManagerHarness.GetP12;WhiteDnsManagerHarness.GetP13;WhiteDnsManagerHarness.GetP14;WhiteDnsManagerHarness.GetP15;WhiteDnsManagerHarness.GetP16;WhiteDnsManagerHarness.GetP17;WhiteDnsManagerHarness.GetP18;WhiteDnsManagerHarness.GetP19;WhiteDnsManagerHarness.GetP2;WhiteDnsManagerHarness.GetP20;WhiteDnsManagerHarness.GetP21;WhiteDnsManagerHarness.GetP22;WhiteDnsManagerHarness.GetP23;WhiteDnsManagerHarness.GetP24;WhiteDnsManagerHarness.GetP25;WhiteDnsManagerHarness.GetP3;WhiteDnsManagerHarness.GetP4;WhiteDnsManagerHarness.GetP5;WhiteDnsManagerHarness.GetP6;WhiteDnsManagerHarness.GetP7;WhiteDnsManagerHarness.GetP8;WhiteDnsManagerHarness.GetP9;WhiteDnsManagerHarness.RunSuite;WhiteDnsManagerHarness.SetP1;WhiteDnsManagerHarness.SetP10;WhiteDnsManagerHarness.SetP11;WhiteDnsManagerHarness.SetP12;WhiteDnsManagerHarness.SetP13;WhiteDnsManagerHarness.SetP14;WhiteDnsManagerHarness.SetP15;WhiteDnsManagerHarness.SetP16;WhiteDnsManagerHarness.SetP17;WhiteDnsManagerHarness.SetP18;WhiteDnsManagerHarness.SetP19;WhiteDnsManagerHarness.SetP2;WhiteDnsManagerHarness.SetP20;WhiteDnsManagerHarness.SetP21;WhiteDnsManagerHarness.SetP22;WhiteDnsManagerHarness.SetP23;WhiteDnsManagerHarness.SetP24;WhiteDnsManagerHarness.SetP25;WhiteDnsManagerHarness.SetP3;WhiteDnsManagerHarness.SetP4;WhiteDnsManagerHarness.SetP5;WhiteDnsManagerHarness.SetP6;WhiteDnsManagerHarness.SetP7;WhiteDnsManagerHarness.SetP8;WhiteDnsManagerHarness.SetP9;WhiteDnsManagerHarness.VerifyAll,promotion to governed lab,one-to-one,reference-only,"The source carries distinct dormant implementation value but has no live production consumer. Preserve it as an intentional, catalogued lab capability without granting runtime authority; later promotion must extract only target-native value behind a canonical owner.",daemon lab capability corpus,labs/daemon/proxy/upstream_test_suites.go,The lab source remains byte-identical to its baseline object and traceable by SHA-256.,Live daemon internal packages must not import lab code directly or treat lab presence as production readiness.,n/a,labs/daemon/CAPABILITIES.csv,Path-only promotion from experiments to labs; no live runtime dependency or persisted state change.,Repository-native baseline source; no new external donor bytes introduced.,medium,n/a,high,statically-validated
HVC-LAB-W20-UTLS-BOOTSTRAP-078A3AF7,n/a,HVC-LAB-20-wave20-utls-bootstrap,luminet-baseline-d73453f,daemon-labs,utls bootstrap lab capability,standalone source unit,executable-behaviour/reference implementation,standalone,server/internal/proxy/utls_bootstrap.go,078a3af7bb31892f1e1bd44959071c5aae4c8400b5cca59dcf02228a16b64b37,NewUTLSBootstrapTransport;UTLSBootstrapTransport;UTLSBootstrapTransport.DialAndPeek;UTLSBootstrapTransport.RoundTrip,promotion to governed lab,one-to-one,reference-only,"The source carries distinct dormant implementation value but has no live production consumer. Preserve it as an intentional, catalogued lab capability without granting runtime authority; later promotion must extract only target-native value behind a canonical owner.",daemon lab capability corpus,labs/daemon/proxy/utls_bootstrap.go,The lab source remains byte-identical to its baseline object and traceable by SHA-256.,Live daemon internal packages must not import lab code directly or treat lab presence as production readiness.,n/a,labs/daemon/CAPABILITIES.csv,Path-only promotion from experiments to labs; no live runtime dependency or persisted state change.,Repository-native baseline source; no new external donor bytes introduced.,medium,n/a,high,statically-validated
HVC-LAB-W20-UTLS-DIALER-4D18FBB4,n/a,HVC-LAB-20-wave20-utls-dialer,luminet-baseline-d73453f,daemon-labs,utls dialer lab capability,standalone source unit,executable-behaviour/reference implementation,standalone,server/internal/proxy/utls_dialer.go,4d18fbb4620c9927191b0030a63a4b13fafba5c3aecee54d9435b6eb3a3ec4a4,NewUTLSDialer;UTLSDialer;UTLSDialer.DialUTLS,promotion to governed lab,one-to-one,reference-only,"The source carries distinct dormant implementation value but has no live production consumer. Preserve it as an intentional, catalogued lab capability without granting runtime authority; later promotion must extract only target-native value behind a canonical owner.",daemon lab capability corpus,labs/daemon/proxy/utls_dialer.go,The lab source remains byte-identical to its baseline object and traceable by SHA-256.,Live daemon internal packages must not import lab code directly or treat lab presence as production readiness.,labs/daemon/proxy/utls_dialer_test.go,labs/daemon/CAPABILITIES.csv,Path-only promotion from experiments to labs; no live runtime dependency or persisted state change.,Repository-native baseline source; no new external donor bytes introduced.,medium,n/a,high,statically-validated
HVC-LAB-W20-V2BOARD-7494B5F1,n/a,HVC-LAB-20-wave20-v2board,luminet-baseline-d73453f,daemon-labs,v2board lab capability,standalone source unit,executable-behaviour/reference implementation,standalone,server/internal/proxy/v2board.go,7494b5f1347192868e2faa9c2e16c485048d32da62cb6c858ce8c8a47e1a0076,NewV2BoardSubscription;V2BoardServer;V2BoardSubscription;V2BoardSubscription.GenerateClashConfig;V2BoardSubscription.GenerateSubscriptionBase64,promotion to governed lab,one-to-one,reference-only,"The source carries distinct dormant implementation value but has no live production consumer. Preserve it as an intentional, catalogued lab capability without granting runtime authority; later promotion must extract only target-native value behind a canonical owner.",daemon lab capability corpus,labs/daemon/proxy/v2board.go,The lab source remains byte-identical to its baseline object and traceable by SHA-256.,Live daemon internal packages must not import lab code directly or treat lab presence as production readiness.,n/a,labs/daemon/CAPABILITIES.csv,Path-only promotion from experiments to labs; no live runtime dependency or persisted state change.,Repository-native baseline source; no new external donor bytes introduced.,medium,n/a,high,statically-validated
HVC-LAB-W20-V2RAY-DAT-COMPILER-EBBA9ED7,n/a,HVC-LAB-20-wave20-v2ray-dat-compiler,luminet-baseline-d73453f,daemon-labs,v2ray dat compiler lab capability,standalone source unit,executable-behaviour/reference implementation,standalone,server/internal/proxy/v2ray_dat_compiler.go,ebba9ed7a4c2945a17928cf3642812c760f21b5bec6dd07caedc09fc5755bf71,CompileGeositeDat;V2RayDomain;V2RayDomainDomain;V2RayDomainFull;V2RayDomainPlain;V2RayDomainRegex;V2RayDomainType;V2RayGeoSite;V2RayGeoSite.Validate,promotion to governed lab,one-to-one,reference-only,"The source carries distinct dormant implementation value but has no live production consumer. Preserve it as an intentional, catalogued lab capability without granting runtime authority; later promotion must extract only target-native value behind a canonical owner.",daemon lab capability corpus,labs/daemon/proxy/v2ray_dat_compiler.go,The lab source remains byte-identical to its baseline object and traceable by SHA-256.,Live daemon internal packages must not import lab code directly or treat lab presence as production readiness.,labs/daemon/proxy/v2ray_dat_compiler_test.go,labs/daemon/CAPABILITIES.csv,Path-only promotion from experiments to labs; no live runtime dependency or persisted state change.,Repository-native baseline source; no new external donor bytes introduced.,medium,n/a,high,statically-validated
HVC-LAB-W20-V2RAY-GO-0EF43B00,n/a,HVC-LAB-20-wave20-v2ray-go,luminet-baseline-d73453f,daemon-labs,v2ray go lab capability,standalone source unit,executable-behaviour/reference implementation,standalone,server/internal/proxy/v2ray_go.go,0ef43b00f84457389525a7f27e9a00b16c8d78b55478dbbdbd31c566f9b2ed20,NewV2RayGo;V2RayGo;V2RayGo.Configure;V2RayGo.IsRunning;V2RayGo.StartInProcess;V2RayGoInstance,promotion to governed lab,one-to-one,reference-only,"The source carries distinct dormant implementation value but has no live production consumer. Preserve it as an intentional, catalogued lab capability without granting runtime authority; later promotion must extract only target-native value behind a canonical owner.",daemon lab capability corpus,labs/daemon/proxy/v2ray_go.go,The lab source remains byte-identical to its baseline object and traceable by SHA-256.,Live daemon internal packages must not import lab code directly or treat lab presence as production readiness.,n/a,labs/daemon/CAPABILITIES.csv,Path-only promotion from experiments to labs; no live runtime dependency or persisted state change.,Repository-native baseline source; no new external donor bytes introduced.,medium,n/a,high,statically-validated
HVC-LAB-W20-V2RAYA-B1E66E78,n/a,HVC-LAB-20-wave20-v2raya,luminet-baseline-d73453f,daemon-labs,v2raya lab capability,standalone source unit,executable-behaviour/reference implementation,standalone,server/internal/proxy/v2raya.go,b1e66e780d23a335bdd20fc46b8f111295623b4d8bf61e76d4ff562ad6ab1cf6,NewV2rayA;V2rayA;V2rayA.Configure;V2rayA.Start;V2rayA.Stop,promotion to governed lab,one-to-one,reference-only,"The source carries distinct dormant implementation value but has no live production consumer. Preserve it as an intentional, catalogued lab capability without granting runtime authority; later promotion must extract only target-native value behind a canonical owner.",daemon lab capability corpus,labs/daemon/proxy/v2raya.go,The lab source remains byte-identical to its baseline object and traceable by SHA-256.,Live daemon internal packages must not import lab code directly or treat lab presence as production readiness.,n/a,labs/daemon/CAPABILITIES.csv,Path-only promotion from experiments to labs; no live runtime dependency or persisted state change.,Repository-native baseline source; no new external donor bytes introduced.,medium,n/a,high,statically-validated
HVC-LAB-W20-V2RAYN-CONFIG-HELPERS-E69DA78E,n/a,HVC-LAB-20-wave20-v2rayn-config-helpers,luminet-baseline-d73453f,daemon-labs,v2rayn config helpers lab capability,standalone source unit,executable-behaviour/reference implementation,standalone,server/internal/proxy/v2rayn_config_helpers.go,e69da78edea28ca21b7f68dd082bc9cbf51cc1a3c26a537e5caa0e8ba47987ad,ALPNValues;CertSHA256Thumbprint;DefaultV2rayFragmentMask;DefaultV2rayNoiseMask;ExportCertToPEM;FetchServerCertPEM;Hysteria2DefaultHopIntervalSec;IsTrustedCAThumbprint;NewV2rayFragmentFinalmask;ParsePEMChain;ParseProxyURL;PredefinedDoHHosts;ResolveDoHHostIP;ShadowsocksCiphers;SingboxTLSFragmentRouteRule;TLSFingerprints;TransportNetworks;TrustedCAThumbprints;TunMTUs;V2rayFinalmaskConfig;V2rayMask;V2rayMaskSettings;V2rayProtocolSchemes;VLESSFlows;VMessCiphers;XhttpModes,promotion to governed lab,one-to-one,reference-only,"The source carries distinct dormant implementation value but has no live production consumer. Preserve it as an intentional, catalogued lab capability without granting runtime authority; later promotion must extract only target-native value behind a canonical owner.",daemon lab capability corpus,labs/daemon/proxy/v2rayn_config_helpers.go,The lab source remains byte-identical to its baseline object and traceable by SHA-256.,Live daemon internal packages must not import lab code directly or treat lab presence as production readiness.,n/a,labs/daemon/CAPABILITIES.csv,Path-only promotion from experiments to labs; no live runtime dependency or persisted state change.,Repository-native baseline source; no new external donor bytes introduced.,medium,n/a,high,statically-validated
HVC-LAB-W20-V2RAYNG-B48F2A85,n/a,HVC-LAB-20-wave20-v2rayng,luminet-baseline-d73453f,daemon-labs,v2rayng lab capability,standalone source unit,executable-behaviour/reference implementation,standalone,server/internal/proxy/v2rayng.go,b48f2a8504c86f2410940a5e2d77622027c7d144108d651e74e0ead109f71ce6,NewV2rayNGExporter;V2rayNGConfig;V2rayNGExporter;V2rayNGExporter.AddBypassApp;V2rayNGExporter.AddCustomGeoIPRoute;V2rayNGExporter.AddDNSServer;V2rayNGExporter.BuildClientURI;V2rayNGExporter.ClearBypassApps;V2rayNGExporter.ClearDNS;V2rayNGExporter.ConfigureLocalHttpPort;V2rayNGExporter.ConfigureLocalSocksPort;V2rayNGExporter.ConfigureMixedPort;V2rayNGExporter.DisableMux;V2rayNGExporter.EnableMux;V2rayNGExporter.ExportAndroidConfig;V2rayNGExporter.ExportConfigToJSON;V2rayNGExporter.GetActiveProfile;V2rayNGExporter.GetAllowInsecure;V2rayNGExporter.GetAlterId;V2rayNGExporter.GetBypassApps;V2rayNGExporter.GetBypassAppsCount;V2rayNGExporter.GetCustomGeoIPRoutes;V2rayNGExporter.GetDNS;V2rayNGExporter.GetDNSServerCount;V2rayNGExporter.GetExporterStats;V2rayNGExporter.GetLocalHttpPort;V2rayNGExporter.GetLocalSocksPort;V2rayNGExporter.GetMixedPort;V2rayNGExporter.GetMuxConcurrency;V2rayNGExporter.GetRoutingMode;V2rayNGExporter.GetStatsRegistry;V2rayNGExporter.GetTransportType;V2rayNGExporter.GetVerifyPeerCert;V2rayNGExporter.GetVersion;V2rayNGExporter.GetVmessSecurity;V2rayNGExporter.ImportConfigFromJSON;V2rayNGExporter.IsMuxEnabled;V2rayNGExporter.LogExporterDiagnostics;V2rayNGExporter.MapNetworkAlias;V2rayNGExporter.ParseQueryString;V2rayNGExporter.ParseShareLink;V2rayNGExporter.RemoveBypassApp;V2rayNGExporter.RemoveCustomGeoIPRoute;V2rayNGExporter.RemoveDNSServer;V2rayNGExporter.ResetExporter;V2rayNGExporter.ResetExporterStats;V2rayNGExporter.ResolveStdVmess;V2rayNGExporter.SetActiveProfile;V2rayNGExporter.SetAllowInsecure;V2rayNGExporter.SetAlterId;V2rayNGExporter.SetBypassApps;V2rayNGExporter.SetDNS;V2rayNGExporter.SetMuxConcurrency;V2rayNGExporter.SetRoutingMode;V2rayNGExporter.SetVerifyPeerCert;V2rayNGExporter.SetVersion;V2rayNGExporter.SetVmessSecurity;V2rayNGExporter.ValidateExporterPreset,promotion to governed lab,one-to-one,reference-only,"The source carries distinct dormant implementation value but has no live production consumer. Preserve it as an intentional, catalogued lab capability without granting runtime authority; later promotion must extract only target-native value behind a canonical owner.",daemon lab capability corpus,labs/daemon/proxy/v2rayng.go,The lab source remains byte-identical to its baseline object and traceable by SHA-256.,Live daemon internal packages must not import lab code directly or treat lab presence as production readiness.,n/a,labs/daemon/CAPABILITIES.csv,Path-only promotion from experiments to labs; no live runtime dependency or persisted state change.,Repository-native baseline source; no new external donor bytes introduced.,medium,n/a,high,statically-validated
HVC-LAB-W20-V2RAYNG-CONFIG-HELPERS-87F26EF4,n/a,HVC-LAB-20-wave20-v2rayng-config-helpers,luminet-baseline-d73453f,daemon-labs,v2rayng config helpers lab capability,standalone source unit,executable-behaviour/reference implementation,standalone,server/internal/proxy/v2rayng_config_helpers.go,87f26ef40b0ca3f93a2ee24a3727a7a921a956ce8819bd81f063b6a792ab6baf,BrowserDialerHeadersBlacklist;BrowserDialerTask;BrowserDialerTaskExtra;DefaultV2rayNGFragmentFinalmask;FilterDialerHeaders;GRPCDefaultHealthCheckTimeout;GRPCDefaultIdleTimeout;GoogleAPIsCNDomain;GoogleAPIsCOMDomain;Hysteria2QuicParams;Hysteria2UdpHop;IsBlacklistedDialerHeader;KCPHeaderToMkcpLegacy;MuxDefaultConcurrency;MuxDefaultXUDPConcurrency;MuxDefaultXUDPProxyUDP443;NewHysteria2FinalmaskConfig;NewKCPFinalMask;NoiseMaskEntry;PrivateIPList;ProtocolsMuxDisabled;RoutedIPList;SalamanderMask;ToIDNDomain;V2rayNGDefaultLocalDNSPort;V2rayNGDefaultSOCKSPort;V2rayNGDelayTestURL;V2rayNGFinalmask;V2rayNGMask;V2rayNGNoiseMaskSettings;V2rayNGProbeInterval;WireGuardDefaultLocalAddrV4;WireGuardDefaultLocalAddrV6;WireGuardDefaultMTU,promotion to governed lab,one-to-one,reference-only,"The source carries distinct dormant implementation value but has no live production consumer. Preserve it as an intentional, catalogued lab capability without granting runtime authority; later promotion must extract only target-native value behind a canonical owner.",daemon lab capability corpus,labs/daemon/proxy/v2rayng_config_helpers.go,The lab source remains byte-identical to its baseline object and traceable by SHA-256.,Live daemon internal packages must not import lab code directly or treat lab presence as production readiness.,n/a,labs/daemon/CAPABILITIES.csv,Path-only promotion from experiments to labs; no live runtime dependency or persisted state change.,Repository-native baseline source; no new external donor bytes introduced.,medium,n/a,high,statically-validated
HVC-LAB-W20-V2RAYNG-PANEL-565C716F,n/a,HVC-LAB-20-wave20-v2rayng-panel,luminet-baseline-d73453f,daemon-labs,v2rayng panel lab capability,standalone source unit,executable-behaviour/reference implementation,standalone,server/internal/proxy/v2rayng_panel.go,565c716ff5cccd85e7540de3339571bb8be6e8576c5a140ad65655da99574b0c,NewV2rayngPanel;V2rayngPanel;V2rayngPanel.GenerateUUID;V2rayngPanel.GetCertbotCommand;V2rayngPanel.GetDefaultVmessConfig;V2rayngPanel.GetMetricsJSON;V2rayngPanel.GetXuiAddress;V2rayngPanel.UpdateMetrics;V2rayngPanel.VerifyCredentials,promotion to governed lab,one-to-one,reference-only,"The source carries distinct dormant implementation value but has no live production consumer. Preserve it as an intentional, catalogued lab capability without granting runtime authority; later promotion must extract only target-native value behind a canonical owner.",daemon lab capability corpus,labs/daemon/proxy/v2rayng_panel.go,The lab source remains byte-identical to its baseline object and traceable by SHA-256.,Live daemon internal packages must not import lab code directly or treat lab presence as production readiness.,n/a,labs/daemon/CAPABILITIES.csv,Path-only promotion from experiments to labs; no live runtime dependency or persisted state change.,Repository-native baseline source; no new external donor bytes introduced.,medium,n/a,high,statically-validated
HVC-LAB-W20-VLESS-PROXY-B32508D0,n/a,HVC-LAB-20-wave20-vless-proxy,luminet-baseline-d73453f,daemon-labs,vless proxy lab capability,standalone source unit,executable-behaviour/reference implementation,standalone,server/internal/proxy/vless_proxy.go,b32508d075df00892e0bdc2f1b193126314412f9ce96a646a38361b61efd059f,NewVlessProxyEnvironment;NewVlessProxyServer;ParseVlessHeader;ValidateUUID;VlessHeader;VlessHeader.GetAddress;VlessHeader.GetAddressType;VlessHeader.GetCommand;VlessHeader.GetPort;VlessHeader.GetUUID;VlessHeader.GetVersion;VlessHeader.SetAddress;VlessHeader.SetAddressType;VlessHeader.SetCommand;VlessHeader.SetPort;VlessHeader.SetUUID;VlessHeader.SetVersion;VlessHeader.WithAddress;VlessHeader.WithAddressType;VlessHeader.WithCommand;VlessHeader.WithPort;VlessHeader.WithUUID;VlessHeader.WithVersion;VlessProxyEnvironment;VlessProxyEnvironment.GetCDNIP;VlessProxyEnvironment.GetIP1;VlessProxyEnvironment.GetIP10;VlessProxyEnvironment.GetIP11;VlessProxyEnvironment.GetIP12;VlessProxyEnvironment.GetIP13;VlessProxyEnvironment.GetIP2;VlessProxyEnvironment.GetIP3;VlessProxyEnvironment.GetIP4;VlessProxyEnvironment.GetIP5;VlessProxyEnvironment.GetIP6;VlessProxyEnvironment.GetIP7;VlessProxyEnvironment.GetIP8;VlessProxyEnvironment.GetIP9;VlessProxyEnvironment.SetCDNIP;VlessProxyEnvironment.SetIP1;VlessProxyEnvironment.SetIP10;VlessProxyEnvironment.SetIP11;VlessProxyEnvironment.SetIP12;VlessProxyEnvironment.SetIP13;VlessProxyEnvironment.SetIP2;VlessProxyEnvironment.SetIP3;VlessProxyEnvironment.SetIP4;VlessProxyEnvironment.SetIP5;VlessProxyEnvironment.SetIP6;VlessProxyEnvironment.SetIP7;VlessProxyEnvironment.SetIP8;VlessProxyEnvironment.SetIP9;VlessProxyEnvironment.WithCDNIP;VlessProxyEnvironment.WithIP1;VlessProxyEnvironment.WithIP2;VlessProxyEnvironment.WithIP3;VlessProxyEnvironment.WithIP4;VlessProxyEnvironment.WithIP5;VlessProxyServer;VlessProxyServer.ExportVlessConfig;VlessProxyServer.ForwardTraffic;VlessProxyServer.GetActiveConnections;VlessProxyServer.GetBufferSize;VlessProxyServer.GetDohURL;VlessProxyServer.GetEnableUDP;VlessProxyServer.GetFallbackAddress;VlessProxyServer.GetFallbackPort;VlessProxyServer.GetLogLevel;VlessProxyServer.GetMuxConcurrency;VlessProxyServer.GetMuxEnabled;VlessProxyServer.GetProxyIP;VlessProxyServer.GetProxyPort;VlessProxyServer.GetUUIDs;VlessProxyServer.ProcessWebSocket;VlessProxyServer.ResolveTargetDoH;VlessProxyServer.SetBufferSize;VlessProxyServer.SetDohURL;VlessProxyServer.SetEnableUDP;VlessProxyServer.SetFallbackAddress;VlessProxyServer.SetFallbackPort;VlessProxyServer.SetLogLevel;VlessProxyServer.SetMuxConcurrency;VlessProxyServer.SetMuxEnabled;VlessProxyServer.SetProxyIP;VlessProxyServer.SetProxyPort;VlessProxyServer.SetUUIDs;VlessProxyServer.StartProxy;VlessProxyServer.StopProxy;VlessProxyServer.VerifyUser;VlessProxyServer.WithBufferSize;VlessProxyServer.WithDohURL;VlessProxyServer.WithEnableUDP;VlessProxyServer.WithFallbackAddress;VlessProxyServer.WithFallbackPort;VlessProxyServer.WithLogLevel;VlessProxyServer.WithMuxConcurrency;VlessProxyServer.WithMuxEnabled;VlessProxyServer.WithProxyIP;VlessProxyServer.WithProxyPort;VlessProxyServer.WithUUIDs,promotion to governed lab,one-to-one,reference-only,"The source carries distinct dormant implementation value but has no live production consumer. Preserve it as an intentional, catalogued lab capability without granting runtime authority; later promotion must extract only target-native value behind a canonical owner.",daemon lab capability corpus,labs/daemon/proxy/vless_proxy.go,The lab source remains byte-identical to its baseline object and traceable by SHA-256.,Live daemon internal packages must not import lab code directly or treat lab presence as production readiness.,n/a,labs/daemon/CAPABILITIES.csv,Path-only promotion from experiments to labs; no live runtime dependency or persisted state change.,Repository-native baseline source; no new external donor bytes introduced.,medium,n/a,high,statically-validated
HVC-LAB-W20-VOIDTUNNEL-825BA3F4,n/a,HVC-LAB-20-wave20-voidtunnel,luminet-baseline-d73453f,daemon-labs,voidtunnel lab capability,standalone source unit,executable-behaviour/reference implementation,standalone,server/internal/proxy/voidtunnel.go,825ba3f4b8b9f7549af0b2b7412a54839b7253c7f4f38da93ed727629acbf88a,NewVoidTunnel;VoidTunnel;VoidTunnel.AddDns;VoidTunnel.AddNode;VoidTunnel.ClearDns;VoidTunnel.ClearNodes;VoidTunnel.GetDnsCount;VoidTunnel.GetLogLevel;VoidTunnel.GetMTU;VoidTunnel.GetMaxConnsLimit;VoidTunnel.GetNodeCount;VoidTunnel.GetOriginalGateway;VoidTunnel.GetOriginalInterface;VoidTunnel.GetRemoteServerIP;VoidTunnel.GetRunning;VoidTunnel.GetRxBytes;VoidTunnel.GetSocksPort;VoidTunnel.GetTimeout;VoidTunnel.GetTun2SocksPath;VoidTunnel.GetTunGateway;VoidTunnel.GetTunIP;VoidTunnel.GetTunName;VoidTunnel.GetTxBytes;VoidTunnel.GetVersion;VoidTunnel.Intercept;VoidTunnel.RemoveDns;VoidTunnel.RemoveNode;VoidTunnel.SetIsRunning;VoidTunnel.SetLogLevel;VoidTunnel.SetMTU;VoidTunnel.SetMaxConnsLimit;VoidTunnel.SetOriginalGateway;VoidTunnel.SetOriginalInterface;VoidTunnel.SetRemoteServerIP;VoidTunnel.SetRxBytes;VoidTunnel.SetSocksPort;VoidTunnel.SetTimeout;VoidTunnel.SetTun2SocksPath;VoidTunnel.SetTunGateway;VoidTunnel.SetTunIP;VoidTunnel.SetTunName;VoidTunnel.SetTxBytes;VoidTunnel.SetVersion;VoidTunnel.TestNodeLatency,promotion to governed lab,one-to-one,reference-only,"The source carries distinct dormant implementation value but has no live production consumer. Preserve it as an intentional, catalogued lab capability without granting runtime authority; later promotion must extract only target-native value behind a canonical owner.",daemon lab capability corpus,labs/daemon/proxy/voidtunnel.go,The lab source remains byte-identical to its baseline object and traceable by SHA-256.,Live daemon internal packages must not import lab code directly or treat lab presence as production readiness.,n/a,labs/daemon/CAPABILITIES.csv,Path-only promotion from experiments to labs; no live runtime dependency or persisted state change.,Repository-native baseline source; no new external donor bytes introduced.,medium,n/a,high,statically-validated
HVC-LAB-W20-WEB-ROUTING-5C3D25D0,n/a,HVC-LAB-20-wave20-web-routing,luminet-baseline-d73453f,daemon-labs,web routing lab capability,standalone source unit,executable-behaviour/reference implementation,standalone,server/internal/proxy/web_routing.go,5c3d25d0144b5c2602032c9f5bdba4973cc2bcd2a7da6c9ade8fe592db232b9e,CamouflageMiddleware;ClashMetaRouter;ClashMetaRouter.AddRules;ClashMetaRouter.ClearDNSCache;ClashMetaRouter.MatchOutbound;ClashRule;ClashRuleType;NewClashMetaRouter;NewProviderConfigLoader;NewRateLimitedReader;NewRateLimitedWriter;ProviderConfigLoader;ProviderConfigLoader.AddProvider;ProviderConfigLoader.StopAll;ProviderSource;RateLimitedReader;RateLimitedReader.Read;RateLimitedWriter;RateLimitedWriter.Write;RegisterDashboardRoutes;RuleTypeDomain;RuleTypeDomainKeyword;RuleTypeDomainSuffix;RuleTypeGeoIP;RuleTypeIPCidr;RuleTypeMatch;RuleTypeProcessName;RuleTypeSrcIPCidr;TokenAuthMiddleware,promotion to governed lab,one-to-one,reference-only,"The source carries distinct dormant implementation value but has no live production consumer. Preserve it as an intentional, catalogued lab capability without granting runtime authority; later promotion must extract only target-native value behind a canonical owner.",daemon lab capability corpus,labs/daemon/proxy/web_routing.go,The lab source remains byte-identical to its baseline object and traceable by SHA-256.,Live daemon internal packages must not import lab code directly or treat lab presence as production readiness.,labs/daemon/proxy/web_routing_test.go,labs/daemon/CAPABILITIES.csv,Path-only promotion from experiments to labs; no live runtime dependency or persisted state change.,Repository-native baseline source; no new external donor bytes introduced.,medium,n/a,high,statically-validated
HVC-LAB-W20-WGSOCKS-DB4572DB,n/a,HVC-LAB-20-wave20-wgsocks,luminet-baseline-d73453f,daemon-labs,wgsocks lab capability,standalone source unit,executable-behaviour/reference implementation,standalone,server/internal/proxy/wgsocks.go,db4572dbd861c8e6ae4db3fe530c1ca84f6b8fe32fbaeb95defe30e6e01f655a,NewWgSocks;WgSocks;WgSocks.StartWireguardToSocks5,promotion to governed lab,one-to-one,reference-only,"The source carries distinct dormant implementation value but has no live production consumer. Preserve it as an intentional, catalogued lab capability without granting runtime authority; later promotion must extract only target-native value behind a canonical owner.",daemon lab capability corpus,labs/daemon/proxy/wgsocks.go,The lab source remains byte-identical to its baseline object and traceable by SHA-256.,Live daemon internal packages must not import lab code directly or treat lab presence as production readiness.,n/a,labs/daemon/CAPABILITIES.csv,Path-only promotion from experiments to labs; no live runtime dependency or persisted state change.,Repository-native baseline source; no new external donor bytes introduced.,medium,n/a,high,statically-validated
HVC-LAB-W20-WINDOWS-PROXY-CLIENT-826D8870,n/a,HVC-LAB-20-wave20-windows-proxy-client,luminet-baseline-d73453f,daemon-labs,windows proxy client lab capability,standalone source unit,executable-behaviour/reference implementation,standalone,server/internal/proxy/windows_proxy_client.go,826d8870497dbbe8b839cd67ba90fd220c5e24a1af799dcfea118d1f9aa66c39,NewV2RayNPro;V2RayNPro;V2RayNPro.ExportSettingsJSON;V2RayNPro.GetFragmentPackets;V2RayNPro.GetMuxConcurrency;V2RayNPro.GetTCPKeepAliveIdle;V2RayNPro.IsTCPFastOpen;V2RayNPro.IsTCPNoDelay;V2RayNPro.OptimizeGFWKnocker;V2RayNPro.ResetToDefaults;V2RayNPro.SetFragmentInterval;V2RayNPro.SetFragmentLength;V2RayNPro.SetFragmentPackets;V2RayNPro.SetMuxConcurrency;V2RayNPro.SetTCPFastOpen;V2RayNPro.SetTCPKeepAliveIdle;V2RayNPro.SetTCPNoDelay,promotion to governed lab,one-to-one,reference-only,"The source carries distinct dormant implementation value but has no live production consumer. Preserve it as an intentional, catalogued lab capability without granting runtime authority; later promotion must extract only target-native value behind a canonical owner.",daemon lab capability corpus,labs/daemon/proxy/windows_proxy_client.go,The lab source remains byte-identical to its baseline object and traceable by SHA-256.,Live daemon internal packages must not import lab code directly or treat lab presence as production readiness.,n/a,labs/daemon/CAPABILITIES.csv,Path-only promotion from experiments to labs; no live runtime dependency or persisted state change.,Repository-native baseline source; no new external donor bytes introduced.,medium,n/a,high,statically-validated
HVC-LAB-W20-WIREGUARD-GO-768A34C7,n/a,HVC-LAB-20-wave20-wireguard-go,luminet-baseline-d73453f,daemon-labs,wireguard go lab capability,standalone source unit,executable-behaviour/reference implementation,standalone,server/internal/proxy/wireguard_go.go,768a34c75e88828421f5a39f4c2967eecd781cc6de75555252177a5fcbdc07af,NewWireGuardGo;WireGuardGo;WireGuardGo.StartEngine,promotion to governed lab,one-to-one,reference-only,"The source carries distinct dormant implementation value but has no live production consumer. Preserve it as an intentional, catalogued lab capability without granting runtime authority; later promotion must extract only target-native value behind a canonical owner.",daemon lab capability corpus,labs/daemon/proxy/wireguard_go.go,The lab source remains byte-identical to its baseline object and traceable by SHA-256.,Live daemon internal packages must not import lab code directly or treat lab presence as production readiness.,n/a,labs/daemon/CAPABILITIES.csv,Path-only promotion from experiments to labs; no live runtime dependency or persisted state change.,Repository-native baseline source; no new external donor bytes introduced.,medium,n/a,high,statically-validated
HVC-LAB-W20-WIREGUARD-OBFUSCATOR-C3C3DE46,n/a,HVC-LAB-20-wave20-wireguard-obfuscator,luminet-baseline-d73453f,daemon-labs,wireguard obfuscator lab capability,standalone source unit,executable-behaviour/reference implementation,standalone,server/internal/proxy/wireguard_obfuscator.go,c3c3de46ab0c33d8cf85e82382bf21ca8acae13832cf2329c3e9eaf7ed929734,MessageCookieReplySize;MessageCookieReplyType;MessageInitiationSize;MessageInitiationType;MessageResponseSize;MessageResponseType;MessageTransportHeaderSize;MessageTransportType;MinMessageSize;NewWireGuardObfuscator;PacketFlagDeobfuscatedAfterReceived;PacketFlagObfuscateBeforeSend;WgPacket;WgPacket.MessageType;WgPacket.ReceiverIndex;WgPacket.Reset;WgPacket.SetReceiverIndex;WgPacket.SetSenderIndex;WireGuardObfuscator;WireGuardObfuscator.Deobfuscate;WireGuardObfuscator.GetBackendIndex;WireGuardObfuscator.GetClientIndex;WireGuardObfuscator.MapIndex;WireGuardObfuscator.Obfuscate,promotion to governed lab,one-to-one,reference-only,"The source carries distinct dormant implementation value but has no live production consumer. Preserve it as an intentional, catalogued lab capability without granting runtime authority; later promotion must extract only target-native value behind a canonical owner.",daemon lab capability corpus,labs/daemon/proxy/wireguard_obfuscator.go,The lab source remains byte-identical to its baseline object and traceable by SHA-256.,Live daemon internal packages must not import lab code directly or treat lab presence as production readiness.,labs/daemon/proxy/wireguard_obfuscator_test.go,labs/daemon/CAPABILITIES.csv,Path-only promotion from experiments to labs; no live runtime dependency or persisted state change.,Repository-native baseline source; no new external donor bytes introduced.,medium,n/a,high,statically-validated
HVC-LAB-W20-WORKER-PANEL-CONTROLLER-16988D1E,n/a,HVC-LAB-20-wave20-worker-panel-controller,luminet-baseline-d73453f,daemon-labs,worker panel controller lab capability,standalone source unit,executable-behaviour/reference implementation,standalone,server/internal/proxy/worker_panel_controller.go,16988d1e23616691f4dcaf641c443b156ce2581dc8a199a121397b1800764326,NewWorkerPanelController;WorkerPanelController;WorkerPanelController.AddCachedDns;WorkerPanelController.AddUser;WorkerPanelController.ClearCachedDns;WorkerPanelController.ClearSettings;WorkerPanelController.ClearUsers;WorkerPanelController.GetCachedDns;WorkerPanelController.GetCachedDnsCount;WorkerPanelController.GetCachedDnsEntries;WorkerPanelController.GetSetting;WorkerPanelController.GetSettingsCount;WorkerPanelController.GetUser;WorkerPanelController.GetUserCount;WorkerPanelController.GetUsers;WorkerPanelController.GetVersion;WorkerPanelController.HandleSubscription;WorkerPanelController.HandleWebSocket;WorkerPanelController.IsSubscriptionPath;WorkerPanelController.IsWebSocketUpgrade;WorkerPanelController.RemoveCachedDns;WorkerPanelController.RemoveUser;WorkerPanelController.SetSetting;WorkerPanelController.SetVersion;WorkerPanelController.SyncConfig,promotion to governed lab,one-to-one,reference-only,"The source carries distinct dormant implementation value but has no live production consumer. Preserve it as an intentional, catalogued lab capability without granting runtime authority; later promotion must extract only target-native value behind a canonical owner.",daemon lab capability corpus,labs/daemon/proxy/worker_panel_controller.go,The lab source remains byte-identical to its baseline object and traceable by SHA-256.,Live daemon internal packages must not import lab code directly or treat lab presence as production readiness.,n/a,labs/daemon/CAPABILITIES.csv,Path-only promotion from experiments to labs; no live runtime dependency or persisted state change.,Repository-native baseline source; no new external donor bytes introduced.,medium,n/a,high,statically-validated
HVC-LAB-W20-WORKER-POOL-305EF6A7,n/a,HVC-LAB-20-wave20-worker-pool,luminet-baseline-d73453f,daemon-labs,worker pool lab capability,standalone source unit,executable-behaviour/reference implementation,standalone,server/internal/proxy/worker_pool.go,305ef6a724d843355bbfa51ce81f3c4958c29e56ded6d67cee84d8f5698a8919,NewWorkerPool;WorkerPool;WorkerPool.Shutdown;WorkerPool.Submit,promotion to governed lab,one-to-one,reference-only,"The source carries distinct dormant implementation value but has no live production consumer. Preserve it as an intentional, catalogued lab capability without granting runtime authority; later promotion must extract only target-native value behind a canonical owner.",daemon lab capability corpus,labs/daemon/proxy/worker_pool.go,The lab source remains byte-identical to its baseline object and traceable by SHA-256.,Live daemon internal packages must not import lab code directly or treat lab presence as production readiness.,labs/daemon/proxy/worker_pool_test.go,labs/daemon/CAPABILITIES.csv,Path-only promotion from experiments to labs; no live runtime dependency or persisted state change.,Repository-native baseline source; no new external donor bytes introduced.,medium,n/a,high,statically-validated
HVC-LAB-W20-WS-REVERSE-TUNNEL-46B3ADEC,n/a,HVC-LAB-20-wave20-ws-reverse-tunnel,luminet-baseline-d73453f,daemon-labs,ws reverse tunnel lab capability,standalone source unit,executable-behaviour/reference implementation,standalone,server/internal/proxy/ws_reverse_tunnel.go,46b3adece3a9d8b0d4439df0412856ce408d7aa20d7b2d6babb4ca7acbeb27db,DialTunnelClient;NewWSReverseTunnelManager;WSReverseTunnelAuthRequest;WSReverseTunnelAuthRequestMessage;WSReverseTunnelAuthResponse;WSReverseTunnelAuthResponseMessage;WSReverseTunnelConn;WSReverseTunnelError;WSReverseTunnelHTTPRequest;WSReverseTunnelHTTPRequestMessage;WSReverseTunnelHTTPResponse;WSReverseTunnelHTTPResponseMessage;WSReverseTunnelManager;WSReverseTunnelManager.ServeHTTPReverse;WSReverseTunnelManager.ServeHTTPWS;WSReverseTunnelMessageType;WSReverseTunnelSocketMessage,promotion to governed lab,one-to-one,reference-only,"The source carries distinct dormant implementation value but has no live production consumer. Preserve it as an intentional, catalogued lab capability without granting runtime authority; later promotion must extract only target-native value behind a canonical owner.",daemon lab capability corpus,labs/daemon/proxy/ws_reverse_tunnel.go,The lab source remains byte-identical to its baseline object and traceable by SHA-256.,Live daemon internal packages must not import lab code directly or treat lab presence as production readiness.,labs/daemon/proxy/ws_reverse_tunnel_test.go,labs/daemon/CAPABILITIES.csv,Path-only promotion from experiments to labs; no live runtime dependency or persisted state change.,Repository-native baseline source; no new external donor bytes introduced.,medium,n/a,high,statically-validated
HVC-LAB-W20-WSTUNNEL-REVERSE-536CCD0C,n/a,HVC-LAB-20-wave20-wstunnel-reverse,luminet-baseline-d73453f,daemon-labs,wstunnel reverse lab capability,standalone source unit,executable-behaviour/reference implementation,standalone,server/internal/proxy/wstunnel_reverse.go,536ccd0cf83be1106e76306c7b407bfd77c0b2a1e13d9044ad355e2b3b4917a6,NewReverseTunnelServer;ReverseTunnelServer;ReverseTunnelServer.Close;ReverseTunnelServer.Start,promotion to governed lab,one-to-one,reference-only,"The source carries distinct dormant implementation value but has no live production consumer. Preserve it as an intentional, catalogued lab capability without granting runtime authority; later promotion must extract only target-native value behind a canonical owner.",daemon lab capability corpus,labs/daemon/proxy/wstunnel_reverse.go,The lab source remains byte-identical to its baseline object and traceable by SHA-256.,Live daemon internal packages must not import lab code directly or treat lab presence as production readiness.,n/a,labs/daemon/CAPABILITIES.csv,Path-only promotion from experiments to labs; no live runtime dependency or persisted state change.,Repository-native baseline source; no new external donor bytes introduced.,medium,n/a,high,statically-validated
HVC-LAB-W20-XHTTP-AZURE-9321E8C8,n/a,HVC-LAB-20-wave20-xhttp-azure,luminet-baseline-d73453f,daemon-labs,xhttp azure lab capability,standalone source unit,executable-behaviour/reference implementation,standalone,server/internal/proxy/xhttp_azure.go,9321e8c8fcd5925c7c2e0f004717a5ebe44f1a4fd6db72be2cc76f13a3dcf5f4,NewXHTTPAzure;XHTTPAzure;XHTTPAzure.GetClient;XHTTPAzure.ProvisionAzureRelay;XHTTPAzure.RunRelay,promotion to governed lab,one-to-one,reference-only,"The source carries distinct dormant implementation value but has no live production consumer. Preserve it as an intentional, catalogued lab capability without granting runtime authority; later promotion must extract only target-native value behind a canonical owner.",daemon lab capability corpus,labs/daemon/proxy/xhttp_azure.go,The lab source remains byte-identical to its baseline object and traceable by SHA-256.,Live daemon internal packages must not import lab code directly or treat lab presence as production readiness.,n/a,labs/daemon/CAPABILITIES.csv,Path-only promotion from experiments to labs; no live runtime dependency or persisted state change.,Repository-native baseline source; no new external donor bytes introduced.,medium,n/a,high,statically-validated
HVC-LAB-W20-XHTTP-EDGE-RELAY-0265A09C,n/a,HVC-LAB-20-wave20-xhttp-edge-relay,luminet-baseline-d73453f,daemon-labs,xhttp edge relay lab capability,standalone source unit,executable-behaviour/reference implementation,standalone,server/internal/proxy/xhttp_edge_relay.go,0265a09cfeda1295244b84ede829e81d545d557da28d19af75d46c246a526d3a,NewXHTTPEdgeRelay;XHTTPEdgeRelay;XHTTPEdgeRelay.Relay,promotion to governed lab,one-to-one,reference-only,"The source carries distinct dormant implementation value but has no live production consumer. Preserve it as an intentional, catalogued lab capability without granting runtime authority; later promotion must extract only target-native value behind a canonical owner.",daemon lab capability corpus,labs/daemon/proxy/xhttp_edge_relay.go,The lab source remains byte-identical to its baseline object and traceable by SHA-256.,Live daemon internal packages must not import lab code directly or treat lab presence as production readiness.,n/a,labs/daemon/CAPABILITIES.csv,Path-only promotion from experiments to labs; no live runtime dependency or persisted state change.,Repository-native baseline source; no new external donor bytes introduced.,medium,n/a,high,statically-validated
HVC-LAB-W20-XHTTP-FASTLY-FE2CBE58,n/a,HVC-LAB-20-wave20-xhttp-fastly,luminet-baseline-d73453f,daemon-labs,xhttp fastly lab capability,standalone source unit,executable-behaviour/reference implementation,standalone,server/internal/proxy/xhttp_fastly.go,fe2cbe584352ad00f53892fb4e624124527d1c7b5e9abcd89a2e98d1f5db41d6,NewXHTTPFastly;XHTTPFastly;XHTTPFastly.ConfigureFastlyStore;XHTTPFastly.RunRelay,promotion to governed lab,one-to-one,reference-only,"The source carries distinct dormant implementation value but has no live production consumer. Preserve it as an intentional, catalogued lab capability without granting runtime authority; later promotion must extract only target-native value behind a canonical owner.",daemon lab capability corpus,labs/daemon/proxy/xhttp_fastly.go,The lab source remains byte-identical to its baseline object and traceable by SHA-256.,Live daemon internal packages must not import lab code directly or treat lab presence as production readiness.,n/a,labs/daemon/CAPABILITIES.csv,Path-only promotion from experiments to labs; no live runtime dependency or persisted state change.,Repository-native baseline source; no new external donor bytes introduced.,medium,n/a,high,statically-validated
HVC-LAB-W20-XHTTP-RELAY-AZURE-21B24CF9,n/a,HVC-LAB-20-wave20-xhttp-relay-azure,luminet-baseline-d73453f,daemon-labs,xhttp relay azure lab capability,standalone source unit,executable-behaviour/reference implementation,standalone,server/internal/proxy/xhttp_relay_azure.go,21b24cf9e41c5fca80853b2faca205a5fb9a4ca2b77873701ecc09285a701fb8,NewXHTTPRelayAzure;XHTTPRelayAzure;XHTTPRelayAzure.Relay;XHTTPRelayAzure.ServeHTTP,promotion to governed lab,one-to-one,reference-only,"The source carries distinct dormant implementation value but has no live production consumer. Preserve it as an intentional, catalogued lab capability without granting runtime authority; later promotion must extract only target-native value behind a canonical owner.",daemon lab capability corpus,labs/daemon/proxy/xhttp_relay_azure.go,The lab source remains byte-identical to its baseline object and traceable by SHA-256.,Live daemon internal packages must not import lab code directly or treat lab presence as production readiness.,n/a,labs/daemon/CAPABILITIES.csv,Path-only promotion from experiments to labs; no live runtime dependency or persisted state change.,Repository-native baseline source; no new external donor bytes introduced.,medium,n/a,high,statically-validated
HVC-LAB-W20-XHTTP-RELAY-CONFIG-D6C8BC12,n/a,HVC-LAB-20-wave20-xhttp-relay-config,luminet-baseline-d73453f,daemon-labs,xhttp relay config lab capability,standalone source unit,executable-behaviour/reference implementation,standalone,server/internal/proxy/xhttp_relay_config.go,d6c8bc12cea3fbaa7367760a5945add490eb0deccd85b11335bb00dff3062b67,NewXHTTPRelayConfig;NewXHTTPRelayForwardHeaders;XHTTPRelayConfig;XHTTPRelayConfig.GetErrorLogMinIntervalMs;XHTTPRelayConfig.GetMaxDownBPS;XHTTPRelayConfig.GetMaxInflight;XHTTPRelayConfig.GetMaxUpBPS;XHTTPRelayConfig.GetPublicRelayPath;XHTTPRelayConfig.GetRelayKey;XHTTPRelayConfig.GetRelayPath;XHTTPRelayConfig.GetSuccessLogMinDurationMs;XHTTPRelayConfig.GetSuccessLogSampleRate;XHTTPRelayConfig.GetTargetBase;XHTTPRelayConfig.GetUpstreamDNSOrder;XHTTPRelayConfig.GetUpstreamTimeoutMs;XHTTPRelayConfig.SetErrorLogMinIntervalMs;XHTTPRelayConfig.SetMaxDownBPS;XHTTPRelayConfig.SetMaxInflight;XHTTPRelayConfig.SetMaxUpBPS;XHTTPRelayConfig.SetPublicRelayPath;XHTTPRelayConfig.SetRelayKey;XHTTPRelayConfig.SetRelayPath;XHTTPRelayConfig.SetSuccessLogMinDurationMs;XHTTPRelayConfig.SetSuccessLogSampleRate;XHTTPRelayConfig.SetTargetBase;XHTTPRelayConfig.SetUpstreamDNSOrder;XHTTPRelayConfig.SetUpstreamTimeoutMs;XHTTPRelayForwardHeaders;XHTTPRelayForwardHeaders.GetForwardExact;XHTTPRelayForwardHeaders.GetForwardPrefixes;XHTTPRelayForwardHeaders.GetStripHeaders;XHTTPRelayForwardHeaders.SetForwardExact;XHTTPRelayForwardHeaders.SetForwardPrefixes;XHTTPRelayForwardHeaders.SetStripHeaders;XHTTPRelayLogState;XHTTPRelayLogState.GetErrorLastAt;XHTTPRelayLogState.GetErrorSuppressed;XHTTPRelayLogState.GetTimeoutLastAt;XHTTPRelayLogState.GetTimeoutSuppressed;XHTTPRelayLogState.SetErrorLastAt;XHTTPRelayLogState.SetErrorSuppressed;XHTTPRelayLogState.SetTimeoutLastAt;XHTTPRelayLogState.SetTimeoutSuppressed;XHTTPRelayRequestMeta;XHTTPRelayRequestMeta.GetDurationMs;XHTTPRelayRequestMeta.GetHitUpstreamTimeout;XHTTPRelayRequestMeta.GetMethod;XHTTPRelayRequestMeta.GetRequestID;XHTTPRelayRequestMeta.GetSlotAcquired;XHTTPRelayRequestMeta.GetStartedAt;XHTTPRelayRequestMeta.GetStatusCode;XHTTPRelayRequestMeta.GetTargetURL;XHTTPRelayRequestMeta.GetUpstreamPath;XHTTPRelayRequestMeta.SetDurationMs;XHTTPRelayRequestMeta.SetHitUpstreamTimeout;XHTTPRelayRequestMeta.SetMethod;XHTTPRelayRequestMeta.SetRequestID;XHTTPRelayRequestMeta.SetSlotAcquired;XHTTPRelayRequestMeta.SetStartedAt;XHTTPRelayRequestMeta.SetStatusCode;XHTTPRelayRequestMeta.SetTargetURL;XHTTPRelayRequestMeta.SetUpstreamPath,promotion to governed lab,one-to-one,reference-only,"The source carries distinct dormant implementation value but has no live production consumer. Preserve it as an intentional, catalogued lab capability without granting runtime authority; later promotion must extract only target-native value behind a canonical owner.",daemon lab capability corpus,labs/daemon/proxy/xhttp_relay_config.go,The lab source remains byte-identical to its baseline object and traceable by SHA-256.,Live daemon internal packages must not import lab code directly or treat lab presence as production readiness.,n/a,labs/daemon/CAPABILITIES.csv,Path-only promotion from experiments to labs; no live runtime dependency or persisted state change.,Repository-native baseline source; no new external donor bytes introduced.,medium,n/a,high,statically-validated
HVC-LAB-W20-XHTTP-RELAY-FASTLY-67CDAC97,n/a,HVC-LAB-20-wave20-xhttp-relay-fastly,luminet-baseline-d73453f,daemon-labs,xhttp relay fastly lab capability,standalone source unit,executable-behaviour/reference implementation,standalone,server/internal/proxy/xhttp_relay_fastly.go,67cdac97866959d6966c43afb388377e211606c6014a7d54dc8cd60e9f15e5b6,NewXHTTPRelayFastlyConfig;XHTTPRelayAllowedMethod;XHTTPRelayAllowedMethods;XHTTPRelayFastlyConfig;XHTTPRelayFastlyConfig.GetPublicRelayPath;XHTTPRelayFastlyConfig.GetRelayPath;XHTTPRelayFastlyConfig.GetTargetBase;XHTTPRelayFastlyConfig.GetTargetHostname;XHTTPRelayFastlyConfig.SetPublicRelayPath;XHTTPRelayFastlyConfig.SetRelayPath;XHTTPRelayFastlyConfig.SetTargetBase;XHTTPRelayFastlyConfig.SetTargetHostname;XHTTPRelayIsAllowedPath;XHTTPRelayMapPath;XHTTPRelayNormalizePath;XHTTPRelayResponseCacheHeaders;XHTTPRelayStrippedResponseHeaders,promotion to governed lab,one-to-one,reference-only,"The source carries distinct dormant implementation value but has no live production consumer. Preserve it as an intentional, catalogued lab capability without granting runtime authority; later promotion must extract only target-native value behind a canonical owner.",daemon lab capability corpus,labs/daemon/proxy/xhttp_relay_fastly.go,The lab source remains byte-identical to its baseline object and traceable by SHA-256.,Live daemon internal packages must not import lab code directly or treat lab presence as production readiness.,n/a,labs/daemon/CAPABILITIES.csv,Path-only promotion from experiments to labs; no live runtime dependency or persisted state change.,Repository-native baseline source; no new external donor bytes introduced.,medium,n/a,high,statically-validated
HVC-LAB-W20-XHTTP-RELAY-VERCEL-ECO-A1025116,n/a,HVC-LAB-20-wave20-xhttp-relay-vercel-eco,luminet-baseline-d73453f,daemon-labs,xhttp relay vercel eco lab capability,standalone source unit,executable-behaviour/reference implementation,standalone,server/internal/proxy/xhttp_relay_vercel_eco.go,a1025116a6174ae1bcd539bb56eec4c85cd141e4f1ea6ea235a2c903aee1ca32,NewXHTTPRelayVercelEco;XHTTPRelayVercelEco;XHTTPRelayVercelEco.Relay;XHTTPRelayVercelEco.ServeHTTP;XHTTPRelayVercelEco.ThrottledCopy,promotion to governed lab,one-to-one,reference-only,"The source carries distinct dormant implementation value but has no live production consumer. Preserve it as an intentional, catalogued lab capability without granting runtime authority; later promotion must extract only target-native value behind a canonical owner.",daemon lab capability corpus,labs/daemon/proxy/xhttp_relay_vercel_eco.go,The lab source remains byte-identical to its baseline object and traceable by SHA-256.,Live daemon internal packages must not import lab code directly or treat lab presence as production readiness.,n/a,labs/daemon/CAPABILITIES.csv,Path-only promotion from experiments to labs; no live runtime dependency or persisted state change.,Repository-native baseline source; no new external donor bytes introduced.,medium,n/a,high,statically-validated
HVC-LAB-W20-XTLS-VISION-D71983A0,n/a,HVC-LAB-20-wave20-xtls-vision,luminet-baseline-d73453f,daemon-labs,xtls vision lab capability,standalone source unit,executable-behaviour/reference implementation,standalone,server/internal/proxy/xtls_vision.go,d71983a0187073aaa5e7c9bad913f42010238b3d899e3b0d1ffccc3c1dcea0c4,NewXTLSVisionConn;XTLSVisionConn;XTLSVisionConn.IsDirect;XTLSVisionConn.Read;XTLSVisionDialAndSplice;XTLSVisionDirect;XTLSVisionScanning;XTLSVisionSplice;XTLSVisionState,promotion to governed lab,one-to-one,reference-only,"The source carries distinct dormant implementation value but has no live production consumer. Preserve it as an intentional, catalogued lab capability without granting runtime authority; later promotion must extract only target-native value behind a canonical owner.",daemon lab capability corpus,labs/daemon/proxy/xtls_vision.go,The lab source remains byte-identical to its baseline object and traceable by SHA-256.,Live daemon internal packages must not import lab code directly or treat lab presence as production readiness.,n/a,labs/daemon/CAPABILITIES.csv,Path-only promotion from experiments to labs; no live runtime dependency or persisted state change.,Repository-native baseline source; no new external donor bytes introduced.,medium,n/a,high,statically-validated
HVC-LAB-W21-BEGZAR-22CD145A,n/a,HVC-LAB-21-component-begzar,luminet-baseline-d73453f,daemon-labs,begzar lab capability,standalone source unit,executable-behaviour/reference implementation,component-dependent,server/internal/proxy/begzar.go,22cd145a8a22e50c4d16f64dc6e4a8c86f89cd3c0291a60f7dd2f3de1114b20d,BegzarAppWrapper;BegzarAppWrapper.StartTunnel;NewBegzarAppWrapper,promotion to governed lab,one-to-one,reference-only,"The source carries distinct dormant implementation value but has no live production consumer. Preserve it as an intentional, catalogued lab capability without granting runtime authority; later promotion must extract only target-native value behind a canonical owner.",daemon lab capability corpus,labs/daemon/proxy/begzar.go,The lab source remains byte-identical to its baseline object and traceable by SHA-256.,Live daemon internal packages must not import lab code directly or treat lab presence as production readiness.,n/a,labs/daemon/CAPABILITIES.csv,Path-only promotion from experiments to labs; no live runtime dependency or persisted state change.,Repository-native baseline source; no new external donor bytes introduced.,medium,n/a,high,verified
HVC-LAB-W21-CF-WORKER-TROJAN-7B0C7734,n/a,HVC-LAB-21-component-cf_worker_trojan,luminet-baseline-d73453f,daemon-labs,cf worker trojan lab capability,standalone source unit,executable-behaviour/reference implementation,component-dependent,server/internal/proxy/cf_worker_trojan.go,7b0c7734348373d997f408feae049356fd6a2177b9cf28a1d977b961fa589049,CFWorkerTrojanConfig;CFWorkerTrojanConfig.GetPassword;CFWorkerTrojanConfig.SetPassword;GenerateTrojanWorkerURL,promotion to governed lab,one-to-one,reference-only,"The source carries distinct dormant implementation value but has no live production consumer. Preserve it as an intentional, catalogued lab capability without granting runtime authority; later promotion must extract only target-native value behind a canonical owner.",daemon lab capability corpus,labs/daemon/proxy/cf_worker_trojan.go,The lab source remains byte-identical to its baseline object and traceable by SHA-256.,Live daemon internal packages must not import lab code directly or treat lab presence as production readiness.,labs/daemon/proxy/cf_worker_url_test.go,labs/daemon/CAPABILITIES.csv,Path-only promotion from experiments to labs; no live runtime dependency or persisted state change.,Repository-native baseline source; no new external donor bytes introduced.,medium,n/a,high,verified
HVC-LAB-W21-CF-WORKER-URL-9E0AC754,n/a,HVC-LAB-21-component-cf_worker_trojan,luminet-baseline-d73453f,daemon-labs,cf worker url lab capability,standalone source unit,executable-behaviour/reference implementation,component-dependent,server/internal/proxy/cf_worker_url.go,9e0ac7549b559149807718519080d7fb40d214987eaa118c21b8218166a7cfeb,package-level implementation,promotion to governed lab,one-to-one,reference-only,"The source carries distinct dormant implementation value but has no live production consumer. Preserve it as an intentional, catalogued lab capability without granting runtime authority; later promotion must extract only target-native value behind a canonical owner.",daemon lab capability corpus,labs/daemon/proxy/cf_worker_url.go,The lab source remains byte-identical to its baseline object and traceable by SHA-256.,Live daemon internal packages must not import lab code directly or treat lab presence as production readiness.,labs/daemon/proxy/cf_worker_url_test.go,labs/daemon/CAPABILITIES.csv,Path-only promotion from experiments to labs; no live runtime dependency or persisted state change.,Repository-native baseline source; no new external donor bytes introduced.,medium,n/a,high,verified
HVC-LAB-W21-CF-WORKER-VLESS-317F320A,n/a,HVC-LAB-21-component-cf_worker_trojan,luminet-baseline-d73453f,daemon-labs,cf worker vless lab capability,standalone source unit,executable-behaviour/reference implementation,component-dependent,server/internal/proxy/cf_worker_vless.go,317f320a43750051d04f8a7a8419f6ad572e4076577bc22a467f3a96762d5e92,CFWorkerVlessConfig;CFWorkerVlessConfig.GetUserUUID;CFWorkerVlessConfig.SetUserUUID;GenerateVlessWorkerURL,promotion to governed lab,one-to-one,reference-only,"The source carries distinct dormant implementation value but has no live production consumer. Preserve it as an intentional, catalogued lab capability without granting runtime authority; later promotion must extract only target-native value behind a canonical owner.",daemon lab capability corpus,labs/daemon/proxy/cf_worker_vless.go,The lab source remains byte-identical to its baseline object and traceable by SHA-256.,Live daemon internal packages must not import lab code directly or treat lab presence as production readiness.,labs/daemon/proxy/cf_worker_url_test.go,labs/daemon/CAPABILITIES.csv,Path-only promotion from experiments to labs; no live runtime dependency or persisted state change.,Repository-native baseline source; no new external donor bytes introduced.,medium,n/a,high,verified
HVC-LAB-W21-CLASH-WORKER-AA309560,n/a,HVC-LAB-21-component-clash_worker,luminet-baseline-d73453f,daemon-labs,clash worker lab capability,standalone source unit,executable-behaviour/reference implementation,component-dependent,server/internal/proxy/clash_worker.go,aa3095608c701b1e2ffefa9b4f6d2b51b138f5342c99d15d5640191a09d65afa,ClashDNS;ClashGroup;ClashProxy;ClashProxy.GetAlterID;ClashProxy.GetCipher;ClashProxy.GetMerged;ClashProxy.GetName;ClashProxy.GetNetwork;ClashProxy.GetPort;ClashProxy.GetProvider;ClashProxy.GetServer;ClashProxy.GetServerName;ClashProxy.GetSkipCertVerify;ClashProxy.GetTLS;ClashProxy.GetType;ClashProxy.GetUUID;ClashProxy.GetWsHeaders;ClashProxy.GetWsPath;ClashProxy.SetAlterID;ClashProxy.SetCipher;ClashProxy.SetMerged;ClashProxy.SetName;ClashProxy.SetNetwork;ClashProxy.SetPort;ClashProxy.SetProvider;ClashProxy.SetServer;ClashProxy.SetServerName;ClashProxy.SetSkipCertVerify;ClashProxy.SetTLS;ClashProxy.SetType;ClashProxy.SetUUID;ClashProxy.SetWsHeaders;ClashProxy.SetWsPath;ClashWorker;ClashWorker.AddCleanIP;ClashWorker.AddConfigProvider;ClashWorker.AddDnsNameserver;ClashWorker.AddOperator;ClashWorker.AddProxy;ClashWorker.AddProxyGroup;ClashWorker.AddRule;ClashWorker.AddSelectedProvider;ClashWorker.AddSelectedType;ClashWorker.Aggregate;ClashWorker.ClearCleanIPs;ClashWorker.ClearConfigProviders;ClashWorker.ClearProxies;ClashWorker.ClearProxyGroups;ClashWorker.ClearRules;ClashWorker.ClearSelectedProviders;ClashWorker.ClearSelectedTypes;ClashWorker.FetchCleanIPs;ClashWorker.FilterConfigs;ClashWorker.GenerateFallbackGroup;ClashWorker.GenerateLoadBalanceChGroup;ClashWorker.GenerateLoadBalanceRrGroup;ClashWorker.GenerateUrlTestGroup;ClashWorker.GetAllowLan;ClashWorker.GetCleanIPs;ClashWorker.GetConfigProviders;ClashWorker.GetDnsEnabled;ClashWorker.GetDnsEnhancedMode;ClashWorker.GetDnsIpv6;ClashWorker.GetDnsNameservers;ClashWorker.GetExternalController;ClashWorker.GetIncludeOriginal;ClashWorker.GetIpProviderLink;ClashWorker.GetLogLevel;ClashWorker.GetMaxConfigs;ClashWorker.GetMode;ClashWorker.GetOnlyOriginal;ClashWorker.GetOperators;ClashWorker.GetPort;ClashWorker.GetProxies;ClashWorker.GetProxyGroups;ClashWorker.GetRules;ClashWorker.GetSelectedProviders;ClashWorker.GetSelectedTypes;ClashWorker.GetSocksPort;ClashWorker.MixClashConfig;ClashWorker.RemoveCleanIP;ClashWorker.RemoveConfigProvider;ClashWorker.RemoveDnsNameserver;ClashWorker.RemoveOperator;ClashWorker.RemoveProxy;ClashWorker.RemoveProxyGroup;ClashWorker.RemoveRule;ClashWorker.RemoveSelectedProvider;ClashWorker.RemoveSelectedType;ClashWorker.SetAllowLan;ClashWorker.SetCleanIPs;ClashWorker.SetConfigProviders;ClashWorker.SetDnsEnabled;ClashWorker.SetDnsEnhancedMode;ClashWorker.SetDnsIpv6;ClashWorker.SetDnsNameservers;ClashWorker.SetExternalController;ClashWorker.SetIncludeOriginal;ClashWorker.SetIpProviderLink;ClashWorker.SetLogLevel;ClashWorker.SetMaxConfigs;ClashWorker.SetMode;ClashWorker.SetOnlyOriginal;ClashWorker.SetOperators;ClashWorker.SetPort;ClashWorker.SetProxies;ClashWorker.SetProxyGroups;ClashWorker.SetRules;ClashWorker.SetSelectedProviders;ClashWorker.SetSelectedTypes;ClashWorker.SetSocksPort;ClashWorker.ToClashYaml;ClashWorker.ValidateCipher;ClashWorker.ValidateUuid;CleanIP;NewClashWorker,promotion to governed lab,one-to-one,reference-only,"The source carries distinct dormant implementation value but has no live production consumer. Preserve it as an intentional, catalogued lab capability without granting runtime authority; later promotion must extract only target-native value behind a canonical owner.",daemon lab capability corpus,labs/daemon/proxy/clash_worker.go,The lab source remains byte-identical to its baseline object and traceable by SHA-256.,Live daemon internal packages must not import lab code directly or treat lab presence as production readiness.,n/a,labs/daemon/CAPABILITIES.csv,Path-only promotion from experiments to labs; no live runtime dependency or persisted state change.,Repository-native baseline source; no new external donor bytes introduced.,medium,n/a,high,verified
HVC-LAB-W21-GC-TUNING-48769398,n/a,HVC-LAB-21-component-gc_tuning,luminet-baseline-d73453f,daemon-labs,gc tuning lab capability,standalone source unit,executable-behaviour/reference implementation,component-dependent,server/internal/proxy/gc_tuning.go,48769398f4d45fafcd7d86b5d789b74cee02b6711d8590be61dbb96f25d98728,TuneGC,promotion to governed lab,one-to-one,reference-only,"The source carries distinct dormant implementation value but has no live production consumer. Preserve it as an intentional, catalogued lab capability without granting runtime authority; later promotion must extract only target-native value behind a canonical owner.",daemon lab capability corpus,labs/daemon/proxy/gc_tuning.go,The lab source remains byte-identical to its baseline object and traceable by SHA-256.,Live daemon internal packages must not import lab code directly or treat lab presence as production readiness.,n/a,labs/daemon/CAPABILITIES.csv,Path-only promotion from experiments to labs; no live runtime dependency or persisted state change.,Repository-native baseline source; no new external donor bytes introduced.,medium,n/a,high,verified
HVC-LAB-W21-GC-TUNING-LINUX-923E0876,n/a,HVC-LAB-21-component-gc_tuning,luminet-baseline-d73453f,daemon-labs,gc tuning linux lab capability,standalone source unit,executable-behaviour/reference implementation,component-dependent,server/internal/proxy/gc_tuning_linux.go,923e0876e8ad1894be2bb36349fa4ef59f7bbd0d98e0f795ad63348128688836,package-level implementation,promotion to governed lab,one-to-one,reference-only,"The source carries distinct dormant implementation value but has no live production consumer. Preserve it as an intentional, catalogued lab capability without granting runtime authority; later promotion must extract only target-native value behind a canonical owner.",daemon lab capability corpus,labs/daemon/proxy/gc_tuning_linux.go,The lab source remains byte-identical to its baseline object and traceable by SHA-256.,Live daemon internal packages must not import lab code directly or treat lab presence as production readiness.,n/a,labs/daemon/CAPABILITIES.csv,Path-only promotion from experiments to labs; no live runtime dependency or persisted state change.,Repository-native baseline source; no new external donor bytes introduced.,medium,n/a,high,verified
HVC-LAB-W21-GC-TUNING-OTHER-8DA73EA5,n/a,HVC-LAB-21-component-gc_tuning,luminet-baseline-d73453f,daemon-labs,gc tuning other lab capability,standalone source unit,executable-behaviour/reference implementation,component-dependent,server/internal/proxy/gc_tuning_other.go,8da73ea54c89ad180a6405f810c317ad666fd149424096eb801f22af6c17281f,package-level implementation,promotion to governed lab,one-to-one,reference-only,"The source carries distinct dormant implementation value but has no live production consumer. Preserve it as an intentional, catalogued lab capability without granting runtime authority; later promotion must extract only target-native value behind a canonical owner.",daemon lab capability corpus,labs/daemon/proxy/gc_tuning_other.go,The lab source remains byte-identical to its baseline object and traceable by SHA-256.,Live daemon internal packages must not import lab code directly or treat lab presence as production readiness.,n/a,labs/daemon/CAPABILITIES.csv,Path-only promotion from experiments to labs; no live runtime dependency or persisted state change.,Repository-native baseline source; no new external donor bytes introduced.,medium,n/a,high,verified
HVC-LAB-W21-GC-TUNING-WINDOWS-E7AE2C30,n/a,HVC-LAB-21-component-gc_tuning,luminet-baseline-d73453f,daemon-labs,gc tuning windows lab capability,standalone source unit,executable-behaviour/reference implementation,component-dependent,server/internal/proxy/gc_tuning_windows.go,e7ae2c307cd7c0db57bf19157b287bf5820f2fb96e0f15ce6014e95c4f90a22a,package-level implementation,promotion to governed lab,one-to-one,reference-only,"The source carries distinct dormant implementation value but has no live production consumer. Preserve it as an intentional, catalogued lab capability without granting runtime authority; later promotion must extract only target-native value behind a canonical owner.",daemon lab capability corpus,labs/daemon/proxy/gc_tuning_windows.go,The lab source remains byte-identical to its baseline object and traceable by SHA-256.,Live daemon internal packages must not import lab code directly or treat lab presence as production readiness.,n/a,labs/daemon/CAPABILITIES.csv,Path-only promotion from experiments to labs; no live runtime dependency or persisted state change.,Repository-native baseline source; no new external donor bytes introduced.,medium,n/a,high,verified
HVC-LAB-W21-MANAGED-CONFIG-PROCESS-ABF53799,n/a,HVC-LAB-21-component-managed_config_process,luminet-baseline-d73453f,daemon-labs,managed config process lab capability,standalone source unit,executable-behaviour/reference implementation,component-dependent,server/internal/proxy/managed_config_process.go,abf53799f8d695e72cf766c5d8733652420be4a65cfd6437ebfb026b1d804b24,package-level implementation,promotion to governed lab,one-to-one,reference-only,"The source carries distinct dormant implementation value but has no live production consumer. Preserve it as an intentional, catalogued lab capability without granting runtime authority; later promotion must extract only target-native value behind a canonical owner.",daemon lab capability corpus,labs/daemon/proxy/managed_config_process.go,The lab source remains byte-identical to its baseline object and traceable by SHA-256.,Live daemon internal packages must not import lab code directly or treat lab presence as production readiness.,n/a,labs/daemon/CAPABILITIES.csv,Path-only promotion from experiments to labs; no live runtime dependency or persisted state change.,Repository-native baseline source; no new external donor bytes introduced.,medium,n/a,high,verified
HVC-LAB-W21-MITM-DECRYPTOR-D4BB92B7,n/a,HVC-LAB-21-component-mitm_decryptor,luminet-baseline-d73453f,daemon-labs,mitm decryptor lab capability,standalone source unit,executable-behaviour/reference implementation,component-dependent,server/internal/proxy/mitm_decryptor.go,d4bb92b70ef8f198bd914e84b20f45a4d0db1211f1be1f3b29e4a0f68d4dd10d,MitmDecryptor;MitmDecryptor.GetCertificate;MitmDecryptor.TLSConfig;NewMitmDecryptor,promotion to governed lab,one-to-one,reference-only,"The source carries distinct dormant implementation value but has no live production consumer. Preserve it as an intentional, catalogued lab capability without granting runtime authority; later promotion must extract only target-native value behind a canonical owner.",daemon lab capability corpus,labs/daemon/proxy/mitm_decryptor.go,The lab source remains byte-identical to its baseline object and traceable by SHA-256.,Live daemon internal packages must not import lab code directly or treat lab presence as production readiness.,n/a,labs/daemon/CAPABILITIES.csv,Path-only promotion from experiments to labs; no live runtime dependency or persisted state change.,Repository-native baseline source; no new external donor bytes introduced.,medium,n/a,high,verified
HVC-LAB-W21-MITM-PROXY-92E0AB78,n/a,HVC-LAB-21-component-mitm_decryptor,luminet-baseline-d73453f,daemon-labs,mitm proxy lab capability,standalone source unit,executable-behaviour/reference implementation,component-dependent,server/internal/proxy/mitm_proxy.go,92e0ab78f6d5cca2bc3bc5011dd16a602c063b8b4497aeca5779f87d8d828389,MitmProxy;MitmProxy.Start;MitmProxy.Stop;NewMitmProxy,promotion to governed lab,one-to-one,reference-only,"The source carries distinct dormant implementation value but has no live production consumer. Preserve it as an intentional, catalogued lab capability without granting runtime authority; later promotion must extract only target-native value behind a canonical owner.",daemon lab capability corpus,labs/daemon/proxy/mitm_proxy.go,The lab source remains byte-identical to its baseline object and traceable by SHA-256.,Live daemon internal packages must not import lab code directly or treat lab presence as production readiness.,n/a,labs/daemon/CAPABILITIES.csv,Path-only promotion from experiments to labs; no live runtime dependency or persisted state change.,Repository-native baseline source; no new external donor bytes introduced.,medium,n/a,high,verified
HVC-LAB-W21-NOVA-BACKEND-18F1CA06,n/a,HVC-LAB-21-component-nova_backend,luminet-baseline-d73453f,daemon-labs,nova backend lab capability,standalone source unit,executable-behaviour/reference implementation,component-dependent,server/internal/proxy/nova_backend.go,18f1ca061e27948a4b9da8e550921d9b8c8895f99237b6e72e2cdf65f3004e5c,NewNovaBackendWrapper;NovaBackendWrapper,promotion to governed lab,one-to-one,reference-only,"The source carries distinct dormant implementation value but has no live production consumer. Preserve it as an intentional, catalogued lab capability without granting runtime authority; later promotion must extract only target-native value behind a canonical owner.",daemon lab capability corpus,labs/daemon/proxy/nova_backend.go,The lab source remains byte-identical to its baseline object and traceable by SHA-256.,Live daemon internal packages must not import lab code directly or treat lab presence as production readiness.,n/a,labs/daemon/CAPABILITIES.csv,Path-only promotion from experiments to labs; no live runtime dependency or persisted state change.,Repository-native baseline source; no new external donor bytes introduced.,medium,n/a,high,verified
HVC-LAB-W21-NOVA-PROXY-BD315F89,n/a,HVC-LAB-21-component-nova_proxy,luminet-baseline-d73453f,daemon-labs,nova proxy lab capability,standalone source unit,executable-behaviour/reference implementation,component-dependent,server/internal/proxy/nova_proxy.go,bd315f89b521a1f15b1e7ac8b3a5075dc2205d8a0b0658addca7aa24c10e4291,NewNovaProxyWrapper;NovaProxyWrapper,promotion to governed lab,one-to-one,reference-only,"The source carries distinct dormant implementation value but has no live production consumer. Preserve it as an intentional, catalogued lab capability without granting runtime authority; later promotion must extract only target-native value behind a canonical owner.",daemon lab capability corpus,labs/daemon/proxy/nova_proxy.go,The lab source remains byte-identical to its baseline object and traceable by SHA-256.,Live daemon internal packages must not import lab code directly or treat lab presence as production readiness.,n/a,labs/daemon/CAPABILITIES.csv,Path-only promotion from experiments to labs; no live runtime dependency or persisted state change.,Repository-native baseline source; no new external donor bytes introduced.,medium,n/a,high,verified
HVC-LAB-W21-NOVA-WIZARD-6A2BFCCD,n/a,HVC-LAB-21-component-nova_wizard,luminet-baseline-d73453f,daemon-labs,nova wizard lab capability,standalone source unit,executable-behaviour/reference implementation,component-dependent,server/internal/proxy/nova_wizard.go,6a2bfccd8a2b11ead0cf0e8310da94440a74b0b251fa296d99f25290ff5a2698,NewNovaWizardWrapper;NovaWizardWrapper;NovaWizardWrapper.AddBypassDomain;NovaWizardWrapper.AddLogMessage;NovaWizardWrapper.AddProxyRoute;NovaWizardWrapper.BindCustomDomainToScript;NovaWizardWrapper.ClearBypassDomains;NovaWizardWrapper.ClearLogMessages;NovaWizardWrapper.ClearProxyRoutes;NovaWizardWrapper.ClearStepStatuses;NovaWizardWrapper.ConfigureDNSOverride;NovaWizardWrapper.DecommissionKVNamespaces;NovaWizardWrapper.DecommissionWorkers;NovaWizardWrapper.DecrementActiveStep;NovaWizardWrapper.Deploy;NovaWizardWrapper.DeployConfigurationProfile;NovaWizardWrapper.ExportWizardState;NovaWizardWrapper.FetchCloudflareAccounts;NovaWizardWrapper.FetchCloudflareZones;NovaWizardWrapper.GetAccountID;NovaWizardWrapper.GetActiveStep;NovaWizardWrapper.GetBypassDomains;NovaWizardWrapper.GetDNSOverride;NovaWizardWrapper.GetLogMessages;NovaWizardWrapper.GetLogMessagesCount;NovaWizardWrapper.GetOAuthToken;NovaWizardWrapper.GetProxyRoutes;NovaWizardWrapper.GetProxyRoutesCount;NovaWizardWrapper.GetRoutingMode;NovaWizardWrapper.GetStepStatus;NovaWizardWrapper.GetStepStatusesCount;NovaWizardWrapper.GetTelemetryStatus;NovaWizardWrapper.GetTotalSteps;NovaWizardWrapper.GetVersion;NovaWizardWrapper.GetWizardMetadata;NovaWizardWrapper.GetZoneID;NovaWizardWrapper.ImportWizardState;NovaWizardWrapper.IncrementActiveStep;NovaWizardWrapper.IsDomainBypassed;NovaWizardWrapper.IsStepCompleted;NovaWizardWrapper.RemoveBypassDomain;NovaWizardWrapper.RemoveProxyRoute;NovaWizardWrapper.ResetWizardPreset;NovaWizardWrapper.RunStep;NovaWizardWrapper.SetAccountID;NovaWizardWrapper.SetActiveStep;NovaWizardWrapper.SetOAuthToken;NovaWizardWrapper.SetRoutingMode;NovaWizardWrapper.SetStepStatus;NovaWizardWrapper.SetTelemetryStatus;NovaWizardWrapper.SetVersion;NovaWizardWrapper.SetZoneID;NovaWizardWrapper.TriggerDiagnosticReport;NovaWizardWrapper.ValidateCloudflareCredentials;NovaWizardWrapper.ValidateOAuthToken;NovaWizardWrapper.VerifyWizardPreset,promotion to governed lab,one-to-one,reference-only,"The source carries distinct dormant implementation value but has no live production consumer. Preserve it as an intentional, catalogued lab capability without granting runtime authority; later promotion must extract only target-native value behind a canonical owner.",daemon lab capability corpus,labs/daemon/proxy/nova_wizard.go,The lab source remains byte-identical to its baseline object and traceable by SHA-256.,Live daemon internal packages must not import lab code directly or treat lab presence as production readiness.,n/a,labs/daemon/CAPABILITIES.csv,Path-only promotion from experiments to labs; no live runtime dependency or persisted state change.,Repository-native baseline source; no new external donor bytes introduced.,medium,n/a,high,verified
HVC-LAB-W21-PROXY-NODE-ROTATOR-82BE0D19,n/a,HVC-LAB-21-component-nova_proxy,luminet-baseline-d73453f,daemon-labs,proxy node rotator lab capability,standalone source unit,executable-behaviour/reference implementation,component-dependent,server/internal/proxy/proxy_node_rotator.go,82be0d19cdc33f986c8b88ea2e43a03ee3a7b97d80512ecf4751c7b25230f39e,NewNovaProxy;NovaProxy;NovaProxy.HandleEndpoint;NovaProxy.ProxyChain;NovaProxy.ServeBilingualDashboard,promotion to governed lab,one-to-one,reference-only,"The source carries distinct dormant implementation value but has no live production consumer. Preserve it as an intentional, catalogued lab capability without granting runtime authority; later promotion must extract only target-native value behind a canonical owner.",daemon lab capability corpus,labs/daemon/proxy/proxy_node_rotator.go,The lab source remains byte-identical to its baseline object and traceable by SHA-256.,Live daemon internal packages must not import lab code directly or treat lab presence as production readiness.,n/a,labs/daemon/CAPABILITIES.csv,Path-only promotion from experiments to labs; no live runtime dependency or persisted state change.,Repository-native baseline source; no new external donor bytes introduced.,medium,n/a,high,verified
HVC-LAB-W21-PROXY-SETUP-WIZARD-C5259575,n/a,HVC-LAB-21-component-nova_wizard,luminet-baseline-d73453f,daemon-labs,proxy setup wizard lab capability,standalone source unit,executable-behaviour/reference implementation,component-dependent,server/internal/proxy/proxy_setup_wizard.go,c52595751592c6cca772936e1379ef52e23bac88aa42eb539ee0c14ef9bbafaa,NewNovaWizard;NovaWizard;NovaWizard.AddBypassDomain;NovaWizard.AddLogMessage;NovaWizard.AddProxyRoute;NovaWizard.BindCustomDomainToScript;NovaWizard.ClearBypassDomains;NovaWizard.ClearLogMessages;NovaWizard.ClearProxyRoutes;NovaWizard.ClearStepStatuses;NovaWizard.ConfigureDNSOverride;NovaWizard.DecommissionKVNamespaces;NovaWizard.DecommissionWorkers;NovaWizard.DecrementActiveStep;NovaWizard.DeployConfigurationProfile;NovaWizard.DeployWorkersAndKV;NovaWizard.ExportWizardState;NovaWizard.FetchCloudflareAccounts;NovaWizard.FetchCloudflareZones;NovaWizard.GetAccountID;NovaWizard.GetActiveStep;NovaWizard.GetBypassDomains;NovaWizard.GetDNSOverride;NovaWizard.GetLogMessages;NovaWizard.GetLogMessagesCount;NovaWizard.GetOAuthToken;NovaWizard.GetProxyRoutes;NovaWizard.GetProxyRoutesCount;NovaWizard.GetRoutingMode;NovaWizard.GetStepStatus;NovaWizard.GetStepStatusesCount;NovaWizard.GetTelemetryStatus;NovaWizard.GetTotalSteps;NovaWizard.GetVersion;NovaWizard.GetWizardMetadata;NovaWizard.GetZoneID;NovaWizard.ImportWizardState;NovaWizard.IncrementActiveStep;NovaWizard.IsDomainBypassed;NovaWizard.IsStepCompleted;NovaWizard.RemoveBypassDomain;NovaWizard.RemoveProxyRoute;NovaWizard.ResetWizardPreset;NovaWizard.RunStep;NovaWizard.SetAccountID;NovaWizard.SetActiveStep;NovaWizard.SetOAuthToken;NovaWizard.SetRoutingMode;NovaWizard.SetStepStatus;NovaWizard.SetTelemetryStatus;NovaWizard.SetVersion;NovaWizard.SetZoneID;NovaWizard.SuggestNames;NovaWizard.TriggerDiagnosticReport;NovaWizard.ValidateCloudflareCredentials;NovaWizard.ValidateOAuthToken;NovaWizard.VerifyWizardPreset,promotion to governed lab,one-to-one,reference-only,"The source carries distinct dormant implementation value but has no live production consumer. Preserve it as an intentional, catalogued lab capability without granting runtime authority; later promotion must extract only target-native value behind a canonical owner.",daemon lab capability corpus,labs/daemon/proxy/proxy_setup_wizard.go,The lab source remains byte-identical to its baseline object and traceable by SHA-256.,Live daemon internal packages must not import lab code directly or treat lab presence as production readiness.,n/a,labs/daemon/CAPABILITIES.csv,Path-only promotion from experiments to labs; no live runtime dependency or persisted state change.,Repository-native baseline source; no new external donor bytes introduced.,medium,n/a,high,verified
HVC-LAB-W21-SING-BRUTAL-C879FA64,n/a,HVC-LAB-21-component-sing_brutal,luminet-baseline-d73453f,daemon-labs,sing brutal lab capability,standalone source unit,executable-behaviour/reference implementation,component-dependent,server/internal/proxy/sing_brutal.go,c879fa64ee392111b8fd8b6535873f119ada8a2c1726d45b0ad61ef0b2eacd38,BrutalRateController;BrutalRateController.Pace;BrutalRateController.SetRate;NewBrutalRateController,promotion to governed lab,one-to-one,reference-only,"The source carries distinct dormant implementation value but has no live production consumer. Preserve it as an intentional, catalogued lab capability without granting runtime authority; later promotion must extract only target-native value behind a canonical owner.",daemon lab capability corpus,labs/daemon/proxy/sing_brutal.go,The lab source remains byte-identical to its baseline object and traceable by SHA-256.,Live daemon internal packages must not import lab code directly or treat lab presence as production readiness.,n/a,labs/daemon/CAPABILITIES.csv,Path-only promotion from experiments to labs; no live runtime dependency or persisted state change.,Repository-native baseline source; no new external donor bytes introduced.,medium,n/a,high,verified
HVC-LAB-W21-SNELL-PANEL-3BD3AB5B,n/a,HVC-LAB-21-component-clash_worker,luminet-baseline-d73453f,daemon-labs,snell panel lab capability,standalone source unit,executable-behaviour/reference implementation,component-dependent,server/internal/proxy/snell_panel.go,3bd3ab5b34f7b54be5230b228ed5b6d02c3bedd71ee56d26f7680e75b697697f,NewSnellPanel;SnellNode;SnellNode.GetASN;SnellNode.GetCountryCode;SnellNode.GetCreatedAt;SnellNode.GetEnabled;SnellNode.GetHost;SnellNode.GetISP;SnellNode.GetName;SnellNode.GetPSK;SnellNode.GetPort;SnellNode.GetRegisteredAt;SnellNode.GetStatus;SnellNode.GetTFO;SnellNode.GetVersion;SnellNode.SetASN;SnellNode.SetCountryCode;SnellNode.SetCreatedAt;SnellNode.SetEnabled;SnellNode.SetHost;SnellNode.SetISP;SnellNode.SetName;SnellNode.SetPSK;SnellNode.SetPort;SnellNode.SetRegisteredAt;SnellNode.SetStatus;SnellNode.SetTFO;SnellNode.SetVersion;SnellPanel;SnellPanel.AddNode;SnellPanel.AddSnellNode;SnellPanel.ClearSettings;SnellPanel.ClearSnellNodes;SnellPanel.GenerateSubscribeConfig;SnellPanel.GetNodeASN;SnellPanel.GetNodeCountryCode;SnellPanel.GetNodeCreatedAt;SnellPanel.GetNodeEnabled;SnellPanel.GetNodeHost;SnellPanel.GetNodeISP;SnellPanel.GetNodePSK;SnellPanel.GetNodePort;SnellPanel.GetNodeRegisteredAt;SnellPanel.GetNodeStatus;SnellPanel.GetNodeTFO;SnellPanel.GetNodeVersion;SnellPanel.GetSetting;SnellPanel.GetSettingsCount;SnellPanel.GetSnellNode;SnellPanel.GetSnellNodeCount;SnellPanel.GetSnellNodes;SnellPanel.RemoveNode;SnellPanel.RemoveSnellNode;SnellPanel.ResolveVersions;SnellPanel.SetNodeASN;SnellPanel.SetNodeCountryCode;SnellPanel.SetNodeCreatedAt;SnellPanel.SetNodeEnabled;SnellPanel.SetNodeHost;SnellPanel.SetNodeISP;SnellPanel.SetNodePSK;SnellPanel.SetNodePort;SnellPanel.SetNodeRegisteredAt;SnellPanel.SetNodeStatus;SnellPanel.SetNodeTFO;SnellPanel.SetNodeVersion;SnellPanel.SetSetting,promotion to governed lab,one-to-one,reference-only,"The source carries distinct dormant implementation value but has no live production consumer. Preserve it as an intentional, catalogued lab capability without granting runtime authority; later promotion must extract only target-native value behind a canonical owner.",daemon lab capability corpus,labs/daemon/proxy/snell_panel.go,The lab source remains byte-identical to its baseline object and traceable by SHA-256.,Live daemon internal packages must not import lab code directly or treat lab presence as production readiness.,n/a,labs/daemon/CAPABILITIES.csv,Path-only promotion from experiments to labs; no live runtime dependency or persisted state change.,Repository-native baseline source; no new external donor bytes introduced.,medium,n/a,high,verified
HVC-LAB-W21-SOCKS5-LIMITER-7C0E8772,n/a,HVC-LAB-21-component-sing_brutal,luminet-baseline-d73453f,daemon-labs,socks5 limiter lab capability,standalone source unit,executable-behaviour/reference implementation,component-dependent,server/internal/proxy/socks5_limiter.go,7c0e8772316e84353a1c116274844bed949f60ea47926444e7f446577dd445de,NewSocks5Limiter;NewSocks5Server;Socks5Limiter;Socks5Limiter.Read;Socks5Limiter.Write;Socks5Server;Socks5Server.Start;Socks5Server.Stop,promotion to governed lab,one-to-one,reference-only,"The source carries distinct dormant implementation value but has no live production consumer. Preserve it as an intentional, catalogued lab capability without granting runtime authority; later promotion must extract only target-native value behind a canonical owner.",daemon lab capability corpus,labs/daemon/proxy/socks5_limiter.go,The lab source remains byte-identical to its baseline object and traceable by SHA-256.,Live daemon internal packages must not import lab code directly or treat lab presence as production readiness.,n/a,labs/daemon/CAPABILITIES.csv,Path-only promotion from experiments to labs; no live runtime dependency or persisted state change.,Repository-native baseline source; no new external donor bytes introduced.,medium,n/a,high,verified
HVC-LAB-W21-SPLIT-TUNNEL-BYPASS-F042E1D8,n/a,HVC-LAB-21-component-begzar,luminet-baseline-d73453f,daemon-labs,split tunnel bypass lab capability,standalone source unit,executable-behaviour/reference implementation,component-dependent,server/internal/proxy/split_tunnel_bypass.go,f042e1d8cc3f31ed2129a02302acdf308f0488f990a6f652e373448d72d92b20,BegzarTunnel;BegzarTunnel.StartSegmentSDKTunnel;NewBegzarTunnel,promotion to governed lab,one-to-one,reference-only,"The source carries distinct dormant implementation value but has no live production consumer. Preserve it as an intentional, catalogued lab capability without granting runtime authority; later promotion must extract only target-native value behind a canonical owner.",daemon lab capability corpus,labs/daemon/proxy/split_tunnel_bypass.go,The lab source remains byte-identical to its baseline object and traceable by SHA-256.,Live daemon internal packages must not import lab code directly or treat lab presence as production readiness.,n/a,labs/daemon/CAPABILITIES.csv,Path-only promotion from experiments to labs; no live runtime dependency or persisted state change.,Repository-native baseline source; no new external donor bytes introduced.,medium,n/a,high,verified
HVC-LAB-W21-SUBSCRIPTION-BACKEND-CLIENT-3EA1A7AA,n/a,HVC-LAB-21-component-nova_backend,luminet-baseline-d73453f,daemon-labs,subscription backend client lab capability,standalone source unit,executable-behaviour/reference implementation,component-dependent,server/internal/proxy/subscription_backend_client.go,3ea1a7aa2ad2375709bf4d5706a2d8f08f691c4aa34127472f4ded9d9074520c,NewNovaBackend;NovaBackend;NovaBackend.InstallXrayFallback,promotion to governed lab,one-to-one,reference-only,"The source carries distinct dormant implementation value but has no live production consumer. Preserve it as an intentional, catalogued lab capability without granting runtime authority; later promotion must extract only target-native value behind a canonical owner.",daemon lab capability corpus,labs/daemon/proxy/subscription_backend_client.go,The lab source remains byte-identical to its baseline object and traceable by SHA-256.,Live daemon internal packages must not import lab code directly or treat lab presence as production readiness.,n/a,labs/daemon/CAPABILITIES.csv,Path-only promotion from experiments to labs; no live runtime dependency or persisted state change.,Repository-native baseline source; no new external donor bytes introduced.,medium,n/a,high,verified
HVC-LAB-W21-SYSTEMD-MANAGER-73E141CA,n/a,HVC-LAB-21-component-systemd_manager,luminet-baseline-d73453f,daemon-labs,systemd manager lab capability,standalone source unit,executable-behaviour/reference implementation,component-dependent,server/internal/proxy/systemd_manager.go,73e141ca29a5628f1090f329a8aca20b472dcd74e74b23ecde42c39cd5c6be15,NewSystemdManager;SystemdManager;SystemdService;SystemdService.GenerateUnit,promotion to governed lab,one-to-one,reference-only,"The source carries distinct dormant implementation value but has no live production consumer. Preserve it as an intentional, catalogued lab capability without granting runtime authority; later promotion must extract only target-native value behind a canonical owner.",daemon lab capability corpus,labs/daemon/proxy/systemd_manager.go,The lab source remains byte-identical to its baseline object and traceable by SHA-256.,Live daemon internal packages must not import lab code directly or treat lab presence as production readiness.,labs/daemon/proxy/systemd_manager_test.go,labs/daemon/CAPABILITIES.csv,Path-only promotion from experiments to labs; no live runtime dependency or persisted state change.,Repository-native baseline source; no new external donor bytes introduced.,medium,n/a,high,verified
HVC-LAB-W21-SYSTEMD-MANAGER-LINUX-6457D155,n/a,HVC-LAB-21-component-systemd_manager,luminet-baseline-d73453f,daemon-labs,systemd manager linux lab capability,standalone source unit,executable-behaviour/reference implementation,component-dependent,server/internal/proxy/systemd_manager_linux.go,6457d155094f93826bac164eaceb7063cc004983df7461915422adf45095f47c,linuxSystemdManager.InstallService;linuxSystemdManager.UninstallService,promotion to governed lab,one-to-one,reference-only,"The source carries distinct dormant implementation value but has no live production consumer. Preserve it as an intentional, catalogued lab capability without granting runtime authority; later promotion must extract only target-native value behind a canonical owner.",daemon lab capability corpus,labs/daemon/proxy/systemd_manager_linux.go,The lab source remains byte-identical to its baseline object and traceable by SHA-256.,Live daemon internal packages must not import lab code directly or treat lab presence as production readiness.,labs/daemon/proxy/systemd_manager_test.go,labs/daemon/CAPABILITIES.csv,Path-only promotion from experiments to labs; no live runtime dependency or persisted state change.,Repository-native baseline source; no new external donor bytes introduced.,medium,n/a,high,verified
HVC-LAB-W21-SYSTEMD-MANAGER-STUB-90EAEF3E,n/a,HVC-LAB-21-component-systemd_manager,luminet-baseline-d73453f,daemon-labs,systemd manager stub lab capability,standalone source unit,executable-behaviour/reference implementation,component-dependent,server/internal/proxy/systemd_manager_stub.go,90eaef3e5de0c82d796a2eed955e0995eb265f1a44e352876e518ca5cfd7c2f2,stubSystemdManager.InstallService;stubSystemdManager.UninstallService,promotion to governed lab,one-to-one,reference-only,"The source carries distinct dormant implementation value but has no live production consumer. Preserve it as an intentional, catalogued lab capability without granting runtime authority; later promotion must extract only target-native value behind a canonical owner.",daemon lab capability corpus,labs/daemon/proxy/systemd_manager_stub.go,The lab source remains byte-identical to its baseline object and traceable by SHA-256.,Live daemon internal packages must not import lab code directly or treat lab presence as production readiness.,labs/daemon/proxy/systemd_manager_test.go,labs/daemon/CAPABILITIES.csv,Path-only promotion from experiments to labs; no live runtime dependency or persisted state change.,Repository-native baseline source; no new external donor bytes introduced.,medium,n/a,high,verified
HVC-LAB-W21-TC-SHAPER-4243F114,n/a,HVC-LAB-21-component-tc_shaper,luminet-baseline-d73453f,daemon-labs,tc shaper lab capability,standalone source unit,executable-behaviour/reference implementation,component-dependent,server/internal/proxy/tc_shaper.go,4243f11425e400843f2604883cfd3a571e7d35f50bb50d4b1f99c3ea2e7634f7,CheckPortRange;NewTcShaper;TcShaper,promotion to governed lab,one-to-one,reference-only,"The source carries distinct dormant implementation value but has no live production consumer. Preserve it as an intentional, catalogued lab capability without granting runtime authority; later promotion must extract only target-native value behind a canonical owner.",daemon lab capability corpus,labs/daemon/proxy/tc_shaper.go,The lab source remains byte-identical to its baseline object and traceable by SHA-256.,Live daemon internal packages must not import lab code directly or treat lab presence as production readiness.,labs/daemon/proxy/tc_shaper_test.go,labs/daemon/CAPABILITIES.csv,Path-only promotion from experiments to labs; no live runtime dependency or persisted state change.,Repository-native baseline source; no new external donor bytes introduced.,medium,n/a,high,verified
HVC-LAB-W21-TC-SHAPER-LINUX-993076B3,n/a,HVC-LAB-21-component-tc_shaper,luminet-baseline-d73453f,daemon-labs,tc shaper linux lab capability,standalone source unit,executable-behaviour/reference implementation,component-dependent,server/internal/proxy/tc_shaper_linux.go,993076b333aa3443fa2c2c4ea14f41c8e6775443a720ad60fa492a99c82450f7,linuxTcShaper.ClearAll;linuxTcShaper.ClearPortLimits;linuxTcShaper.LimitPort,promotion to governed lab,one-to-one,reference-only,"The source carries distinct dormant implementation value but has no live production consumer. Preserve it as an intentional, catalogued lab capability without granting runtime authority; later promotion must extract only target-native value behind a canonical owner.",daemon lab capability corpus,labs/daemon/proxy/tc_shaper_linux.go,The lab source remains byte-identical to its baseline object and traceable by SHA-256.,Live daemon internal packages must not import lab code directly or treat lab presence as production readiness.,labs/daemon/proxy/tc_shaper_test.go,labs/daemon/CAPABILITIES.csv,Path-only promotion from experiments to labs; no live runtime dependency or persisted state change.,Repository-native baseline source; no new external donor bytes introduced.,medium,n/a,high,verified
HVC-LAB-W21-TC-SHAPER-STUB-7C184906,n/a,HVC-LAB-21-component-tc_shaper,luminet-baseline-d73453f,daemon-labs,tc shaper stub lab capability,standalone source unit,executable-behaviour/reference implementation,component-dependent,server/internal/proxy/tc_shaper_stub.go,7c184906d42d11d9b47030772829e4d909700e39e25c832756fd1c849d84ae85,stubTcShaper.ClearAll;stubTcShaper.ClearPortLimits;stubTcShaper.LimitPort,promotion to governed lab,one-to-one,reference-only,"The source carries distinct dormant implementation value but has no live production consumer. Preserve it as an intentional, catalogued lab capability without granting runtime authority; later promotion must extract only target-native value behind a canonical owner.",daemon lab capability corpus,labs/daemon/proxy/tc_shaper_stub.go,The lab source remains byte-identical to its baseline object and traceable by SHA-256.,Live daemon internal packages must not import lab code directly or treat lab presence as production readiness.,labs/daemon/proxy/tc_shaper_test.go,labs/daemon/CAPABILITIES.csv,Path-only promotion from experiments to labs; no live runtime dependency or persisted state change.,Repository-native baseline source; no new external donor bytes introduced.,medium,n/a,high,verified
HVC-LAB-W21-TUN-DEVICE-FD8B967A,n/a,HVC-LAB-21-component-tun_device,luminet-baseline-d73453f,daemon-labs,tun device lab capability,standalone source unit,executable-behaviour/reference implementation,component-dependent,server/internal/proxy/tun_device.go,fd8b967a5611a3029ceb02fdd67e6dffee9d94eba2559cc8718d0badc09abafc,TunConfig;TunDevice;TunDevice.Close;TunDevice.Run;TunDevice.Stats;TunDevice.TunCleanupExpiredFlows;TunDeviceMetrics;TunDeviceStats;TunFlowEntry;TunFlowKey,promotion to governed lab,one-to-one,reference-only,"The source carries distinct dormant implementation value but has no live production consumer. Preserve it as an intentional, catalogued lab capability without granting runtime authority; later promotion must extract only target-native value behind a canonical owner.",daemon lab capability corpus,labs/daemon/proxy/tun_device.go,The lab source remains byte-identical to its baseline object and traceable by SHA-256.,Live daemon internal packages must not import lab code directly or treat lab presence as production readiness.,labs/daemon/proxy/tun_packet_filter_test.go,labs/daemon/CAPABILITIES.csv,Path-only promotion from experiments to labs; no live runtime dependency or persisted state change.,Repository-native baseline source; no new external donor bytes introduced.,medium,n/a,high,verified
HVC-LAB-W21-TUN-DEVICE-LINUX-1EBE57E0,n/a,HVC-LAB-21-component-tun_device,luminet-baseline-d73453f,daemon-labs,tun device linux lab capability,standalone source unit,executable-behaviour/reference implementation,component-dependent,server/internal/proxy/tun_device_linux.go,1ebe57e019b952c87aa172e55a5655b0761e61d3815606e96064c456697f25c7,NewTunDevice,promotion to governed lab,one-to-one,reference-only,"The source carries distinct dormant implementation value but has no live production consumer. Preserve it as an intentional, catalogued lab capability without granting runtime authority; later promotion must extract only target-native value behind a canonical owner.",daemon lab capability corpus,labs/daemon/proxy/tun_device_linux.go,The lab source remains byte-identical to its baseline object and traceable by SHA-256.,Live daemon internal packages must not import lab code directly or treat lab presence as production readiness.,labs/daemon/proxy/tun_packet_filter_test.go,labs/daemon/CAPABILITIES.csv,Path-only promotion from experiments to labs; no live runtime dependency or persisted state change.,Repository-native baseline source; no new external donor bytes introduced.,medium,n/a,high,verified
HVC-LAB-W21-TUN-DEVICE-STUB-095A573B,n/a,HVC-LAB-21-component-tun_device,luminet-baseline-d73453f,daemon-labs,tun device stub lab capability,standalone source unit,executable-behaviour/reference implementation,component-dependent,server/internal/proxy/tun_device_stub.go,095a573b05a741b680462fee8e329c3dcfcdb15bbcedb04e05e0172310854567,NewTunDevice,promotion to governed lab,one-to-one,reference-only,"The source carries distinct dormant implementation value but has no live production consumer. Preserve it as an intentional, catalogued lab capability without granting runtime authority; later promotion must extract only target-native value behind a canonical owner.",daemon lab capability corpus,labs/daemon/proxy/tun_device_stub.go,The lab source remains byte-identical to its baseline object and traceable by SHA-256.,Live daemon internal packages must not import lab code directly or treat lab presence as production readiness.,labs/daemon/proxy/tun_packet_filter_test.go,labs/daemon/CAPABILITIES.csv,Path-only promotion from experiments to labs; no live runtime dependency or persisted state change.,Repository-native baseline source; no new external donor bytes introduced.,medium,n/a,high,verified
HVC-LAB-W21-TUN-DEVICE-WINDOWS-1B577A20,n/a,HVC-LAB-21-component-tun_device,luminet-baseline-d73453f,daemon-labs,tun device windows lab capability,standalone source unit,executable-behaviour/reference implementation,component-dependent,server/internal/proxy/tun_device_windows.go,1b577a200f7550de09386ba1b4369e95bdce4baf38dc4bd7ad91ea78090c4e53,NewTunDevice,promotion to governed lab,one-to-one,reference-only,"The source carries distinct dormant implementation value but has no live production consumer. Preserve it as an intentional, catalogued lab capability without granting runtime authority; later promotion must extract only target-native value behind a canonical owner.",daemon lab capability corpus,labs/daemon/proxy/tun_device_windows.go,The lab source remains byte-identical to its baseline object and traceable by SHA-256.,Live daemon internal packages must not import lab code directly or treat lab presence as production readiness.,labs/daemon/proxy/tun_packet_filter_test.go,labs/daemon/CAPABILITIES.csv,Path-only promotion from experiments to labs; no live runtime dependency or persisted state change.,Repository-native baseline source; no new external donor bytes introduced.,medium,n/a,high,verified
HVC-LAB-W21-TUN-PACKET-FILTER-81427108,n/a,HVC-LAB-21-component-tun_device,luminet-baseline-d73453f,daemon-labs,tun packet filter lab capability,standalone source unit,executable-behaviour/reference implementation,component-dependent,server/internal/proxy/tun_packet_filter.go,814271080388de72a0cf1daa780a4a594f8a83c0e901ba7e0daeeda0356c51fe,NewTUNPacketFilter;TUNActionAllow;TUNActionBlock;TUNFilterAction;TUNPacketFilter;TUNPacketFilter.AddRule;TUNPacketFilter.Evaluate,promotion to governed lab,one-to-one,reference-only,"The source carries distinct dormant implementation value but has no live production consumer. Preserve it as an intentional, catalogued lab capability without granting runtime authority; later promotion must extract only target-native value behind a canonical owner.",daemon lab capability corpus,labs/daemon/proxy/tun_packet_filter.go,The lab source remains byte-identical to its baseline object and traceable by SHA-256.,Live daemon internal packages must not import lab code directly or treat lab presence as production readiness.,labs/daemon/proxy/tun_packet_filter_test.go,labs/daemon/CAPABILITIES.csv,Path-only promotion from experiments to labs; no live runtime dependency or persisted state change.,Repository-native baseline source; no new external donor bytes introduced.,medium,n/a,high,verified
HVC-LAB-W21-V2RAY-CORE-F160A05E,n/a,HVC-LAB-21-component-managed_config_process,luminet-baseline-d73453f,daemon-labs,v2ray core lab capability,standalone source unit,executable-behaviour/reference implementation,component-dependent,server/internal/proxy/v2ray_core.go,f160a05ebe6c5d877e1046d30c2f2bc9a5093dcbfd5664957823935858b19e73,NewV2RayCore;V2RayConfig;V2RayCore;V2RayCore.GenerateConfigJSON;V2RayCore.InitCore;V2RayCore.Start;V2RayCore.Stop;V2RayInbound;V2RayLogConfig;V2RayOutbound,promotion to governed lab,one-to-one,reference-only,"The source carries distinct dormant implementation value but has no live production consumer. Preserve it as an intentional, catalogued lab capability without granting runtime authority; later promotion must extract only target-native value behind a canonical owner.",daemon lab capability corpus,labs/daemon/proxy/v2ray_core.go,The lab source remains byte-identical to its baseline object and traceable by SHA-256.,Live daemon internal packages must not import lab code directly or treat lab presence as production readiness.,n/a,labs/daemon/CAPABILITIES.csv,Path-only promotion from experiments to labs; no live runtime dependency or persisted state change.,Repository-native baseline source; no new external donor bytes introduced.,medium,n/a,high,verified
HVC-LAB-W21-V2RAY-CORE-FORK-B2F2A260,n/a,HVC-LAB-21-component-managed_config_process,luminet-baseline-d73453f,daemon-labs,v2ray core fork lab capability,standalone source unit,executable-behaviour/reference implementation,component-dependent,server/internal/proxy/v2ray_core_fork.go,b2f2a2604ffb220b63f98f46926258c4242c0ff626194132978ef6e9a25c9d66,NewV2RayCoreFork;V2RayCoreFork;V2RayCoreFork.Fork;V2RayCoreFork.GenerateConfigJSON;V2RayCoreFork.Start;V2RayCoreFork.Stop;V2RayForkConfig;V2RayForkMuxConfig,promotion to governed lab,one-to-one,reference-only,"The source carries distinct dormant implementation value but has no live production consumer. Preserve it as an intentional, catalogued lab capability without granting runtime authority; later promotion must extract only target-native value behind a canonical owner.",daemon lab capability corpus,labs/daemon/proxy/v2ray_core_fork.go,The lab source remains byte-identical to its baseline object and traceable by SHA-256.,Live daemon internal packages must not import lab code directly or treat lab presence as production readiness.,n/a,labs/daemon/CAPABILITIES.csv,Path-only promotion from experiments to labs; no live runtime dependency or persisted state change.,Repository-native baseline source; no new external donor bytes introduced.,medium,n/a,high,verified
HVC-LAB-W21-VOIDTUNNEL-MANAGER-DFB2CB4F,n/a,HVC-LAB-21-component-voidtunnel_manager,luminet-baseline-d73453f,daemon-labs,voidtunnel manager lab capability,standalone source unit,executable-behaviour/reference implementation,component-dependent,server/internal/proxy/voidtunnel_manager.go,dfb2cb4f9e86705ae8bebdac05e3c156bec838fa9a140b84579fea7001a07709,NewVoidTunnelManager;VoidTunnelManager;VoidTunnelManager.Close;VoidTunnelManager.EnableTUN;VoidTunnelManager.GetDefaultGateway;VoidTunnelManager.SetTun2socksPath;VoidTunnelManager.StartTun2socks;VoidTunnelManager.Stop;VoidTunnelState,promotion to governed lab,one-to-one,reference-only,"The source carries distinct dormant implementation value but has no live production consumer. Preserve it as an intentional, catalogued lab capability without granting runtime authority; later promotion must extract only target-native value behind a canonical owner.",daemon lab capability corpus,labs/daemon/proxy/voidtunnel_manager.go,The lab source remains byte-identical to its baseline object and traceable by SHA-256.,Live daemon internal packages must not import lab code directly or treat lab presence as production readiness.,labs/daemon/proxy/voidtunnel_manager_test.go,labs/daemon/CAPABILITIES.csv,Path-only promotion from experiments to labs; no live runtime dependency or persisted state change.,Repository-native baseline source; no new external donor bytes introduced.,medium,n/a,high,verified
HVC-LAB-W21-VOIDTUNNEL-MANAGER-LINUX-CFF2EB62,n/a,HVC-LAB-21-component-voidtunnel_manager,luminet-baseline-d73453f,daemon-labs,voidtunnel manager linux lab capability,standalone source unit,executable-behaviour/reference implementation,component-dependent,server/internal/proxy/voidtunnel_manager_linux.go,cff2eb6208c613e50906c3c278a07b17873f7e0ec8fb3abf9780fbc194bc551a,package-level implementation,promotion to governed lab,one-to-one,reference-only,"The source carries distinct dormant implementation value but has no live production consumer. Preserve it as an intentional, catalogued lab capability without granting runtime authority; later promotion must extract only target-native value behind a canonical owner.",daemon lab capability corpus,labs/daemon/proxy/voidtunnel_manager_linux.go,The lab source remains byte-identical to its baseline object and traceable by SHA-256.,Live daemon internal packages must not import lab code directly or treat lab presence as production readiness.,labs/daemon/proxy/voidtunnel_manager_test.go,labs/daemon/CAPABILITIES.csv,Path-only promotion from experiments to labs; no live runtime dependency or persisted state change.,Repository-native baseline source; no new external donor bytes introduced.,medium,n/a,high,verified
HVC-LAB-W21-VOIDTUNNEL-MANAGER-OTHER-670EAA7D,n/a,HVC-LAB-21-component-voidtunnel_manager,luminet-baseline-d73453f,daemon-labs,voidtunnel manager other lab capability,standalone source unit,executable-behaviour/reference implementation,component-dependent,server/internal/proxy/voidtunnel_manager_other.go,670eaa7d3441624304109bb62822af9e1a5c41a691cc8f73c4085f8c8cf2dacb,package-level implementation,promotion to governed lab,one-to-one,reference-only,"The source carries distinct dormant implementation value but has no live production consumer. Preserve it as an intentional, catalogued lab capability without granting runtime authority; later promotion must extract only target-native value behind a canonical owner.",daemon lab capability corpus,labs/daemon/proxy/voidtunnel_manager_other.go,The lab source remains byte-identical to its baseline object and traceable by SHA-256.,Live daemon internal packages must not import lab code directly or treat lab presence as production readiness.,labs/daemon/proxy/voidtunnel_manager_test.go,labs/daemon/CAPABILITIES.csv,Path-only promotion from experiments to labs; no live runtime dependency or persisted state change.,Repository-native baseline source; no new external donor bytes introduced.,medium,n/a,high,verified
HVC-LAB-W21-XHTTP-RELAY-D630D81C,n/a,HVC-LAB-21-component-xhttp_relay,luminet-baseline-d73453f,daemon-labs,xhttp relay lab capability,standalone source unit,executable-behaviour/reference implementation,component-dependent,server/internal/proxy/xhttp_relay.go,d630d81c7cd4780004024e060d282ffe0ab81b2274a3759be632d4df8fe3ca7a,NewXHTTPRelay;XHTTPRelay;XHTTPRelay.HandleRelay,promotion to governed lab,one-to-one,reference-only,"The source carries distinct dormant implementation value but has no live production consumer. Preserve it as an intentional, catalogued lab capability without granting runtime authority; later promotion must extract only target-native value behind a canonical owner.",daemon lab capability corpus,labs/daemon/proxy/xhttp_relay.go,The lab source remains byte-identical to its baseline object and traceable by SHA-256.,Live daemon internal packages must not import lab code directly or treat lab presence as production readiness.,n/a,labs/daemon/CAPABILITIES.csv,Path-only promotion from experiments to labs; no live runtime dependency or persisted state change.,Repository-native baseline source; no new external donor bytes introduced.,medium,n/a,high,verified
HVC-LAB-W21-XHTTP-RELAY-VERCEL-FCB678DB,n/a,HVC-LAB-21-component-xhttp_relay,luminet-baseline-d73453f,daemon-labs,xhttp relay vercel lab capability,standalone source unit,executable-behaviour/reference implementation,component-dependent,server/internal/proxy/xhttp_relay_vercel.go,fcb678dbc82179eecd92135fc76ed2584fbb308b20a54621641a0519755c1723,NewXHTTPRelayVercel;XHTTPRelayVercel;XHTTPRelayVercel.Handle;XHTTPRelayVercel.ServeHTTP,promotion to governed lab,one-to-one,reference-only,"The source carries distinct dormant implementation value but has no live production consumer. Preserve it as an intentional, catalogued lab capability without granting runtime authority; later promotion must extract only target-native value behind a canonical owner.",daemon lab capability corpus,labs/daemon/proxy/xhttp_relay_vercel.go,The lab source remains byte-identical to its baseline object and traceable by SHA-256.,Live daemon internal packages must not import lab code directly or treat lab presence as production readiness.,n/a,labs/daemon/CAPABILITIES.csv,Path-only promotion from experiments to labs; no live runtime dependency or persisted state change.,Repository-native baseline source; no new external donor bytes introduced.,medium,n/a,high,verified
HVC-LAB-W21-XRAY-CORE-365C4624,n/a,HVC-LAB-21-component-managed_config_process,luminet-baseline-d73453f,daemon-labs,xray core lab capability,standalone source unit,executable-behaviour/reference implementation,component-dependent,server/internal/proxy/xray_core.go,365c4624fb315ea32038d34ed98a939c9ef762330aad40c66ebde377442ac919,NewXrayCore;XrayCore;XrayCore.InitCore;XrayCore.Start;XrayCore.Stop;XrayOutboundSettings;XrayRealityConfig,promotion to governed lab,one-to-one,reference-only,"The source carries distinct dormant implementation value but has no live production consumer. Preserve it as an intentional, catalogued lab capability without granting runtime authority; later promotion must extract only target-native value behind a canonical owner.",daemon lab capability corpus,labs/daemon/proxy/xray_core.go,The lab source remains byte-identical to its baseline object and traceable by SHA-256.,Live daemon internal packages must not import lab code directly or treat lab presence as production readiness.,n/a,labs/daemon/CAPABILITIES.csv,Path-only promotion from experiments to labs; no live runtime dependency or persisted state change.,Repository-native baseline source; no new external donor bytes introduced.,medium,n/a,high,verified
HVC-LAB-W21-XUI-PANEL-MANAGER-A4CDF991,n/a,HVC-LAB-21-component-xui_panel_manager,luminet-baseline-d73453f,daemon-labs,xui panel manager lab capability,standalone source unit,executable-behaviour/reference implementation,component-dependent,server/internal/proxy/xui_panel_manager.go,a4cdf991857676b610a675ac757f64d1645f4e50e3773ded89b4c5da3cf06859,NewXUIPanelManager;XUIPanelManager;XUIPanelManager.HandleSignals;XUIPanelManager.MigrateDatabase,promotion to governed lab,one-to-one,reference-only,"The source carries distinct dormant implementation value but has no live production consumer. Preserve it as an intentional, catalogued lab capability without granting runtime authority; later promotion must extract only target-native value behind a canonical owner.",daemon lab capability corpus,labs/daemon/proxy/xui_panel_manager.go,The lab source remains byte-identical to its baseline object and traceable by SHA-256.,Live daemon internal packages must not import lab code directly or treat lab presence as production readiness.,n/a,labs/daemon/CAPABILITIES.csv,Path-only promotion from experiments to labs; no live runtime dependency or persisted state change.,Repository-native baseline source; no new external donor bytes introduced.,medium,n/a,high,verified
HVC-LAB-W21-XUI-PRO-D6463D3F,n/a,HVC-LAB-21-component-xui_panel_manager,luminet-baseline-d73453f,daemon-labs,xui pro lab capability,standalone source unit,executable-behaviour/reference implementation,component-dependent,server/internal/proxy/xui_pro.go,d6463d3ffcfb2a54bb5876283143e49f7eedacc10270a1f621c26bc846e6d459,NewXUIPro;XUIPro;XUIPro.ApplyAdvancedConfig,promotion to governed lab,one-to-one,reference-only,"The source carries distinct dormant implementation value but has no live production consumer. Preserve it as an intentional, catalogued lab capability without granting runtime authority; later promotion must extract only target-native value behind a canonical owner.",daemon lab capability corpus,labs/daemon/proxy/xui_pro.go,The lab source remains byte-identical to its baseline object and traceable by SHA-256.,Live daemon internal packages must not import lab code directly or treat lab presence as production readiness.,n/a,labs/daemon/CAPABILITIES.csv,Path-only promotion from experiments to labs; no live runtime dependency or persisted state change.,Repository-native baseline source; no new external donor bytes introduced.,medium,n/a,high,verified
HVC-PARSER-DUP-ANYTLS,n/a,HVC-PROXYCONFIG-PARSER,luminet-baseline-d73453f,proxy-config-parsing,duplicate anytls parser source,module,executable-behaviour,standalone,server/internal/proxy/parser_anytls.go,fdaabb600c1839417f00496a92ed3cc827538c07913a4a022470b7165feb0b42,parser_anytls,deduplication after normalized byte equivalence,many-to-one,superseded,This root parser is byte-for-byte equivalent after package normalization to the canonical internal/proxyconfig parser_anytls.go already retained from the duplicate proxy/types family. Keeping a second source copy adds no semantics or test evidence.,canonical proxy configuration parsing,src/apps/daemon/internal/networking/proxyconfig/parser_anytls.go,All parsing behavior remains provided by the canonical proxyconfig owner and historical proxy facade.,An exact duplicate parser implementation must not return as a second live or archival owner.,src/apps/daemon/internal/networking/proxyconfig/parser_contract_test.go,historical proxy parsing APIs,Duplicate source retirement only; no wire/API/persisted-state change.,Repository-native duplicate source; provenance remains in baseline ledger and Git history.,low,n/a,high,verified
HVC-PARSER-DUP-DNSTT,n/a,HVC-PROXYCONFIG-PARSER,luminet-baseline-d73453f,proxy-config-parsing,duplicate dnstt parser source,module,executable-behaviour,standalone,server/internal/proxy/parser_dnstt.go,a6db40fbe4e91e5d892bd1f5fc77a31f84f4b0bae615d0c99a027fc766091d21,parser_dnstt,deduplication after normalized byte equivalence,many-to-one,superseded,This root parser is byte-for-byte equivalent after package normalization to the canonical internal/proxyconfig parser_dnstt.go already retained from the duplicate proxy/types family. Keeping a second source copy adds no semantics or test evidence.,canonical proxy configuration parsing,src/apps/daemon/internal/networking/proxyconfig/parser_dnstt.go,All parsing behavior remains provided by the canonical proxyconfig owner and historical proxy facade.,An exact duplicate parser implementation must not return as a second live or archival owner.,src/apps/daemon/internal/networking/proxyconfig/parser_contract_test.go,historical proxy parsing APIs,Duplicate source retirement only; no wire/API/persisted-state change.,Repository-native duplicate source; provenance remains in baseline ledger and Git history.,low,n/a,high,verified
HVC-PARSER-DUP-HY2,n/a,HVC-PROXYCONFIG-PARSER,luminet-baseline-d73453f,proxy-config-parsing,duplicate hy2 parser source,module,executable-behaviour,standalone,server/internal/proxy/parser_hy2.go,cc18e37caad5ef0654f9f0696a667b1c46b4c822b04de7d2a0e3cab1c5ca1e0a,parser_hy2,deduplication after normalized byte equivalence,many-to-one,superseded,This root parser is byte-for-byte equivalent after package normalization to the canonical internal/proxyconfig parser_hy2.go already retained from the duplicate proxy/types family. Keeping a second source copy adds no semantics or test evidence.,canonical proxy configuration parsing,src/apps/daemon/internal/networking/proxyconfig/parser_hy2.go,All parsing behavior remains provided by the canonical proxyconfig owner and historical proxy facade.,An exact duplicate parser implementation must not return as a second live or archival owner.,src/apps/daemon/internal/networking/proxyconfig/parser_contract_test.go,historical proxy parsing APIs,Duplicate source retirement only; no wire/API/persisted-state change.,Repository-native duplicate source; provenance remains in baseline ledger and Git history.,low,n/a,high,verified
HVC-PARSER-DUP-JUICITY,n/a,HVC-PROXYCONFIG-PARSER,luminet-baseline-d73453f,proxy-config-parsing,duplicate juicity parser source,module,executable-behaviour,standalone,server/internal/proxy/parser_juicity.go,aa0805a2bfed1027b6018ebe201d7e3b957cfc7155f5f56aced3c0b87be9faba,parser_juicity,deduplication after normalized byte equivalence,many-to-one,superseded,This root parser is byte-for-byte equivalent after package normalization to the canonical internal/proxyconfig parser_juicity.go already retained from the duplicate proxy/types family. Keeping a second source copy adds no semantics or test evidence.,canonical proxy configuration parsing,src/apps/daemon/internal/networking/proxyconfig/parser_juicity.go,All parsing behavior remains provided by the canonical proxyconfig owner and historical proxy facade.,An exact duplicate parser implementation must not return as a second live or archival owner.,src/apps/daemon/internal/networking/proxyconfig/parser_contract_test.go,historical proxy parsing APIs,Duplicate source retirement only; no wire/API/persisted-state change.,Repository-native duplicate source; provenance remains in baseline ledger and Git history.,low,n/a,high,verified
HVC-PARSER-DUP-KCP,n/a,HVC-PROXYCONFIG-PARSER,luminet-baseline-d73453f,proxy-config-parsing,duplicate kcp parser source,module,executable-behaviour,standalone,server/internal/proxy/parser_kcp.go,05e47d846f174d38cd052d8bb3c0187189a8941f930d42ac87fd8d4d26f089a6,parser_kcp,deduplication after normalized byte equivalence,many-to-one,superseded,This root parser is byte-for-byte equivalent after package normalization to the canonical internal/proxyconfig parser_kcp.go already retained from the duplicate proxy/types family. Keeping a second source copy adds no semantics or test evidence.,canonical proxy configuration parsing,src/apps/daemon/internal/networking/proxyconfig/parser_kcp.go,All parsing behavior remains provided by the canonical proxyconfig owner and historical proxy facade.,An exact duplicate parser implementation must not return as a second live or archival owner.,src/apps/daemon/internal/networking/proxyconfig/parser_contract_test.go,historical proxy parsing APIs,Duplicate source retirement only; no wire/API/persisted-state change.,Repository-native duplicate source; provenance remains in baseline ledger and Git history.,low,n/a,high,verified
HVC-PARSER-DUP-NAIVE,n/a,HVC-PROXYCONFIG-PARSER,luminet-baseline-d73453f,proxy-config-parsing,duplicate naive parser source,module,executable-behaviour,standalone,server/internal/proxy/parser_naive.go,cfe9d6a7643ac372f2d76f45b09b8330e870f8efd16882535a90a3c07d59b260,parser_naive,deduplication after normalized byte equivalence,many-to-one,superseded,This root parser is byte-for-byte equivalent after package normalization to the canonical internal/proxyconfig parser_naive.go already retained from the duplicate proxy/types family. Keeping a second source copy adds no semantics or test evidence.,canonical proxy configuration parsing,src/apps/daemon/internal/networking/proxyconfig/parser_naive.go,All parsing behavior remains provided by the canonical proxyconfig owner and historical proxy facade.,An exact duplicate parser implementation must not return as a second live or archival owner.,src/apps/daemon/internal/networking/proxyconfig/parser_contract_test.go,historical proxy parsing APIs,Duplicate source retirement only; no wire/API/persisted-state change.,Repository-native duplicate source; provenance remains in baseline ledger and Git history.,low,n/a,high,verified
HVC-PARSER-DUP-NIPO,n/a,HVC-PROXYCONFIG-PARSER,luminet-baseline-d73453f,proxy-config-parsing,duplicate nipo parser source,module,executable-behaviour,standalone,server/internal/proxy/parser_nipo.go,bb8f3d47e17b8f92b5c3ee4985ac34a8bb9e49954db50da0a6e0a4a1e6371451,parser_nipo,deduplication after normalized byte equivalence,many-to-one,superseded,This root parser is byte-for-byte equivalent after package normalization to the canonical internal/proxyconfig parser_nipo.go already retained from the duplicate proxy/types family. Keeping a second source copy adds no semantics or test evidence.,canonical proxy configuration parsing,src/apps/daemon/internal/networking/proxyconfig/parser_nipo.go,All parsing behavior remains provided by the canonical proxyconfig owner and historical proxy facade.,An exact duplicate parser implementation must not return as a second live or archival owner.,src/apps/daemon/internal/networking/proxyconfig/parser_contract_test.go,historical proxy parsing APIs,Duplicate source retirement only; no wire/API/persisted-state change.,Repository-native duplicate source; provenance remains in baseline ledger and Git history.,low,n/a,high,verified
HVC-PARSER-DUP-SS,n/a,HVC-PROXYCONFIG-PARSER,luminet-baseline-d73453f,proxy-config-parsing,duplicate ss parser source,module,executable-behaviour,standalone,server/internal/proxy/parser_ss.go,141664601052ffd1e46cba767ecb0ccc82a3e7599faafb4609c0218746ea963e,parser_ss,deduplication after normalized byte equivalence,many-to-one,superseded,This root parser is byte-for-byte equivalent after package normalization to the canonical internal/proxyconfig parser_ss.go already retained from the duplicate proxy/types family. Keeping a second source copy adds no semantics or test evidence.,canonical proxy configuration parsing,src/apps/daemon/internal/networking/proxyconfig/parser_ss.go,All parsing behavior remains provided by the canonical proxyconfig owner and historical proxy facade.,An exact duplicate parser implementation must not return as a second live or archival owner.,src/apps/daemon/internal/networking/proxyconfig/parser_contract_test.go,historical proxy parsing APIs,Duplicate source retirement only; no wire/API/persisted-state change.,Repository-native duplicate source; provenance remains in baseline ledger and Git history.,low,n/a,high,verified
HVC-PARSER-DUP-TROJAN,n/a,HVC-PROXYCONFIG-PARSER,luminet-baseline-d73453f,proxy-config-parsing,duplicate trojan parser source,module,executable-behaviour,standalone,server/internal/proxy/parser_trojan.go,8d06ebf58c3b47601cb08ba804f6f41d578e7a777d8dcdb08504e625b2735fac,parser_trojan,deduplication after normalized byte equivalence,many-to-one,superseded,This root parser is byte-for-byte equivalent after package normalization to the canonical internal/proxyconfig parser_trojan.go already retained from the duplicate proxy/types family. Keeping a second source copy adds no semantics or test evidence.,canonical proxy configuration parsing,src/apps/daemon/internal/networking/proxyconfig/parser_trojan.go,All parsing behavior remains provided by the canonical proxyconfig owner and historical proxy facade.,An exact duplicate parser implementation must not return as a second live or archival owner.,src/apps/daemon/internal/networking/proxyconfig/parser_contract_test.go,historical proxy parsing APIs,Duplicate source retirement only; no wire/API/persisted-state change.,Repository-native duplicate source; provenance remains in baseline ledger and Git history.,low,n/a,high,verified
HVC-PARSER-DUP-TUIC,n/a,HVC-PROXYCONFIG-PARSER,luminet-baseline-d73453f,proxy-config-parsing,duplicate tuic parser source,module,executable-behaviour,standalone,server/internal/proxy/parser_tuic.go,7cec5abd404f0bf8a952c4d05ba4c8e1cebeeec9e918839f5bd259ea4ca8e851,parser_tuic,deduplication after normalized byte equivalence,many-to-one,superseded,This root parser is byte-for-byte equivalent after package normalization to the canonical internal/proxyconfig parser_tuic.go already retained from the duplicate proxy/types family. Keeping a second source copy adds no semantics or test evidence.,canonical proxy configuration parsing,src/apps/daemon/internal/networking/proxyconfig/parser_tuic.go,All parsing behavior remains provided by the canonical proxyconfig owner and historical proxy facade.,An exact duplicate parser implementation must not return as a second live or archival owner.,src/apps/daemon/internal/networking/proxyconfig/parser_contract_test.go,historical proxy parsing APIs,Duplicate source retirement only; no wire/API/persisted-state change.,Repository-native duplicate source; provenance remains in baseline ledger and Git history.,low,n/a,high,verified
HVC-PARSER-DUP-VLESS,n/a,HVC-PROXYCONFIG-PARSER,luminet-baseline-d73453f,proxy-config-parsing,duplicate vless parser source,module,executable-behaviour,standalone,server/internal/proxy/parser_vless.go,231897d5754124499937bb8174ee218fbb677c28ec3b412580dd3197197a69bc,parser_vless,deduplication after normalized byte equivalence,many-to-one,superseded,This root parser is byte-for-byte equivalent after package normalization to the canonical internal/proxyconfig parser_vless.go already retained from the duplicate proxy/types family. Keeping a second source copy adds no semantics or test evidence.,canonical proxy configuration parsing,src/apps/daemon/internal/networking/proxyconfig/parser_vless.go,All parsing behavior remains provided by the canonical proxyconfig owner and historical proxy facade.,An exact duplicate parser implementation must not return as a second live or archival owner.,src/apps/daemon/internal/networking/proxyconfig/parser_contract_test.go,historical proxy parsing APIs,Duplicate source retirement only; no wire/API/persisted-state change.,Repository-native duplicate source; provenance remains in baseline ledger and Git history.,low,n/a,high,verified
HVC-PARSER-DUP-VMESS,n/a,HVC-PROXYCONFIG-PARSER,luminet-baseline-d73453f,proxy-config-parsing,duplicate vmess parser source,module,executable-behaviour,standalone,server/internal/proxy/parser_vmess.go,0ee820f60752297385d92cce252821eb674b0096de7602ca93bb68818936a65f,parser_vmess,deduplication after normalized byte equivalence,many-to-one,superseded,This root parser is byte-for-byte equivalent after package normalization to the canonical internal/proxyconfig parser_vmess.go already retained from the duplicate proxy/types family. Keeping a second source copy adds no semantics or test evidence.,canonical proxy configuration parsing,src/apps/daemon/internal/networking/proxyconfig/parser_vmess.go,All parsing behavior remains provided by the canonical proxyconfig owner and historical proxy facade.,An exact duplicate parser implementation must not return as a second live or archival owner.,src/apps/daemon/internal/networking/proxyconfig/parser_contract_test.go,historical proxy parsing APIs,Duplicate source retirement only; no wire/API/persisted-state change.,Repository-native duplicate source; provenance remains in baseline ledger and Git history.,low,n/a,high,verified
HVC-PARSER-DUP-WG,n/a,HVC-PROXYCONFIG-PARSER,luminet-baseline-d73453f,proxy-config-parsing,duplicate wg parser source,module,executable-behaviour,standalone,server/internal/proxy/parser_wg.go,1756d914e6f34a449be040b13c71db4b628cebecd674b275d4ee7e6d6f4ec115,parser_wg,deduplication after normalized byte equivalence,many-to-one,superseded,This root parser is byte-for-byte equivalent after package normalization to the canonical internal/proxyconfig parser_wg.go already retained from the duplicate proxy/types family. Keeping a second source copy adds no semantics or test evidence.,canonical proxy configuration parsing,src/apps/daemon/internal/networking/proxyconfig/parser_wg.go,All parsing behavior remains provided by the canonical proxyconfig owner and historical proxy facade.,An exact duplicate parser implementation must not return as a second live or archival owner.,src/apps/daemon/internal/networking/proxyconfig/parser_contract_test.go,historical proxy parsing APIs,Duplicate source retirement only; no wire/API/persisted-state change.,Repository-native duplicate source; provenance remains in baseline ledger and Git history.,low,n/a,high,verified
HVC-PORTING-REF-151531AA,n/a,HVC-PORTING-REF,luminet-historical-evidence-8a2dc2a,porting-evidence,LumiNet Master Porting Compendium reference evidence,document or reference asset,documentation/design/negative evidence,standalone,docs/porting/archive/LumiNet_Master_Porting_Compendium.md,31ed572420921fa64fd772b8af1ca3089e6875a685d937b434740acf130d802e,n/a,promotion to governed reference evidence,one-to-one,reference-only,"Unique historical porting, provenance, implementation, or design detail remains useful for future targeted extraction; retained as non-authoritative reference evidence. The legacy porting archive content was retired during the 2026-09 deep-review remediation; baseline sha256 anchors are recorded in governance/topology/relocations.json.",historical evidence and design knowledge,n/a,Historical evidence remains inspectable but cannot override current runtime/code/test truth.,Archived or excluded material must not imply current support or become runtime authority without a new adoption decision.,n/a,docs/porting/archive/README.md,Documentation/reference classification only.,Existing repository evidence; source-specific licensing remains historical context.,low,n/a,medium,reviewed
HVC-PORTING-REF-12192216,n/a,HVC-PORTING-REF,luminet-historical-evidence-8a2dc2a,porting-evidence,LumiNet Porting Investigation Report reference evidence,document or reference asset,documentation/design/negative evidence,standalone,docs/porting/archive/LumiNet_Porting_Investigation_Report.md,c5a41acce08b9b2e2990a993c0fc924f9c45cf9670db4f6916fa2e8c6ce9362f,n/a,promotion to governed reference evidence,one-to-one,reference-only,"Unique historical porting, provenance, implementation, or design detail remains useful for future targeted extraction; retained as non-authoritative reference evidence. The legacy porting archive content was retired during the 2026-09 deep-review remediation; baseline sha256 anchors are recorded in governance/topology/relocations.json.",historical evidence and design knowledge,n/a,Historical evidence remains inspectable but cannot override current runtime/code/test truth.,Archived or excluded material must not imply current support or become runtime authority without a new adoption decision.,n/a,docs/porting/archive/README.md,Documentation/reference classification only.,Existing repository evidence; source-specific licensing remains historical context.,low,n/a,medium,reviewed
HVC-PORTING-REF-09BDAC5E,n/a,HVC-PORTING-REF,luminet-historical-evidence-8a2dc2a,porting-evidence,PORTING CATALOG reference evidence,document or reference asset,documentation/design/negative evidence,standalone,docs/porting/archive/PORTING_CATALOG.md,0303ac1e44fa9dc8944aa098e4292ce7ded9a0d8f6b45627f50ab3770d16e270,n/a,promotion to governed reference evidence,one-to-one,reference-only,"Unique historical porting, provenance, implementation, or design detail remains useful for future targeted extraction; retained as non-authoritative reference evidence. The legacy porting archive content was retired during the 2026-09 deep-review remediation; baseline sha256 anchors are recorded in governance/topology/relocations.json.",historical evidence and design knowledge,n/a,Historical evidence remains inspectable but cannot override current runtime/code/test truth.,Archived or excluded material must not imply current support or become runtime authority without a new adoption decision.,n/a,docs/porting/archive/README.md,Documentation/reference classification only.,Existing repository evidence; source-specific licensing remains historical context.,low,n/a,medium,reviewed
HVC-PORTING-REF-8806CE5F,n/a,HVC-PORTING-REF,luminet-historical-evidence-8a2dc2a,porting-evidence,Tor Porting Investigation Report reference evidence,document or reference asset,documentation/design/negative evidence,standalone,docs/porting/archive/Tor_Porting_Investigation_Report.md,f2dfc69b276118bd36f53df575ee0844311fad0fae02682965efcc726c18b996,n/a,promotion to governed reference evidence,one-to-one,reference-only,"Unique historical porting, provenance, implementation, or design detail remains useful for future targeted extraction; retained as non-authoritative reference evidence. The legacy porting archive content was retired during the 2026-09 deep-review remediation; baseline sha256 anchors are recorded in governance/topology/relocations.json.",historical evidence and design knowledge,n/a,Historical evidence remains inspectable but cannot override current runtime/code/test truth.,Archived or excluded material must not imply current support or become runtime authority without a new adoption decision.,n/a,docs/porting/archive/README.md,Documentation/reference classification only.,Existing repository evidence; source-specific licensing remains historical context.,low,n/a,medium,reviewed
HVC-PORTING-REF-51928A97,n/a,HVC-PORTING-REF,luminet-historical-evidence-8a2dc2a,desktop-labs,NodeGlobe.tsx desktop UI lab asset,UI/design asset,reference implementation/design asset,standalone,docs/porting/archive/legacy-client-ui/components/NodeGlobe.tsx,6776b031bc9aa9876d4d5bfa5ecc38c9264b6c50c544206bd93a68501944cab3,n/a,promotion from porting archive to governed desktop lab,one-to-one,reference-only,"The asset carries distinct UI/design value but is not part of the supported Wails/React build. Preserve it explicitly in Desktop Labs rather than burying it in documentation or shipping it without dependency, performance, accessibility, responsive, and rendered-test review.",Desktop UI lab capability corpus,labs/desktop/legacy-client-ui/NodeGlobe.tsx,Asset bytes remain identical to baseline and outside the supported desktop frontend build.,Desktop lab assets must not enter the supported frontend without explicit promotion review and rendered evidence.,n/a,labs/desktop/CAPABILITIES.csv,Path-only promotion; no supported desktop runtime/build change.,Existing repository evidence; source-specific licensing remains historical context.,low,n/a,high,statically-validated
HVC-PORTING-REF-38056DD0,n/a,HVC-PORTING-REF,luminet-historical-evidence-8a2dc2a,desktop-labs,VantaBackground.tsx desktop UI lab asset,UI/design asset,reference implementation/design asset,standalone,docs/porting/archive/legacy-client-ui/components/VantaBackground.tsx,d65a1110a4e16c8d7ca567988a30c92c801bf1b86e0a40c46d15c636ef7c0e8e,n/a,promotion from porting archive to governed desktop lab,one-to-one,reference-only,"The asset carries distinct UI/design value but is not part of the supported Wails/React build. Preserve it explicitly in Desktop Labs rather than burying it in documentation or shipping it without dependency, performance, accessibility, responsive, and rendered-test review.",Desktop UI lab capability corpus,labs/desktop/legacy-client-ui/VantaBackground.tsx,Asset bytes remain identical to baseline and outside the supported desktop frontend build.,Desktop lab assets must not enter the supported frontend without explicit promotion review and rendered evidence.,n/a,labs/desktop/CAPABILITIES.csv,Path-only promotion; no supported desktop runtime/build change.,Existing repository evidence; source-specific licensing remains historical context.,low,n/a,high,statically-validated
HVC-PORTING-REF-52B258D5,n/a,HVC-PORTING-REF,luminet-historical-evidence-8a2dc2a,desktop-labs,design-tokens.css desktop UI lab asset,UI/design asset,reference implementation/design asset,standalone,docs/porting/archive/legacy-client-ui/styles/design-tokens.css,3b560c12aada66d253132075b23ea6fd50f571ccbb0c63251444229dc1fb7029,n/a,promotion from porting archive to governed desktop lab,one-to-one,reference-only,"The asset carries distinct UI/design value but is not part of the supported Wails/React build. Preserve it explicitly in Desktop Labs rather than burying it in documentation or shipping it without dependency, performance, accessibility, responsive, and rendered-test review.",Desktop UI lab capability corpus,labs/desktop/legacy-client-ui/design-tokens.css,Asset bytes remain identical to baseline and outside the supported desktop frontend build.,Desktop lab assets must not enter the supported frontend without explicit promotion review and rendered evidence.,n/a,labs/desktop/CAPABILITIES.csv,Path-only promotion; no supported desktop runtime/build change.,Existing repository evidence; source-specific licensing remains historical context.,low,n/a,high,statically-validated
HVC-PORTING-REF-C8077BDF,n/a,HVC-PORTING-REF,luminet-historical-evidence-8a2dc2a,desktop-labs,glassmorphism.css desktop UI lab asset,UI/design asset,reference implementation/design asset,standalone,docs/porting/archive/legacy-client-ui/styles/glassmorphism.css,634b8f51be7c49c0ce3f2aa7f7213e70973cf9bf9629f3d37000575db18c4d72,n/a,promotion from porting archive to governed desktop lab,one-to-one,reference-only,"The asset carries distinct UI/design value but is not part of the supported Wails/React build. Preserve it explicitly in Desktop Labs rather than burying it in documentation or shipping it without dependency, performance, accessibility, responsive, and rendered-test review.",Desktop UI lab capability corpus,labs/desktop/legacy-client-ui/glassmorphism.css,Asset bytes remain identical to baseline and outside the supported desktop frontend build.,Desktop lab assets must not enter the supported frontend without explicit promotion review and rendered evidence.,n/a,labs/desktop/CAPABILITIES.csv,Path-only promotion; no supported desktop runtime/build change.,Existing repository evidence; source-specific licensing remains historical context.,low,n/a,high,statically-validated
HVC-PORTING-REF-69D19876,n/a,HVC-PORTING-REF,luminet-historical-evidence-8a2dc2a,porting-evidence,porting progress reference evidence,document or reference asset,documentation/design/negative evidence,standalone,docs/porting/archive/porting_progress.json,a75b74e27975baa52aeebfa17a5b3a65fa825b8e8d8cc85e693046c66a7a0a20,n/a,promotion to governed reference evidence,one-to-one,reference-only,"Unique historical porting, provenance, implementation, or design detail remains useful for future targeted extraction; retained as non-authoritative reference evidence. The legacy porting archive content was retired during the 2026-09 deep-review remediation; baseline sha256 anchors are recorded in governance/topology/relocations.json.",historical evidence and design knowledge,n/a,Historical evidence remains inspectable but cannot override current runtime/code/test truth.,Archived or excluded material must not imply current support or become runtime authority without a new adoption decision.,n/a,docs/porting/archive/README.md,Documentation/reference classification only.,Existing repository evidence; source-specific licensing remains historical context.,low,n/a,medium,reviewed
HVC-EXCLUDED-REF-0F39491D,n/a,HVC-EXCLUDED-REF,luminet-historical-evidence-8a2dc2a,negative-evidence,dns scanner reference evidence,document or reference asset,documentation/design/negative evidence,standalone,docs/excluded/dns_scanner.md,7395e89d4aae352f9c12b54af1720fcb9377c3cfdfcb580904b1480ac1332b97,n/a,promotion to governed reference evidence,one-to-one,reference-only,The exclusion/review rationale and peer observations remain useful counterexample or future primitive evidence even though the whole mechanism is not live. The excluded docs were retired during the 2026-09 deep-review remediation and are anchored by baseline sha256 records in governance/topology/relocations.json.,historical evidence and design knowledge,n/a,Historical evidence remains inspectable but cannot override current runtime/code/test truth.,Archived or excluded material must not imply current support or become runtime authority without a new adoption decision.,n/a,docs/excluded/README.md,Documentation/reference classification only.,Existing repository evidence; source-specific licensing remains historical context.,low,n/a,medium,reviewed
HVC-EXCLUDED-REF-FDD8C41B,n/a,HVC-EXCLUDED-REF,luminet-historical-evidence-8a2dc2a,negative-evidence,freenet git reference evidence,document or reference asset,documentation/design/negative evidence,standalone,docs/excluded/freenet_git.md,e2791abd21d88bdb422ad4c159d711a67a2c340c2ac7328e0f17631a9907a7e1,n/a,promotion to governed reference evidence,one-to-one,reference-only,The exclusion/review rationale and peer observations remain useful counterexample or future primitive evidence even though the whole mechanism is not live. The excluded docs were retired during the 2026-09 deep-review remediation and are anchored by baseline sha256 records in governance/topology/relocations.json.,historical evidence and design knowledge,n/a,Historical evidence remains inspectable but cannot override current runtime/code/test truth.,Archived or excluded material must not imply current support or become runtime authority without a new adoption decision.,n/a,docs/excluded/README.md,Documentation/reference classification only.,Existing repository evidence; source-specific licensing remains historical context.,low,n/a,medium,reviewed
HVC-EXCLUDED-REF-D11F533C,n/a,HVC-EXCLUDED-REF,luminet-historical-evidence-8a2dc2a,negative-evidence,freenet p2p reference evidence,document or reference asset,documentation/design/negative evidence,standalone,docs/excluded/freenet_p2p.md,40910650c42c37fe74fe1066cbe3b064e937bdee3fdd32a3bdbc3420069a817f,n/a,promotion to governed reference evidence,one-to-one,reference-only,The exclusion/review rationale and peer observations remain useful counterexample or future primitive evidence even though the whole mechanism is not live. The excluded docs were retired during the 2026-09 deep-review remediation and are anchored by baseline sha256 records in governance/topology/relocations.json.,historical evidence and design knowledge,n/a,Historical evidence remains inspectable but cannot override current runtime/code/test truth.,Archived or excluded material must not imply current support or become runtime authority without a new adoption decision.,n/a,docs/excluded/README.md,Documentation/reference classification only.,Existing repository evidence; source-specific licensing remains historical context.,low,n/a,medium,reviewed
HVC-EXCLUDED-REF-08453991,n/a,HVC-EXCLUDED-REF,luminet-historical-evidence-8a2dc2a,negative-evidence,mihomo reference evidence,document or reference asset,documentation/design/negative evidence,standalone,docs/excluded/mihomo.md,4770511735c609a83709927383ac05128d7207e00b0d8450531eb69a3bc175e6,n/a,promotion to governed reference evidence,one-to-one,reference-only,The exclusion/review rationale and peer observations remain useful counterexample or future primitive evidence even though the whole mechanism is not live. The excluded docs were retired during the 2026-09 deep-review remediation and are anchored by baseline sha256 records in governance/topology/relocations.json.,historical evidence and design knowledge,n/a,Historical evidence remains inspectable but cannot override current runtime/code/test truth.,Archived or excluded material must not imply current support or become runtime authority without a new adoption decision.,n/a,docs/excluded/README.md,Documentation/reference classification only.,Existing repository evidence; source-specific licensing remains historical context.,low,n/a,medium,reviewed
HVC-EXCLUDED-REF-B70A2355,n/a,HVC-EXCLUDED-REF,luminet-historical-evidence-8a2dc2a,negative-evidence,multinode processor reference evidence,document or reference asset,documentation/design/negative evidence,standalone,docs/excluded/multinode_processor.md,a79d36e9d6af69cb52252ad8729708e31e12646f4355b16d30625aa6c250d401,n/a,promotion to governed reference evidence,one-to-one,reference-only,The exclusion/review rationale and peer observations remain useful counterexample or future primitive evidence even though the whole mechanism is not live. The excluded docs were retired during the 2026-09 deep-review remediation and are anchored by baseline sha256 records in governance/topology/relocations.json.,historical evidence and design knowledge,n/a,Historical evidence remains inspectable but cannot override current runtime/code/test truth.,Archived or excluded material must not imply current support or become runtime authority without a new adoption decision.,n/a,docs/excluded/README.md,Documentation/reference classification only.,Existing repository evidence; source-specific licensing remains historical context.,low,n/a,medium,reviewed
HVC-EXCLUDED-REF-053DC38B,n/a,HVC-EXCLUDED-REF,luminet-historical-evidence-8a2dc2a,negative-evidence,nahan1 worker reference evidence,document or reference asset,documentation/design/negative evidence,standalone,docs/excluded/nahan1_worker.md,14394096d202e8d80eebc40171faa423f9dedecbf4d19856f146db5a9b4e111e,n/a,promotion to governed reference evidence,one-to-one,reference-only,The exclusion/review rationale and peer observations remain useful counterexample or future primitive evidence even though the whole mechanism is not live. The excluded docs were retired during the 2026-09 deep-review remediation and are anchored by baseline sha256 records in governance/topology/relocations.json.,historical evidence and design knowledge,n/a,Historical evidence remains inspectable but cannot override current runtime/code/test truth.,Archived or excluded material must not imply current support or become runtime authority without a new adoption decision.,n/a,docs/excluded/README.md,Documentation/reference classification only.,Existing repository evidence; source-specific licensing remains historical context.,low,n/a,medium,reviewed
HVC-EXCLUDED-REF-F695CB5D,n/a,HVC-EXCLUDED-REF,luminet-historical-evidence-8a2dc2a,negative-evidence,netflow reference evidence,document or reference asset,documentation/design/negative evidence,standalone,docs/excluded/netflow.md,75dee9feaf19eeb0f0091ab6307462fa02515a0a0285b5096dcab6e454a10824,n/a,promotion to governed reference evidence,one-to-one,reference-only,The exclusion/review rationale and peer observations remain useful counterexample or future primitive evidence even though the whole mechanism is not live. The excluded docs were retired during the 2026-09 deep-review remediation and are anchored by baseline sha256 records in governance/topology/relocations.json.,historical evidence and design knowledge,n/a,Historical evidence remains inspectable but cannot override current runtime/code/test truth.,Archived or excluded material must not imply current support or become runtime authority without a new adoption decision.,n/a,docs/excluded/README.md,Documentation/reference classification only.,Existing repository evidence; source-specific licensing remains historical context.,low,n/a,medium,reviewed
HVC-EXCLUDED-REF-47C4E4BE,n/a,HVC-EXCLUDED-REF,luminet-historical-evidence-8a2dc2a,negative-evidence,node http mitm reference evidence,document or reference asset,documentation/design/negative evidence,standalone,docs/excluded/node_http_mitm.md,01306437862c3d12586e43d9f7f12fab5fba059df2dafd2a80f743a0c309997a,n/a,promotion to governed reference evidence,one-to-one,reference-only,The exclusion/review rationale and peer observations remain useful counterexample or future primitive evidence even though the whole mechanism is not live. The excluded docs were retired during the 2026-09 deep-review remediation and are anchored by baseline sha256 records in governance/topology/relocations.json.,historical evidence and design knowledge,n/a,Historical evidence remains inspectable but cannot override current runtime/code/test truth.,Archived or excluded material must not imply current support or become runtime authority without a new adoption decision.,n/a,docs/excluded/README.md,Documentation/reference classification only.,Existing repository evidence; source-specific licensing remains historical context.,low,n/a,medium,reviewed
HVC-EXCLUDED-REF-EB5E646E,n/a,HVC-EXCLUDED-REF,luminet-historical-evidence-8a2dc2a,negative-evidence,panel docusaurus reference evidence,document or reference asset,documentation/design/negative evidence,standalone,docs/excluded/panel_docusaurus.md,33fe8c45f4e503e4abbd9f0e79e964ff4356cd0a61aba4311e76f52a886017c5,n/a,promotion to governed reference evidence,one-to-one,reference-only,The exclusion/review rationale and peer observations remain useful counterexample or future primitive evidence even though the whole mechanism is not live. The excluded docs were retired during the 2026-09 deep-review remediation and are anchored by baseline sha256 records in governance/topology/relocations.json.,historical evidence and design knowledge,n/a,Historical evidence remains inspectable but cannot override current runtime/code/test truth.,Archived or excluded material must not imply current support or become runtime authority without a new adoption decision.,n/a,docs/excluded/README.md,Documentation/reference classification only.,Existing repository evidence; source-specific licensing remains historical context.,low,n/a,medium,reviewed
HVC-EXCLUDED-REF-0EDEED1D,n/a,HVC-EXCLUDED-REF,luminet-historical-evidence-8a2dc2a,negative-evidence,proxy yoinker reference evidence,document or reference asset,documentation/design/negative evidence,standalone,docs/excluded/proxy_yoinker.md,e71f830dc543da219e39168a498d3b423e814e04d577f95346e082c5839c7565,n/a,promotion to governed reference evidence,one-to-one,reference-only,The exclusion/review rationale and peer observations remain useful counterexample or future primitive evidence even though the whole mechanism is not live. The excluded docs were retired during the 2026-09 deep-review remediation and are anchored by baseline sha256 records in governance/topology/relocations.json.,historical evidence and design knowledge,n/a,Historical evidence remains inspectable but cannot override current runtime/code/test truth.,Archived or excluded material must not imply current support or become runtime authority without a new adoption decision.,n/a,docs/excluded/README.md,Documentation/reference classification only.,Existing repository evidence; source-specific licensing remains historical context.,low,n/a,medium,reviewed
HVC-EXCLUDED-REF-E1373983,n/a,HVC-EXCLUDED-REF,luminet-historical-evidence-8a2dc2a,negative-evidence,tailscale tizen reference evidence,document or reference asset,documentation/design/negative evidence,standalone,docs/excluded/tailscale_tizen.md,a9c089602c041a07e359024c69d3ea4da42aaade936de04572b36ba23ca97010,n/a,promotion to governed reference evidence,one-to-one,reference-only,The exclusion/review rationale and peer observations remain useful counterexample or future primitive evidence even though the whole mechanism is not live. The excluded docs were retired during the 2026-09 deep-review remediation and are anchored by baseline sha256 records in governance/topology/relocations.json.,historical evidence and design knowledge,n/a,Historical evidence remains inspectable but cannot override current runtime/code/test truth.,Archived or excluded material must not imply current support or become runtime authority without a new adoption decision.,n/a,docs/excluded/README.md,Documentation/reference classification only.,Existing repository evidence; source-specific licensing remains historical context.,low,n/a,medium,reviewed
HVC-EXCLUDED-REF-CE351244,n/a,HVC-EXCLUDED-REF,luminet-historical-evidence-8a2dc2a,negative-evidence,terraform tailscale reference evidence,document or reference asset,documentation/design/negative evidence,standalone,docs/excluded/terraform_tailscale.md,159fcdd00e8e299f612714a2b9fe71c8fef82d5d36a4a8072bc38f25ca5b9ff9,n/a,promotion to governed reference evidence,one-to-one,reference-only,The exclusion/review rationale and peer observations remain useful counterexample or future primitive evidence even though the whole mechanism is not live. The excluded docs were retired during the 2026-09 deep-review remediation and are anchored by baseline sha256 records in governance/topology/relocations.json.,historical evidence and design knowledge,n/a,Historical evidence remains inspectable but cannot override current runtime/code/test truth.,Archived or excluded material must not imply current support or become runtime authority without a new adoption decision.,n/a,docs/excluded/README.md,Documentation/reference classification only.,Existing repository evidence; source-specific licensing remains historical context.,low,n/a,medium,reviewed
HVC-EXCLUDED-REF-83158675,n/a,HVC-EXCLUDED-REF,luminet-historical-evidence-8a2dc2a,negative-evidence,v2ray client reference evidence,document or reference asset,documentation/design/negative evidence,standalone,docs/excluded/v2ray_client.md,fc7f8dd3e586636b2becd04fb7ca14177ebaa6711e9805955d9326a5153a961b,n/a,promotion to governed reference evidence,one-to-one,reference-only,The exclusion/review rationale and peer observations remain useful counterexample or future primitive evidence even though the whole mechanism is not live. The excluded docs were retired during the 2026-09 deep-review remediation and are anchored by baseline sha256 records in governance/topology/relocations.json.,historical evidence and design knowledge,n/a,Historical evidence remains inspectable but cannot override current runtime/code/test truth.,Archived or excluded material must not imply current support or become runtime authority without a new adoption decision.,n/a,docs/excluded/README.md,Documentation/reference classification only.,Existing repository evidence; source-specific licensing remains historical context.,low,n/a,medium,reviewed
HVC-EXCLUDED-REF-C0E854D2,n/a,HVC-EXCLUDED-REF,luminet-historical-evidence-8a2dc2a,negative-evidence,v2ray for doprax reference evidence,document or reference asset,documentation/design/negative evidence,standalone,docs/excluded/v2ray_for_doprax.md,1f721a5027c8875dae83289b65a7dcac878c6267eeca2e25a19d861a0e5ed6ec,n/a,promotion to governed reference evidence,one-to-one,reference-only,The exclusion/review rationale and peer observations remain useful counterexample or future primitive evidence even though the whole mechanism is not live. The excluded docs were retired during the 2026-09 deep-review remediation and are anchored by baseline sha256 records in governance/topology/relocations.json.,historical evidence and design knowledge,n/a,Historical evidence remains inspectable but cannot override current runtime/code/test truth.,Archived or excluded material must not imply current support or become runtime authority without a new adoption decision.,n/a,docs/excluded/README.md,Documentation/reference classification only.,Existing repository evidence; source-specific licensing remains historical context.,low,n/a,medium,reviewed
HVC-EXCLUDED-REF-A33C37D2,n/a,HVC-EXCLUDED-REF,luminet-historical-evidence-8a2dc2a,negative-evidence,v2ray rules dat reference evidence,document or reference asset,documentation/design/negative evidence,standalone,docs/excluded/v2ray_rules_dat.md,05050917f55ae7fd3724ba8580429dc674073073a542903e6debb274c3b495d8,n/a,promotion to governed reference evidence,one-to-one,reference-only,The exclusion/review rationale and peer observations remain useful counterexample or future primitive evidence even though the whole mechanism is not live. The excluded doc was retired during the 2026-09 deep-review remediation and is anchored by its baseline sha256 in governance/topology/relocations.json.,historical evidence and design knowledge,n/a,Historical evidence remains inspectable but cannot override current runtime/code/test truth.,Archived or excluded material must not imply current support or become runtime authority without a new adoption decision.,n/a,docs/excluded/README.md,Documentation/reference classification only.,Existing repository evidence; source-specific licensing remains historical context.,low,n/a,medium,reviewed
HVC-TASK-PLAN-RETIRE,n/a,HVC-STALE-PLANNING,luminet-baseline-d73453f,planning-governance,completed control-plane implementation plan,document,planning history,standalone,tasks/plan.md,336727f87bb6a66e4ad8e841030f111a832442cd8ecdb0b375ab0eeb49aa90f1,n/a,summary then retirement,many-to-one,superseded,"The document is explicitly complete, references legacy server/ paths, and carries no unfinished decision not represented by current code/tests/history. Its lasting decisions and retirement rationale are captured in the convergence report; current planning authority is docs/plans.",current planning and historical convergence record,docs/plans/2026-07-29-001-refactor-luminet-consolidation-roadmap-plan.md,Completed historical work remains traceable without presenting stale paths/build claims as current tasks.,Retired completed task notes must not return as current planning authority.,docs/plans/2026-07-29-001-refactor-luminet-consolidation-roadmap-plan.md,docs/audit/2026-08-08-historical-value-convergence.md,Documentation-only retirement.,Repository-native planning history.,low,n/a,high,reviewed
HVC-TASK-TODO-RETIRE,n/a,HVC-STALE-PLANNING,luminet-baseline-d73453f,planning-governance,completed control-plane task checklist,document,planning history,standalone,tasks/todo.md,b91d83489c811e97be33745cea346cce02b21cbc40aa48e2700f2890f367c289,n/a,summary then retirement,many-to-one,superseded,"The document is explicitly complete, references legacy server/ paths, and carries no unfinished decision not represented by current code/tests/history. Its lasting decisions and retirement rationale are captured in the convergence report; current planning authority is docs/plans.",current planning and historical convergence record,docs/plans/2026-07-29-001-refactor-luminet-consolidation-roadmap-plan.md,Completed historical work remains traceable without presenting stale paths/build claims as current tasks.,Retired completed task notes must not return as current planning authority.,docs/plans/2026-07-29-001-refactor-luminet-consolidation-roadmap-plan.md,docs/audit/2026-08-08-historical-value-convergence.md,Documentation-only retirement.,Repository-native planning history.,low,n/a,high,reviewed
HVC-ANDROID-LAB-DEFAULTNETWORKLISTENER,n/a,HVC-ANDROID-LABS,luminet-baseline-d73453f,android-labs,DefaultNetworkListener Android porting fragment,source fragment,reference implementation,standalone/context-dependent,mobile/android/incubator/DefaultNetworkListener.kt,92db436fc7b492648d3da0385f06728a1fda7961881cb7ca777e89b338c88c0b,n/a,promotion from incubator to governed lab,one-to-one,reference-only,The fragment carries distinct Android porting value but lacks sufficient lifecycle/coroutine/integration proof for the compiled application. Preserve it explicitly in labs rather than treating it as stale or shipping it unsafely.,Android lab capability corpus,labs/mobile/fragments/DefaultNetworkListener.kt,Fragment bytes remain identical to baseline and outside compiled source sets.,Android lab fragments must not enter app source sets without explicit promotion review and executable evidence.,n/a,labs/mobile/fragments/CAPABILITIES.csv,Path-only promotion; no APK source-set or runtime change.,Repository-native baseline source.,medium,n/a,high,statically-validated
HVC-ANDROID-LAB-NETGOVPN-CLIENT,n/a,HVC-ANDROID-LABS,luminet-baseline-d73453f,android-labs,netgovpn client Android porting fragment,source fragment,reference implementation,standalone/context-dependent,mobile/android/incubator/netgovpn_client.kt,d87696d5a866de181c9469f0bfc917b231d90657e6231e153a4f22f9bf85d805,n/a,promotion from incubator to governed lab,one-to-one,reference-only,The fragment carries distinct Android porting value but lacks sufficient lifecycle/coroutine/integration proof for the compiled application. Preserve it explicitly in labs rather than treating it as stale or shipping it unsafely.,Android lab capability corpus,labs/mobile/fragments/netgovpn_client.kt,Fragment bytes remain identical to baseline and outside compiled source sets.,Android lab fragments must not enter app source sets without explicit promotion review and executable evidence.,n/a,labs/mobile/fragments/CAPABILITIES.csv,Path-only promotion; no APK source-set or runtime change.,Repository-native baseline source.,medium,n/a,high,statically-validated
HVC-ANDROID-LAB-OKHTTP-DOH-CLIENT,n/a,HVC-ANDROID-LABS,luminet-baseline-d73453f,android-labs,okhttp doh client Android porting fragment,source fragment,reference implementation,standalone/context-dependent,mobile/android/incubator/okhttp_doh_client.kt,57822b48b1ebad3772c3766bf84a91a1f2dafa59afb9feadffe9e29a70601a79,n/a,promotion from incubator to governed lab,one-to-one,reference-only,The fragment carries distinct Android porting value but lacks sufficient lifecycle/coroutine/integration proof for the compiled application. Preserve it explicitly in labs rather than treating it as stale or shipping it unsafely.,Android lab capability corpus,labs/mobile/fragments/okhttp_doh_client.kt,Fragment bytes remain identical to baseline and outside compiled source sets.,Android lab fragments must not enter app source sets without explicit promotion review and executable evidence.,n/a,labs/mobile/fragments/CAPABILITIES.csv,Path-only promotion; no APK source-set or runtime change.,Repository-native baseline source.,medium,n/a,high,statically-validated
HVC-ANDROID-LAB-PLUGIN-SYSTEM,n/a,HVC-ANDROID-LABS,luminet-baseline-d73453f,android-labs,plugin system Android porting fragment,source fragment,reference implementation,standalone/context-dependent,mobile/android/incubator/plugin_system.kt,0b8a80aad945002e3b05475aa937f89bba4ce4808e660c65024afd0b8ad3118b,n/a,promotion from incubator to governed lab,one-to-one,reference-only,The fragment carries distinct Android porting value but lacks sufficient lifecycle/coroutine/integration proof for the compiled application. Preserve it explicitly in labs rather than treating it as stale or shipping it unsafely.,Android lab capability corpus,labs/mobile/fragments/plugin_system.kt,Fragment bytes remain identical to baseline and outside compiled source sets.,Android lab fragments must not enter app source sets without explicit promotion review and executable evidence.,n/a,labs/mobile/fragments/CAPABILITIES.csv,Path-only promotion; no APK source-set or runtime change.,Repository-native baseline source.,medium,n/a,high,statically-validated
HVC-ANDROID-LAB-QTUN-SERVICE,n/a,HVC-ANDROID-LABS,luminet-baseline-d73453f,android-labs,qtun service Android porting fragment,source fragment,reference implementation,standalone/context-dependent,mobile/android/incubator/qtun_service.kt,8beb1ad1af6d399d4a549fb8a675e27988a5a3027e09f7a6c8c7cee7bec59dcd,n/a,promotion from incubator to governed lab,one-to-one,reference-only,The fragment carries distinct Android porting value but lacks sufficient lifecycle/coroutine/integration proof for the compiled application. Preserve it explicitly in labs rather than treating it as stale or shipping it unsafely.,Android lab capability corpus,labs/mobile/fragments/qtun_service.kt,Fragment bytes remain identical to baseline and outside compiled source sets.,Android lab fragments must not enter app source sets without explicit promotion review and executable evidence.,n/a,labs/mobile/fragments/CAPABILITIES.csv,Path-only promotion; no APK source-set or runtime change.,Repository-native baseline source.,medium,n/a,high,statically-validated
HVC-ANDROID-LAB-RETHINK-DNS,n/a,HVC-ANDROID-LABS,luminet-baseline-d73453f,android-labs,rethink dns Android porting fragment,source fragment,reference implementation,standalone/context-dependent,mobile/android/incubator/rethink_dns.kt,398d4e7769013b23011981d0abd030b61272be191b50c6e511b02150c9796495,n/a,promotion from incubator to governed lab,one-to-one,reference-only,The fragment carries distinct Android porting value but lacks sufficient lifecycle/coroutine/integration proof for the compiled application. Preserve it explicitly in labs rather than treating it as stale or shipping it unsafely.,Android lab capability corpus,labs/mobile/fragments/rethink_dns.kt,Fragment bytes remain identical to baseline and outside compiled source sets.,Android lab fragments must not enter app source sets without explicit promotion review and executable evidence.,n/a,labs/mobile/fragments/CAPABILITIES.csv,Path-only promotion; no APK source-set or runtime change.,Repository-native baseline source.,medium,n/a,high,statically-validated
HVC-ANDROID-LAB-SAGERNET-PROFILES,n/a,HVC-ANDROID-LABS,luminet-baseline-d73453f,android-labs,sagernet profiles Android porting fragment,source fragment,reference implementation,standalone/context-dependent,mobile/android/incubator/sagernet_profiles.kt,f369a5fdd515225f49921d68e4811b4a9288e73108d0d2cddf5b21833d2212a1,n/a,promotion from incubator to governed lab,one-to-one,reference-only,The fragment carries distinct Android porting value but lacks sufficient lifecycle/coroutine/integration proof for the compiled application. Preserve it explicitly in labs rather than treating it as stale or shipping it unsafely.,Android lab capability corpus,labs/mobile/fragments/sagernet_profiles.kt,Fragment bytes remain identical to baseline and outside compiled source sets.,Android lab fragments must not enter app source sets without explicit promotion review and executable evidence.,n/a,labs/mobile/fragments/CAPABILITIES.csv,Path-only promotion; no APK source-set or runtime change.,Repository-native baseline source.,medium,n/a,high,statically-validated
HVC-ANDROID-LAB-SIMPLE-OBFS,n/a,HVC-ANDROID-LABS,luminet-baseline-d73453f,android-labs,simple obfs Android porting fragment,source fragment,reference implementation,standalone/context-dependent,mobile/android/incubator/simple_obfs.java,f1c83d26ec8426ebd3bafdbb0d92675b1d746fa9a0c26e38c84e1269330a57f4,n/a,promotion from incubator to governed lab,one-to-one,reference-only,The fragment carries distinct Android porting value but lacks sufficient lifecycle/coroutine/integration proof for the compiled application. Preserve it explicitly in labs rather than treating it as stale or shipping it unsafely.,Android lab capability corpus,labs/mobile/fragments/simple_obfs.java,Fragment bytes remain identical to baseline and outside compiled source sets.,Android lab fragments must not enter app source sets without explicit promotion review and executable evidence.,n/a,labs/mobile/fragments/CAPABILITIES.csv,Path-only promotion; no APK source-set or runtime change.,Repository-native baseline source.,medium,n/a,high,statically-validated
HVC-ANDROID-LAB-TAILSCALE-VPN,n/a,HVC-ANDROID-LABS,luminet-baseline-d73453f,android-labs,tailscale vpn Android porting fragment,source fragment,reference implementation,standalone/context-dependent,mobile/android/incubator/tailscale_vpn.kt,c927e437834022598cc4d299646362834a1b6e0afbcd3461bd0dc6a080d32c66,n/a,promotion from incubator to governed lab,one-to-one,reference-only,The fragment carries distinct Android porting value but lacks sufficient lifecycle/coroutine/integration proof for the compiled application. Preserve it explicitly in labs rather than treating it as stale or shipping it unsafely.,Android lab capability corpus,labs/mobile/fragments/tailscale_vpn.kt,Fragment bytes remain identical to baseline and outside compiled source sets.,Android lab fragments must not enter app source sets without explicit promotion review and executable evidence.,n/a,labs/mobile/fragments/CAPABILITIES.csv,Path-only promotion; no APK source-set or runtime change.,Repository-native baseline source.,medium,n/a,high,statically-validated
HVC-ANDROID-LAB-VPN-ENGINE,n/a,HVC-ANDROID-LABS,luminet-baseline-d73453f,android-labs,vpn engine Android porting fragment,source fragment,reference implementation,standalone/context-dependent,mobile/android/incubator/vpn_engine.kt,6a654c30c2f69087d57e4e0648df9051ffaa23ca3bc8a51ffa3b7ab017ad8e31,n/a,promotion from incubator to governed lab,one-to-one,reference-only,The fragment carries distinct Android porting value but lacks sufficient lifecycle/coroutine/integration proof for the compiled application. Preserve it explicitly in labs rather than treating it as stale or shipping it unsafely.,Android lab capability corpus,labs/mobile/fragments/vpn_engine.kt,Fragment bytes remain identical to baseline and outside compiled source sets.,Android lab fragments must not enter app source sets without explicit promotion review and executable evidence.,n/a,labs/mobile/fragments/CAPABILITIES.csv,Path-only promotion; no APK source-set or runtime change.,Repository-native baseline source.,medium,n/a,high,statically-validated
HVC-ANDROID-LAB-VPN-PROFILES,n/a,HVC-ANDROID-LABS,luminet-baseline-d73453f,android-labs,vpn profiles Android porting fragment,source fragment,reference implementation,standalone/context-dependent,mobile/android/incubator/vpn_profiles.kt,bee2bc72395791d501df2ced1c71de8f8a52958ab0aced4c4cf5684a92aabc88,n/a,promotion from incubator to governed lab,one-to-one,reference-only,The fragment carries distinct Android porting value but lacks sufficient lifecycle/coroutine/integration proof for the compiled application. Preserve it explicitly in labs rather than treating it as stale or shipping it unsafely.,Android lab capability corpus,labs/mobile/fragments/vpn_profiles.kt,Fragment bytes remain identical to baseline and outside compiled source sets.,Android lab fragments must not enter app source sets without explicit promotion review and executable evidence.,n/a,labs/mobile/fragments/CAPABILITIES.csv,Path-only promotion; no APK source-set or runtime change.,Repository-native baseline source.,medium,n/a,high,statically-validated
HVC-DESKTOP-LAB-README,n/a,HVC-DESKTOP-LABS,luminet-baseline-d73453f,desktop-labs,legacy desktop UI lab context and promotion contract,documentation,design provenance and governance,context-dependent,docs/porting/archive/legacy-client-ui/README.md,18a10f82ba644f068d45b1fe3b8d9d7d45309cbc89c97e6dc9d593627b7881e6,n/a,promotion and governance rewrite,one-to-one,reference-only,The old README identified an orphaned prototype. Its lasting value is retained as a governed Desktop Labs contract that makes ownership and promotion requirements explicit.,Desktop UI lab capability corpus,labs/desktop/legacy-client-ui/README.md,The prototype remains non-authoritative and outside the supported frontend build.,Lab status must not be mistaken for shipped UI support.,scripts/checks/repo_audit.py#DesktopLabs,labs/desktop/README.md;labs/desktop/CAPABILITIES.csv,Documentation governance only.,Repository-native baseline source.,low,n/a,high,statically-validated
HVC-TPM-LEGACY-RETAIN,n/a,HVC-ACTIVE-COMPAT,luminet-baseline-d73453f,crypto-migration,compiled-password legacy TPM migration adapter,live implementation,migration compatibility and negative guardrail,inseparable from TPM migration lifecycle,server/internal/crypto/tpm_legacy.go,412939ac9e4938bbc4aff8e0a54e88dd6310d7905f2722ac953cc339024243b9,MigrateCompiledLegacyTPMToRepository,retain as active controlled migration compatibility,one-to-one,adopted,"This is not stale compatibility: the current TPM CLI invokes it, new legacy sealing is explicitly disabled, and the repository has cutoff, verification, activation-failure, cleanup, and rollback-oriented migration tests. Removing it would strand controlled migration of existing compiled-password TPM blobs.",controlled TPM legacy migration,src/apps/daemon/internal/foundation/crypto/tpm_legacy.go#MigrateCompiledLegacyTPMToRepository;src/apps/daemon/cmd/tpm.go#runTPMMigrate,Legacy TPM blobs may be read only through the bounded migration lifecycle; creating new compiled-password legacy blobs remains disabled.,Legacy compatibility must not become a new sealing/authority path or bypass cutoff and verification.,src/apps/daemon/internal/foundation/crypto/tpm_test.go#TestLegacyTPMSealingIsDisabled;src/apps/daemon/internal/foundation/crypto/tpm_envelope_test.go#TestMigrateLegacyTPMToRepositoryActivatesVerifiedEnvelope,apps/daemon/cmd/tpm.go,Retained active compatibility; no topology change.,Repository-native baseline source.,high,n/a,high,reviewed
HVC-NATIVE-PACKAGE-EXCLUSIONS,n/a,HVC-NATIVE-BOUNDARIES,luminet-baseline-d73453f,native-boundary,Android package exclusion state,live native/export implementation,ABI/JNI/cgo compatibility,native-boundary-coupled,server/internal/proxy/package_exclusions.go,53993104831284111eb3b6be4de678b20688dfa1418b9ba0acd35db6d6bc740d,AndroidVPNExclusionManager,retain explicit native/export boundary,one-to-one,adopted,State owner for the JNI package-exclusion export surface; has direct owner tests and must travel with the JNI bridge.,native host compatibility boundaries,src/apps/daemon/internal/runtime/proxy/package_exclusions.go#AndroidVPNExclusionManager,Native/export symbols remain explicit and do not acquire hidden runtime authority.,No caller-count or ordinary Go import heuristic may classify an externally entered export boundary as dead code.,src/apps/daemon/internal/runtime/proxy/package_exclusions_test.go,native/JNI/cgo consumer boundary,Retained in place after convergence review.,Repository-native baseline source.,high,n/a,high,reviewed
HVC-NATIVE-PACKAGE-EXCLUSIONS-JNI,n/a,HVC-NATIVE-BOUNDARIES,luminet-baseline-d73453f,native-boundary,Android package exclusion JNI exports,live native/export implementation,ABI/JNI/cgo compatibility,native-boundary-coupled,server/internal/proxy/package_exclusions_jni.go,aff8b6ac886bd8fd8666aed5b0751b3b911e2bb321175fdce013684eb3456f8f,Java_com_github_shadowsocks_plugin_v2ray_BinaryProvider_excludePackage,retain explicit native/export boundary,one-to-one,adopted,JNI-export boundary. Apparent lack of Go callers is expected because consumers enter through the exported native symbols.,native host compatibility boundaries,src/apps/daemon/internal/runtime/proxy/package_exclusions_jni.go#Java_com_github_shadowsocks_plugin_v2ray_BinaryProvider_excludePackage,Native/export symbols remain explicit and do not acquire hidden runtime authority.,No caller-count or ordinary Go import heuristic may classify an externally entered export boundary as dead code.,scripts/checks/repo_audit.py#NativeBoundaryRetention,native/JNI/cgo consumer boundary,Retained in place after convergence review.,Repository-native baseline source.,high,n/a,high,reviewed
HVC-NATIVE-HYSTERIA-BINDING,n/a,HVC-NATIVE-BOUNDARIES,luminet-baseline-d73453f,native-boundary,Hysteria cgo export compatibility boundary,live native/export implementation,ABI/JNI/cgo compatibility,native-boundary-coupled,server/internal/proxy/hysteria_binding.go,8128a525c60abb0abf6deabe420c82e5caddecf68238dd9e87e20f093ac0d826,Hysteria2_Start,retain explicit native/export boundary,one-to-one,adopted,cgo-export boundary retained for ABI/native compatibility. Its current fallback semantics remain capability-limited and are not promoted to stronger runtime authority by this convergence.,native host compatibility boundaries,src/apps/daemon/internal/runtime/proxy/hysteria_binding.go#Hysteria2_Start,Native/export symbols remain explicit and do not acquire hidden runtime authority.,No caller-count or ordinary Go import heuristic may classify an externally entered export boundary as dead code.,scripts/checks/repo_audit.py#NativeBoundaryRetention,native/JNI/cgo consumer boundary,Retained in place after convergence review.,Repository-native baseline source.,high,n/a,high,reviewed
SB-001,n/a,SB-AUTHORITY-SYNTHESIS,luminet-baseline-d73453f,runtime-source-authority,split-brain authority decision,cross-cutting mechanism,authority synthesis,composed,core/src/lib.rs,e5147d5fc3edd8a725e393fd63107f7e3700cea068cd22bcbdd74c99c8c1fdf2,n/a,authority convergence,many-to-one,synthesized,Supported source roots contain only reachable shipped code; dormant/native peers stay hash-preserved in governed labs.,runtime-source-authority,scripts/checks/check_lumicore_source_purity.py;scripts/checks/check_daemon_reachability.py,Source purity and product reachability are explicit rather than inferred from folder location.,Live source roots must not regain unreachable/foreign implementation islands.,scripts/checks/check_lumicore_source_purity.py; scripts/checks/check_daemon_reachability.py,repository/product boundary,Canonical authority clarified; distinct peer evidence remains preserved under governed reference/labs surfaces.,Repository-native baseline source; no external donor bytes introduced.,medium,n/a,high,verified
SB-002,n/a,SB-AUTHORITY-SYNTHESIS,luminet-baseline-d73453f,android-vpn-lifecycle,split-brain authority decision,cross-cutting mechanism,authority synthesis,composed,server/internal/proxy/mobile_bind.go,ec6419a76bef2dae6137ef4d77a59805cee7eb4ce6ad01c548f30d2d69f6b1a6,n/a,authority convergence,many-to-one,synthesized,One Android VPN lifecycle: VpnEngineService -> generated mobilebind adapter -> mobilecore CoreController -> system.StartTun2Socks; mobilehost owns platform socket/process hooks.,android-vpn-lifecycle,src/apps/daemon/internal/adapters/mobilebind/mobilebind.go;src/apps/daemon/internal/runtime/mobilecore/controller.go;src/apps/daemon/internal/platform/mobilehost/host.go;src/apps/android/app/src/main/java/com/luminet/android/VpnEngineService.kt,Transferred TUN ownership and real userspace forwarding survive compatibility entry points.,"No second VpnService, handwritten JNI, fake TUN drain, or unowned transferred FD may become live authority.",scripts/checks/check_mobile_tun_ownership.py; scripts/checks/check_mobile_binding.py; scripts/checks/check_mobile_product.py,repository/product boundary,Canonical authority clarified; distinct peer evidence remains preserved under governed reference/labs surfaces.,Repository-native baseline source; no external donor bytes introduced.,high,n/a,high,statically-validated
SB-003,n/a,SB-AUTHORITY-SYNTHESIS,luminet-baseline-d73453f,control-session-discovery,split-brain authority decision,cross-cutting mechanism,authority synthesis,composed,desktop/main.go,25f8b0ec65d2ac1ace1d92356e101bb7217288f844f3328bb602e596df9efb5b,n/a,authority convergence,many-to-one,synthesized,"One versioned local session descriptor is shared by daemon, desktop, and CLI while both historical descriptor shapes remain accepted for migration.",control-session-discovery,src/packages/contracts/session/session.go;src/apps/desktop/main.go;src/apps/daemon/cmd/root.go,A discovered local daemon is authoritative and legacy descriptors migrate without parallel control state.,Invalid/unreachable/rejecting discovered sessions must not silently start a second in-process manager.,src/packages/contracts/session/session_test.go,repository/product boundary,Canonical authority clarified; distinct peer evidence remains preserved under governed reference/labs surfaces.,Repository-native baseline source; no external donor bytes introduced.,medium,n/a,high,verified
SB-004,n/a,SB-AUTHORITY-SYNTHESIS,luminet-baseline-d73453f,shared-control-ui,split-brain authority decision,cross-cutting mechanism,authority synthesis,composed,desktop/frontend/package.json,cca75ba4d7328721172b012c46dab60b1e61af8c6a9a4035b0e8cc960b2bb076,n/a,authority convergence,many-to-one,synthesized,React source and production embed bytes have one owner under packages/control-ui; daemon browser mode and Wails desktop consume the same Dist seam.,shared-control-ui,src/packages/control-ui/package.json;src/packages/control-ui/embed.go;src/apps/daemon/main.go;src/apps/desktop/main.go,One authored UI and one generated bundle serve both hosts.,apps/desktop/frontend and apps/daemon/internal/webui must not return as independent live UI authorities.,src/packages/control-ui/scripts/test-contracts.mjs; scripts/checks/repo_audit.py,repository/product boundary,Canonical authority clarified; distinct peer evidence remains preserved under governed reference/labs surfaces.,Repository-native baseline source; no external donor bytes introduced.,medium,n/a,high,verified
SB-005,n/a,SB-AUTHORITY-SYNTHESIS,luminet-baseline-d73453f,api-route-authority,split-brain authority decision,cross-cutting mechanism,authority synthesis,composed,server/internal/api/route_specs.go,b3729f7b769063b8eaf77a0d1046a6a73ae9184415feadfdd4ad0ca2a17ff664,n/a,authority convergence,many-to-one,synthesized,Actual Gin registrations are route authority; the historical 60-row registry is reference evidence and live /api/routes introspects the serving router.,api-route-authority,src/apps/daemon/internal/adapters/api/live_routes.go;governance/reference/legacy-route-specs.go,Published route inventory cannot claim endpoints that are not registered.,Static reference rows must never become an independent executable route authority.,src/apps/daemon/internal/adapters/api/live_routes_test.go; scripts/checks/repo_audit.py,repository/product boundary,Canonical authority clarified; distinct peer evidence remains preserved under governed reference/labs surfaces.,Repository-native baseline source; no external donor bytes introduced.,medium,n/a,high,verified
SB-006,n/a,SB-AUTHORITY-SYNTHESIS,luminet-baseline-d73453f,public-error-contract-retired,split-brain authority decision,cross-cutting mechanism,authority synthesis,composed,server/internal/api/errors_envelope.go,a6b8e869f3e81c00769b278b008a72daabde1cd4df21c82b3c8f851938632840,n/a,authority convergence,many-to-one,superseded,"The shared public-error schema was synthesized during convergence, then fully retired after all live daemon/scanner consumers disappeared and zero-consumer proof made the interface hypothetical.",public-error-contract-retired,governance/convergence/split-brain-synthesis.md#SB-006,Historical evidence records why the shared schema existed; no active product route claims schema 2.1.0.,A shared error module requires at least two live adapters. Endpoint-specific error responses must not claim a shared schema they do not consume.,scripts/checks/validate_convergence.py; scripts/checks/check_daemon_reachability.py,governance-only historical decision,No live runtime migration; test-only shared contract removed from active source.,Repository-native baseline source; no external donor bytes introduced.,low,n/a,high,statically-validated
SB-007,n/a,SB-AUTHORITY-SYNTHESIS,luminet-baseline-d73453f,build-version-identity,split-brain authority decision,cross-cutting mechanism,authority synthesis,composed,server/main.go,e40d699af3b6c92d3273b2407e026b3342251530e7f23a581ea5f11bbfb97e7e,n/a,authority convergence,many-to-one,synthesized,"One link-time buildinfo contract feeds daemon, watchdog, desktop, CLI, and HTTP version/status surfaces with deterministic commit-derived metadata.",build-version-identity,src/packages/contracts/buildinfo/buildinfo.go;Makefile;scripts/build-all.sh;scripts/build-all.ps1,Equivalent source builds report one version/commit/build-date identity.,Build wrappers and executables must not link or hardcode competing version variables.,src/packages/contracts/buildinfo/buildinfo_test.go; scripts/checks/repo_audit.py,repository/product boundary,Canonical authority clarified; distinct peer evidence remains preserved under governed reference/labs surfaces.,Repository-native baseline source; no external donor bytes introduced.,medium,n/a,high,verified
SB-008,n/a,SB-AUTHORITY-SYNTHESIS,luminet-baseline-d73453f,rust-go-ffi-authority,split-brain authority decision,cross-cutting mechanism,authority synthesis,composed,server/internal/bridge/lumiffi.h,56118e90448e6ad74ae5f4e4c0260bbabbb0380ac54dc06dd8e0a128ddcb806a,n/a,authority convergence,many-to-one,synthesized,"Rust owns implementations and Cargo owns native link requirements; Go owns one checked private lumicore_abi.h declaration surface, including packed scan layouts.",rust-go-ffi-authority,src/apps/daemon/internal/native/bridge/lumicore_abi.h;scripts/checks/check_lumicore_abi.py;scripts/checks/lumicore_link.py;governance/reference/ffi/luminet_core.h,Every Go-used C export/layout is checked against live Rust and host link flags come from Cargo.,"No generated root header, cbindgen build step, hardcoded native library path, stale export, or mismatched packed layout may return.",scripts/checks/check_lumicore_abi.py; scripts/checks/test_lumicore_link.py,repository/product boundary,Canonical authority clarified; distinct peer evidence remains preserved under governed reference/labs surfaces.,Repository-native baseline source; no external donor bytes introduced.,high,n/a,high,statically-validated
SB-009,n/a,SB-AUTHORITY-SYNTHESIS,luminet-baseline-d73453f,release-orchestration,split-brain authority decision,cross-cutting mechanism,authority synthesis,composed,.goreleaser.yaml,e456c78a7cadbe8f51569ba97d3a3c87b81f73f406ed9278270ec7078d76f1c3,n/a,authority convergence,many-to-one,synthesized,GitHub Actions is the release authority for host products plus Android AAR and linked APK; the old GoReleaser configuration is reference-only evidence.,release-orchestration,.github/workflows/release.yml;.github/workflows/ci.yml;governance/reference/release/.goreleaser.yaml,CI/release build the product-specific dependency graph and publish the linked Android app as a first-class artifact.,A root GoReleaser authority or AAR-only Android release must not return.,scripts/checks/check_mobile_product.py; scripts/checks/repo_audit.py,repository/product boundary,Canonical authority clarified; distinct peer evidence remains preserved under governed reference/labs surfaces.,Repository-native baseline source; no external donor bytes introduced.,high,n/a,high,statically-validated
SB-010,n/a,SB-AUTHORITY-SYNTHESIS,luminet-baseline-d73453f,desktop-platform-alternates,split-brain authority decision,cross-cutting mechanism,authority synthesis,composed,desktop/android/README.md,6d7a47a5e6ab8704976680548cd198d33918e175fa93b6e96e589144c40b4d3a,n/a,authority convergence,many-to-one,synthesized,The supported desktop root is one Wails package; unlinked platform/prototype sidecars are preserved byte-for-byte under governed desktop labs.,desktop-platform-alternates,src/apps/desktop/main.go;labs/desktop/platform-alternates;scripts/checks/check_desktop_reachability.py,Platform experiments remain reconstructible without masquerading as shipped desktop runtime.,Unimported platform sidecars must not return beneath apps/desktop.,scripts/checks/check_desktop_reachability.py,repository/product boundary,Canonical authority clarified; distinct peer evidence remains preserved under governed reference/labs surfaces.,Repository-native baseline source; no external donor bytes introduced.,medium,n/a,high,verified
